sym,ep,spot_listed,basis,spot_qv24_musd,spot_vrel_1h,spot_tbuy_1h,spot_ch_1h,spot_vrel_4h,spot_tbuy_4h,spot_ch_4h,spot_q4h_musd,book_imb_1,book_ask_1_kusd,book_imb_ch1h_1,book_depth_ch1h_1,book_imb_2,book_ask_2_kusd,book_imb_ch1h_2,book_depth_ch1h_2,book_imb_5,book_ask_5_kusd,book_imb_ch1h_5,book_depth_ch1h_5,upbit_listed,kimchi,upbit_qv24_musd,upbit_vrel_1h,upbit_ch_4h,g_oi_musd,g_oi_ch_1h,g_lsracc_ch_1h,g_users_ch_1h,g_liq_short_1h,g_liq_long_1h,g_taker_long_share_1h,g_oi_ch_4h,g_lsracc_ch_4h,g_users_ch_4h,g_liq_short_4h,g_liq_long_4h,g_taker_long_share_4h,g_oi_ch_24h,g_lsracc_ch_24h,g_users_ch_24h,g_liq_short_24h,g_liq_long_24h,g_taker_long_share_24h,g_lsr_acc,g_top_lsr_size,g_top_lsr_acc,g_users_ratio
PIXEL,1773446525,1,-0.1907790143084287,42.699840281903995,0.2518454184698531,0.4809988716231794,-1.9485580670304037,0.40880099348244314,0.4783898947587854,-12.880886426592797,2.9092895214639998,0.058817979195760574,147.884923531,0.021769842730791196,-0.12107644195087996,0.15303406653876128,238.27809501,0.09756837615138933,-0.10014847352188361,0.17262717725522592,697.3754946700001,0.06000853612033501,0.05084692689149439,0,,,,,,,,,,,,,,,,,,,,,,,,,,,
DEGO,1773451870,1,-0.17559262510974394,13.73432611328,1.1919607250573991,0.5270669270218993,2.4280575539568305,0.8393031560750587,0.5318511923366054,8.9952153110048,1.9212105422399999,-0.29800407207907964,200.51551088,-0.27514000160941776,5.641186538985066,-0.31077749010274636,256.15504231,-0.33794279832876817,2.9568843048458895,-0.18556771716714845,485.28880021000003,-0.22312447995058762,0.9440825963661625,0,,,,,,,,,,,,,,,,,,,,,,,,,,,
TURBO,1773454024,1,-0.5689102564102488,8.631187074369,1.1497066810654737,0.5081121085456567,6.1224489795918435,0.5237297680266622,0.5171441176171443,9.281961471103317,0.7534016007090001,-0.03219828585627352,240.9240506177,-0.11006724150832621,-0.02331746603206275,0.11347363251785027,356.2443666216,-0.026105758165072226,-0.05553449282591583,0.2911712622056391,630.1196292761999,0.013010864166878855,0.009819724426644028,0,,,,,,,,,,,,,,,,,,,,,,,,,,,
SAHARA,1773471413,1,-3.2736962314427243,5.62260349393,3.472357730499262,0.5359586811997509,1.6640866873065097,3.444890923076914,0.5271582635287076,8.419314898885677,3.22820929005,-0.024403750925902478,112.49155891000001,-0.1057334668370118,-0.18267722984686507,0.08597894084303687,211.02887877,0.03239492739316881,-0.0704851463139532,0.17633660959394473,461.36448086,-0.030856958839556192,0.01781761055592246,1,3.7190615904584945,32.48148751733879,3.890698195931985,6.284153005464477,,,,,,,,,,,,,,,,,,,,,,,
MBOX,1773484314,1,0.11111111111112848,5.74978875549,1.8512872232386681,0.43041134158042477,-1.098901098901106,4.9787431637356585,0.5234662271987592,7.14285714285714,4.7711202432199995,0.09449644897624486,29.881548610000003,0.0684385073123499,-0.0722306793681673,0.22037918008536553,47.66479579,0.03921705875546844,-0.13669958913944324,0.1886689280514661,111.95497601,-0.0030103810891975447,0.0255469274965221,0,,,,,,,,,,,,,,,,,,,,,,,,,,,
COS,1773486119,1,-7.872696817420444,11.528925414054802,4.746978932799041,0.5304305580507529,14.367816091954033,4.699972173483716,0.5208177880353877,26.572438162544177,9.0309381060378,-0.10798304459881886,114.22489975500001,-0.14422813031647513,0.2856366711278353,-0.28254422969591014,256.19815360300004,-0.27496075701565165,0.21320295644882603,-0.3637383360979963,640.508393886,-0.3500220884194508,0.5089890916813138,0,,,,,,,,,,,,,,,,,,,,,,,,,,,
D,1773496933,1,-0.894941634241242,1.51176841929,6.283010370160356,0.5632027821362967,7.381615598885793,2.1977168543846006,0.5506129870043798,9.517045454545459,0.5537398224999999,-0.2512208618976585,20.007166607,-0.3185896617441721,-0.30518922500909507,-0.14851290798480069,31.177447704,-0.21275068991756513,-0.3380450660997881,0.06159012391959189,63.603434635,-0.21082894037242972,-0.1582632359188284,0,,,,,,,,,,,,,,,,,,,,,,,,,,,
DENT,1773497845,1,-2.8112449799196693,3.339572703063,3.0360071110213327,0.5242743223527299,5.957446808510625,1.4280739332615244,0.518123073773671,10.176991150442483,0.7948594542459999,-0.5186213612791976,63.130846561,-0.51758358074277,-0.31504414562558425,-0.27398730790545495,116.950246836,-0.31565128415015953,-0.2045925054064478,-0.19048175776426943,291.34140089500005,-0.2255330807963642,-0.09961355667357175,0,,,,,,,,,,,,,,,,,,,,,,,,,,,
C,1773510089,1,-0.29141104294477804,5.32178731834,2.782960729076959,0.581040341445897,5.672609400324147,1.177767533257059,0.5601426794525304,9.395973154362402,1.04463805374,-0.12655472931450226,62.555665229999995,0.24991376438035393,0.12562115802399165,-0.18183758098113273,147.4117726,0.29825381423462716,0.05440271564919863,0.0900240628868452,376.90135635,-0.04676028468895327,-0.10279177862057509,0,,,,,,,,,,,,,,,,,,,,,,,,,,,
LA,1773512795,1,-0.1707941929974366,6.9763868032500005,0.8108445701440685,0.5019211941791789,-1.6792611251049583,1.5925076539827674,0.5097437809502547,-14.055045871559646,1.8516582302199998,0.19721611535426636,85.22833103,0.11463264308240784,0.2343047516398078,0.14733099510646827,153.18673115,-0.05225670834614812,0.1592398462813367,0.23209773151231136,329.66541408999996,0.02478279560313329,0.09846969814890838,1,-0.3830041821763164,13.428810028644394,0.5691174048329614,-13.567839195979904,,,,,,,,,,,,,,,,,,,,,,,
PIXEL,1773533177,1,-0.6336311941510964,17.198418093299,2.672427974984742,0.5547459272853937,6.029285099052539,1.3813907256678857,0.5315798013263641,9.034543844109844,3.959622541707,-0.12052575880803922,123.192680502,-0.3320763270094317,-0.13007467194173905,-0.03372075265902079,188.028232347,-0.20187914543676594,-0.16446442547703122,0.11852829799644284,627.755054985,-0.09394708700866485,-0.12995120914188307,0,,,,,,,,,,,,,,,,,,,,,,,,,,,
COS,1773576077,1,-1.3765978367748177,42.6053739092261,0.335448918996998,0.4811404032454485,-1.4534883720930258,0.5595263127114429,0.49844257155000216,-1.9286403085824522,3.9731379608536,0.09881424329950701,74.749401413,-0.032032828669504285,-0.19535175095619772,0.1482881212933898,112.489872351,-0.05809623174228634,-0.1865182847424498,0.07758412198254667,305.366161096,0.02985953933112695,-0.05733201080898753,0,,,,,,,,,,,,,,,,,,,,,,,,,,,
NEO,1773580598,1,-1.3879485443466621,13.697147974509999,3.5180731512104337,0.5224496146628165,-0.4716981132075415,5.667602339728473,0.4982842654930213,11.136192626034624,12.938331317989997,0.09100875959489023,298.96419411,-0.029020631062903215,-0.09979372251849106,0.10193902214154274,552.8607321000001,-0.13786504105999497,-0.01064798071257489,0.16621458230400943,828.0356447199999,-0.034673250808528316,-0.08087924424301152,1,2.497198106948084,39.43095925486679,4.919838488805354,11.201011378002534,,,,,,,,,,,,,,,,,,,,,,,
LISTA,1773593181,1,-0.10146561443067359,5.42612781208,0.2562808480891525,0.41902409896057025,-0.3370786516853852,1.4477101825747014,0.5036151110431296,-16.241737488196407,1.3092434142500002,0.3082674358076844,31.72365246,0.6674595511956309,0.7934133702100175,0.19698648745714842,65.29661251,0.4048889607436522,0.22829571318909747,0.17008069926023986,212.95588644999998,0.052804355940758,-0.0373979207490901,0,,,,,,,,,,,,,,,,,,,,,,,,,,,
THE,1773596798,1,-0.04458314757020965,65.89316281032998,0.28727318271376817,0.4536523428463296,-1.1894273127753374,0.8849187739444615,0.4381754853133653,-5.993294216261525,9.71834947424,0.2856257704787071,124.43941558,0.30173023028127627,0.7575785306563751,0.3622768424095325,224.95269503,0.22362593326272648,0.5559284277525587,0.26442118411806886,616.38444567,0.04315686550217887,0.13113491454500603,0,,,,,,,,,,,,,,,,,,,,,,,,,,,
C,1773605449,1,-0.18918918918918726,29.388650928449998,0.3959746673235185,0.45873467856348343,-3.394255874673635,0.3679503074008686,0.5063820013714231,-8.529048207663791,1.8022605238700002,0.32587353218214604,54.33901596,0.26683862172437034,0.11427419872718225,0.28552887607939614,140.26087719999998,0.09565726962417409,0.01984816477266249,0.20618608913345382,558.4503225200001,0.019723221118030265,-0.019380990858964386,0,,,,,,,,,,,,,,,,,,,,,,,,,,,
GAS,1773619854,1,-2.8921023359288145,6.3716326449,4.8417296566984005,0.5317411945871766,10.036719706242359,1.353205256065939,0.5376125058578017,11.05620753551575,1.4370211308000003,0.02780764227364477,45.2500182,-0.21653911541250712,-0.2687179605418788,0.03347101990051777,157.20412409999997,-0.09571470710701804,-0.1753601656048004,0.2471275542397776,385.9976266,0.011110703996617344,0.44451845082112773,1,3.186482922110012,23.99325691459858,6.842251795498433,10.724759111855885,,,,,,,,,,,,,,,,,,,,,,,
G,1773636375,1,-1.3566739606126976,6.29485005492,1.9188871103671603,0.49517717934161753,-1.5086206896551713,4.052629116050361,0.5243245895854578,6.279069767441858,4.251782102290001,-0.24840571572597478,114.014125054,-0.22316627925451793,0.06365761537774173,-0.048196017098192045,213.29999933699997,-0.1288547615386978,0.18013069259239312,0.08269628686602866,611.852354696,0.02693495204324655,0.09093121444953778,1,0.01924727421072081,22.602682173530482,1.9025240414206304,4.258675078864371,,,,,,,,,,,,,,,,,,,,,,,
PARTI,1773664301,1,-0.03260869565218094,3.0657881918000003,6.725308468532669,0.5772327979488114,5.263157894736836,2.61281136520946,0.5774609445117923,10.179640718562876,1.3350543718099999,-0.004813461511951408,37.29718076,0.08505401128862353,0.534068524267372,-0.012370869899087939,68.4088986,0.11086117512411191,0.49607564988182173,0.05175747800980247,147.26400284,-0.0981915275852478,-0.04123916777726755,0,,,,,,,,,,,,,,,,,,,,,,,,,,,
ME,1773675704,1,-0.40128410914928025,11.117021422538999,0.46883288520583194,0.5071162301920044,-1.1895321173671536,2.5543888909069326,0.4873466160471858,-12.928022361984626,4.732866003618,0.16258568207134128,128.35756047,0.06183439674751619,-0.23360953172800847,0.14318244682390724,227.31156464999998,-0.04298610253066068,-0.13356661641674628,0.1594750084138477,454.38577607,-0.022313122812504638,-0.032700732533490484,1,1.3414873972273922,27.074641301715612,0.311947616801549,-8.866995073891626,,,,,,,,,,,,,,,,,,,,,,,
VANRY,1773704516,1,-0.1929570670525793,5.4081712100159995,2.281702495306079,0.49129120451651787,-5.672683148794178,5.647984840755742,0.5463953097812733,15.14534345491574,5.090878168397,0.16353901514945318,57.332352402999994,0.23827661119210974,0.2676419250772406,0.18616272303860434,97.96790023499999,0.266869945966822,0.14962546999346427,0.2115278132941441,237.765568815,0.27782040139409736,0.12874648527514343,0,,,,,,,,,,,,,,,,,,,,,,,,,,,
DEGO,1773717403,1,-0.08982035928144505,17.360882291560003,2.3670841231138455,0.4955314876356682,0.30030030030030463,2.44614731433468,0.5226483145552111,17.295873573309926,7.07787926533,0.6524168913039379,78.5225167,0.42167624289491124,1.8058163183332647,0.6025103796803488,116.20046449,0.43258586917623776,1.2180258253467886,0.4334346740455074,306.19823885,0.2126268958689487,0.6172671424644491,0,,,,,,,,,,,,,,,,,,,,,,,,,,,
ANIME,1773722826,1,-7.0014556040757014,11.977992014863,3.4562069318542203,0.5168796339195684,8.018867924528305,4.0954950692664225,0.5113432132825452,20.73813708260106,8.175967872764001,-0.09655821144808782,115.709503467,-0.09476530883669282,-0.2951660044530877,-0.07733276067795299,229.778471108,-0.2514124587475806,-0.26967707322047096,0.16022962159425663,579.90229876,-0.05400902529988838,-0.08081185880093433,1,4.594285364067385,57.18134869423996,3.596044219353299,17.30310262529833,,,,,,,,,,,,,,,,,,,,,,,
G,1773722826,1,-1.3052208835341306,25.1139381011,0.4483942169303494,0.4393060295793448,0.809716599190291,0.38749911653615765,0.44996254653763706,-6.214689265536711,1.6219381378199997,-0.13481896158041373,161.450375938,-0.06868198430336414,-0.18108605448672777,0.02290106341978447,259.36503611,-0.07468787190623286,-0.01860418596282787,0.1854569414651744,772.787098891,-0.05760636272230238,-0.05886929305480604,1,3.3200022406747465,148.20110362679554,0.19287512079137123,-10.752688172043001,,,,,,,,,,,,,,,,,,,,,,,
CVC,1773739559,1,-2.7582324795947133,0.99048289577,14.451942717488325,0.5791461642195147,8.389261744966458,4.792617602235003,0.5575105772051221,12.082018927444803,0.7911676268300001,-0.3573779338973355,27.14266041,-0.375577157609024,-0.056224424772759574,-0.3954050488931097,58.82418783,-0.536989326218521,-0.45064150802141245,0.046664547350941936,191.6502975,-0.13041359429763313,0.104938878795374,1,1.6458583727832377,5.116903615242701,18.426086163334737,11.158798283261785,,,,,,,,,,,,,,,,,,,,,,,
RVN,1773740819,1,-0.16583747927030323,8.199099291771,0.6205383243481891,0.40369613025986056,-3.8277511961722577,0.9686550797372417,0.48196062780700794,-8.07926829268293,1.3236831963740001,-0.0929256211037074,108.57110729,-0.3308542923115687,0.044158168139566856,-0.05370799410482248,236.36746995,-0.20003795222817622,0.06873076376368492,0.26513592475862313,465.95993113,-0.0682462652058522,0.0702082960517687,1,0.00563094768850636,30.91179020154738,1.0969936805548668,-10.75376884422109,,,,,,,,,,,,,,,,,,,,,,,
F,1773743728,1,-0.35000000000000586,6.825215357609999,0.606999436772458,0.46400327096453625,-2.1207177814029365,1.2529632443091998,0.49631110237248616,-8.675799086757996,1.4252906629300002,0.3871816789329489,51.540313686000005,0.28075849650966395,-0.06280351032949738,0.1343420857927734,162.469029959,-0.007647954252543693,0.09863155866390061,0.1034066003479012,315.357572147,-0.09572970701569328,-0.20854072857669737,1,-0.1700169201056312,31.942163103862256,0.4518039306942094,-9.175257731958752,,,,,,,,,,,,,,,,,,,,,,,
GUN,1773746740,1,-0.44296788482834915,2.80037439347,3.5135366519503237,0.5175515688584353,6.048150322959489,1.4165751039326153,0.5169184064053578,9.189842805320447,0.66115677458,0.07439117098508605,48.94178494,0.019919851929809107,0.5579643551133011,0.1294067988247389,96.34296915,0.051499644911918344,0.16942945628919293,0.0821725536138828,358.21110046,-0.03003352592385572,0.24760311573091576,0,,,,,,,,,,,,,,,,,,,,,,,,,,,
POLYX,1773753100,1,-12.282282282282287,11.960464576209999,3.880399427861247,0.5529901939097602,13.265306122448983,4.720796727773247,0.5253871818399042,22.878228782287845,9.41048700567,-0.2962517401714716,268.75355773,-0.030040823804757033,0.3588852740697852,-0.39814645890586475,546.25967868,-0.2687427922354587,0.39273198745299376,-0.09811878669626085,1112.9806869000001,-0.09169441609577958,0.2722068267015305,1,6.1860635143525355,68.94831167640922,5.800013708047315,13.242574257425744,,,,,,,,,,,,,,,,,,,,,,,
HYPER,1773759087,1,-1.651527663088359,9.21799353452,3.6025925098643756,0.5265036092485104,9.89110707803993,2.496946298747706,0.5201799942720698,15.885167464114836,3.83613913965,-0.07433541105150147,98.33959390000001,-0.176581680564581,0.12812504644597067,-0.062313047963472104,176.6753815,-0.22839347599183896,0.2673923251366519,0.01723971214436337,603.0889267,-0.2976143906480982,0.23177950097943767,1,-2.0241134606336364,21.535733612561234,4.455016797581904,11.688311688311682,,,,,,,,,,,,,,,,,,,,,,,
VANRY,1773791448,1,-1.9030702867292582,14.584639144764001,2.028934032800085,0.5292915795585753,10.562491232991999,1.2599908550380083,0.5291312051393922,9.138742730545557,3.062751991072,-0.21141965122170367,99.478357969,-0.5014551083514195,0.4052217337657287,-0.18498240947221914,162.609254272,-0.3835043232957507,0.13451904218273847,-0.1447028484618789,387.437965965,-0.31579431396519586,0.20225633311043745,0,,,,,,,,,,,,,,,,,,,,,,,,,,,
ENJ,1773817405,1,-4.212299915754003,7.094738241846999,1.9129592690059225,0.5118484215419113,8.899082568807337,2.088513459382332,0.48890138217830875,12.033978291647006,2.469576051482,-0.030534687686206114,71.95212192999999,-0.06625558341128636,0.2833469059286564,-0.008108758347515193,122.88875943000001,-0.10860372797388175,-0.02180168724252418,0.36124582811935835,286.85349348,0.02433097701564979,-0.04905928368820456,0,,,,,,,,,,,,,,,,,,,,,,,,,,,
ROBO,1773818742,1,-0.2054091064703889,37.35699681129999,0.8021231651741346,0.5081330925871186,0.4815961472308228,2.4565551985592413,0.47975043538034184,-17.671927846674173,15.294920786559999,0.00910361959551437,116.41291009000001,-0.07873648260809704,-0.3035215093441235,0.09489614372940011,182.22512882,-0.0428424682167349,-0.27746089733599555,0.18079385543809087,333.92117090000005,-0.156136253161375,-0.3480278302847877,0,,,,,,,,,,,,,,,,,,,,,,,,,,,
ANKR,1773833481,1,-1.0370370370370474,21.08140914348,0.67392876121329,0.5064618700217746,-4.085257548845456,0.9405813709423021,0.4911732491911003,-7.849829351535831,3.304796785595,0.31865915749574514,121.819718374,0.1834741773622498,0.02396567570559549,0.2941161582593407,205.08864519800002,0.030856543081943022,-0.2246833289437432,0.24194432864219512,539.2544165310001,-0.01244079781779639,-0.17669248025854256,1,0.3904353455251641,57.9530306871313,1.668738076989757,-9.670079635949936,,,,,,,,,,,,,,,,,,,,,,,
LRC,1773835590,1,-0.6092916984005936,3.60048347907,0.9495224588457367,0.49559206231364933,-1.6847622613253566,5.118243653949486,0.48753206649005265,-12.75747508305648,3.07135861965,-0.006778170572285294,25.94160765,-0.0628979625383798,-0.29202653880387286,0.12812434409320705,35.67523724,0.06509930358112982,-0.24567610255621064,-0.04628939845990622,111.30761842,0.011198605568708768,-0.029045363069076346,0,,,,,,,,,,,,,,,,,,,,,,,,,,,
HOT,1773842508,1,0.22271714922048602,6.399816865738001,0.8861528935206522,0.47689277546848735,-0.22222222222221255,1.3892580821024363,0.47399359202271746,-7.42268041237113,1.4818328841169999,0.1753673173182099,20.847278128000003,0.13730685312756524,-0.09075769569271719,0.09817740636210205,74.272901116,-0.0693973537781082,-0.0018703095008273385,0.23954571154866372,175.88743740500001,0.022954348543785807,-0.12844186460564644,0,,,,,,,,,,,,,,,,,,,,,,,,,,,
NXPC,1773849708,1,-0.29663810151615566,9.01908788332,0.6388991694400535,0.5486438425055264,1.983193277310935,3.1120306463925993,0.5043117348058149,-12.966150315547909,4.6779463159,-0.09939152256094032,66.2645545,-0.07240751426935811,-0.35952489625242867,0.10671940701966286,129.3093198,0.00958199481560891,-0.016410748813828202,0.14484834557274026,348.15119150000004,-0.01799424087571619,0.08671929315958771,1,-1.1603639702813306,32.56565778160107,0.35574787196381974,-13.953488372093027,,,,,,,,,,,,,,,,,,,,,,,
KITE,1773854166,1,-3.3653846153846034,20.897378469789995,3.830055770803309,0.510440616429357,5.852417302798973,2.2859635212148244,0.5056556072439424,10.462028677642055,7.96177414516,-0.03728136195837762,80.4529129,-0.11290818378196801,-0.054664133516032165,-0.10234641076671748,151.12165603000003,-0.17665458471297196,-0.04735785697230677,-0.027440193552835515,305.07994916999996,-0.15358586775237748,-0.05194261898758967,1,2.2515455069665125,12.173158334427699,4.2267951416292,9.31899641577061,,,,,,,,,,,,,,,,,,,,,,,
KAT,1773873635,0,,,,,,,,,,-0.4124852478719143,82.12148161,-0.46845508868476615,0.13860875609310064,-0.1541158503409562,120.17250127999999,-0.3101429954685412,0.1705294734408047,0.2958611900445236,163.79722730999998,-0.06527383418346999,0.21361474831652383,1,,,,,,,,,,,,,,,,,,,,,,,,,,,
BARD,1773875192,1,-0.6321112515802696,33.83233140428,0.7650667683139778,0.5645036931631074,6.06376638855779,1.1930059079592112,0.5230451089515505,12.074937027707811,6.72702854089,-0.18844680616240184,152.8734448,-0.25567743126286113,-0.12678734030438976,-0.12014807976558686,239.5476165,-0.16681720975837477,-0.09346471734691575,-0.15444058519229847,540.106123,-0.22634239224345087,-0.0068631087206535435,1,-0.2760518594951411,99.53354821123249,1.0793152767790666,11.595744680851073,,,,,,,,,,,,,,,,,,,,,,,
THE,1773875480,1,-0.5134788189987138,5.7604141247000005,1.7858457340922087,0.532173956090055,3.728362183754985,1.400738325941144,0.5057030936177845,8.647140864714075,1.3448054729599999,-0.15872087237252383,92.80832991,-0.06545191870707284,-0.05806703995652429,-0.0005470217785591549,144.18504784,-0.037077902641170696,-0.037477782849200336,0.21126317043012055,391.87222822,-0.026277730908361857,0.16240913888600272,0,,,,,,,,,,,,,,,,,,,,,,,,,,,
FRAX,1773900390,1,-0.17709563164108877,1.83512169133,1.0714519237004765,0.5509605125101027,-1.4161008729388858,4.538159993381282,0.4936903280057401,-9.185132237312366,1.38801264043,0.2293398599455447,11.6262806,-0.28285380021655504,-0.4285770787920069,0.25138854787497233,29.1945637,-0.11246420784851135,-0.254082211609849,0.2819246496540868,89.86975659999999,-0.026604031067941347,0.02328080118721787,0,,,,,,,,,,,,,,,,,,,,,,,,,,,
ENJ,1773903933,1,-5.934612651030557,24.276572757423995,1.2276181747059072,0.555565665202233,10.656704679512385,0.5710909205694292,0.5200440982126756,14.250913520097441,2.3106883807179996,0.01875695345588845,184.39884565999998,0.1136444757699969,0.0882934747382833,0.060398483762181994,278.58842327,0.07472856747031129,-0.026170452879749284,0.15024394259964186,701.7193898,-0.024901108806230005,0.0005825816025528674,0,,,,,,,,,,,,,,,,,,,,,,,,,,,
SAHARA,1773906396,1,-3.6624775583482982,14.561794575890001,1.8683468674613664,0.5385682701899533,5.332829046898624,0.8986723418916369,0.5327781865732898,11.355457816873237,2.1810470056100004,0.012141161855003075,123.49785088,-0.05828638897585869,-0.06443728906703827,0.009353809956399008,246.35168212000002,-0.14174521669814558,-0.03248731114548464,0.05192777029956114,590.92985366,-0.14023877634249132,0.10896406388516566,1,4.7014455812984135,59.75832285051912,3.2566450296404064,12.064343163538883,,,,,,,,,,,,,,,,,,,,,,,
DEGO,1773923478,1,-1.0505319148936154,30.9752256119,1.9095970005395473,0.49450822522889987,-24.42211055276382,1.8074831846890875,0.5385612455143206,-17.72428884026258,9.331199905910001,-0.03344557085847704,45.095251559999994,0.21971573992037585,-0.2806340928236657,-0.028380502093788798,80.15471126999999,0.1176204392781766,-0.18110681024599573,-0.012316635519138152,265.35334394,-0.11790576929501653,-0.004701751484614269,0,,,,,,,,,,,,,,,,,,,,,,,,,,,
KITE,1773947820,1,-0.1266439357038518,49.57662982658,0.4129664382112426,0.5331282493509887,2.291978076731449,0.37878352792734477,0.5127908848301108,6.428201140487322,3.1298017914100003,-0.058583511720068975,84.22011332999999,0.012199573773476531,-0.10899006523267452,-0.06732858804662926,174.47246661,-0.0849361550194413,-0.10164708105706288,0.022419028254569272,384.41141097,-0.040066473238847905,-0.013952480586610583,1,-0.15132182514157044,11.223871960642718,1.3909633292317605,7.446808510638303,,,,,,,,,,,,,,,,,,,,,,,
PHA,1774000346,1,-1.8271604938271735,12.4541274894,0.9350344878283416,0.4406190460399766,0.496277915632759,1.5561402391050747,0.4673220621385694,-8.783783783783782,3.2300614881999996,0.16273907039840732,73.12713885000001,0.045734763426131114,0.19401464143219993,0.09439898494183602,160.60705049,-0.08430338091174722,0.34314494089874503,0.16305685204314316,338.61398267,-0.019633110427094896,0.10269202248561893,0,,,,,,,,,,,,,,,,,,,,,,,,,,,
DEGO,1774010166,1,-0.24875621890547706,24.844366169329998,1.0610276260724947,0.4688179743490893,-7.586206896551717,0.510945208935565,0.4720634939267079,-13.733905579399142,2.1156849772100004,-0.17179046036683737,45.513862159999995,-0.4836732685924356,-0.2530894190049975,-0.08429298099674033,86.22040016999999,-0.43543200267067084,-0.12271333378178817,0.12281445805424397,187.15437161,-0.03657308330874624,0.07667037268152499,0,,,,,,,,,,,,,,,,,,,,,,,,,,,
SAHARA,1774037492,1,-0.29821073558647937,6.991430575610001,2.075287877965387,0.5272263596110444,1.479488903833226,1.7937457699300425,0.5421864963563638,8.522114347357057,2.09014150346,0.10063177182097706,137.71886817,0.27860207001714327,-0.1459769343200037,0.13323611480734407,273.69495954,0.19173402615962562,-0.009906199628243906,0.11658623194080854,581.2414429500001,0.1485570183397935,-0.052208406933197726,1,-0.32130284719211755,31.928242230826417,1.163271424483707,7.932692307692291,,,,,,,,,,,,,,,,,,,,,,,
PIXEL,1774038099,1,-0.31347962382445305,5.376822887055,0.5755678596761529,0.49138243363709816,-0.41623309053069324,1.9277370741678241,0.4795221480785839,-5.528134254689043,1.727516803435,0.027410196856870104,138.719547704,0.1319226858804818,0.41391137475846995,0.14486430453057836,227.34520392500002,0.05197436753985091,0.07801471390230375,0.18033979337360914,502.483432491,-0.04284804929981484,-0.08531555543525182,0,,,,,,,,,,,,,,,,,,,,,,,,,,,
ANKR,1774051290,1,-2.010582010582007,4.506060094993999,3.5968253841757925,0.5190587064009314,7.1833648393194505,3.7626807292192974,0.5008763048894076,12.94820717131473,2.8258109140229997,0.006329843522669342,105.258192683,-0.1480033715682664,-0.2533016468786672,0.01344056978980049,160.813084879,-0.04916973631383252,-0.35723939053296583,0.08450222419978226,360.39799373799997,-0.10492944752482125,-0.32252659876859124,1,6.404313306238096,7.831829508384451,15.769254828021674,16.600790513833985,,,,,,,,,,,,,,,,,,,,,,,
HUMA,1774122386,1,-0.2012987012987022,3.16408331515,2.169195387800533,0.4186476139321799,-2.4081115335868097,2.065397658376827,0.44423086427712277,-8.551068883610458,1.0891817116699998,-0.09322715829858587,64.08799188500001,-0.1735131718578627,0.06360040487272611,0.22000580576321313,97.72943815699999,-0.011446134615127918,-0.005449921282782766,0.2620776370544667,310.962243741,-0.031205239826514186,-0.018596751604890716,0,,,,,,,,,,,,,,,,,,,,,,,,,,,
PIXEL,1774137392,1,-0.5287356321838965,4.313533905031999,1.5644958943309704,0.44890854040704803,-4.290429042904309,0.7851590624543554,0.41833306496137374,-7.83898305084747,0.56446837279,-0.18451758541190205,132.98921733,-0.27386109946217907,-0.08380251367485814,-0.1473899289301561,187.983149086,-0.2934569632533731,-0.26170875883163536,0.13628564069427188,416.97885412,-0.165736080597251,-0.2504869145439724,0,,,,,,,,,,,,,,,,,,,,,,,,,,,
BANANA,1774162287,1,-5.049261083743839,1.10629519596,6.880234715830049,0.6279816581811174,12.777777777777754,1.9321231141071367,0.6185502843070756,13.725490196078427,0.35624975319,-0.02940165857855593,40.6220329,-0.15174237657070852,-0.29741956909631717,-0.003372986087170196,99.5084018,-0.23885673136892083,-0.22971089330809968,0.1779099866923427,231.119776,-0.16631239846927903,0.06864144369806069,0,,,,,,,,,,,,,,,,,,,,,,,,,,,
DEGO,1774166219,1,-0.4155844155844135,6.138696948410001,0.8149492462070096,0.34291593131694564,-2.2842639593908642,0.8155696241132665,0.3675379798153235,-9.198113207547165,0.83442246046,-0.07159953962309072,33.49791255,0.009299395909608751,0.19578335848183848,0.2118055778071888,64.68795702,0.2303660162141506,0.5245265619847745,-0.026892653133992354,241.70844221000002,-0.124880281865478,0.3060211058557625,0,,,,,,,,,,,,,,,,,,,,,,,,,,,
BANANAS31,1774179146,1,0.30204636411690355,14.992611432553002,3.774872999103849,0.5081454927216368,2.579395817195973,4.2117266782074845,0.5157177304647798,19.424655063576513,10.524130257747,0.11937617649585686,70.66834468799999,0.19329202297673512,-0.044979879941891565,0.12704365588399605,123.70690894399999,0.13917296523768866,0.01642151666850955,0.03387221180862711,392.87825745500004,0.12584534178212473,-0.06673858913068254,0,,,,,,,,,,,,,,,,,,,,,,,,,,,
COS,1774218123,1,-1.9208381839348032,1.7940245843668998,5.178647266259733,0.6217126649955957,11.197411003236235,1.8499955055957231,0.6145244970944186,10.624597553122994,0.5531562363345001,-0.14857466596382413,31.085386915,-0.4021615267112911,-0.14656158562697708,-0.15795167595253407,63.513547814,-0.4650270066006827,0.0637995659559758,-0.023122795589576015,109.786319976,-0.17088242062334907,0.3968903267355308,0,,,,,,,,,,,,,,,,,,,,,,,,,,,
TURBO,1774232524,1,-0.3132728771640725,9.181110263895,0.7612000702140708,0.581485027473469,2.2765598650927643,0.571934521870813,0.5606808565518264,8.40035746201968,0.875165651504,0.1564365726657749,244.5919208378,0.033724727053814726,0.0101878255323673,0.2130510663762015,392.7804504257,0.021111369242304667,-0.006453687008930786,0.3706550480578465,581.8955566824001,0.013395489639409952,-0.01215338458108639,0,,,,,,,,,,,,,,,,,,,,,,,,,,,
GUN,1774241462,1,-0.14129282938890597,7.901715164920001,1.5552334833730261,0.5345870494015817,4.542097488921715,1.2056171321529086,0.5188221234844071,7.888719512195119,1.58774052937,-0.07997800139871908,93.03773360999999,0.02422637920540309,0.41939606739515467,-0.09620549396620502,225.52106006,-0.030477218377910176,0.2837354633189406,0.04644025570698387,536.84416092,-0.12545002139144587,0.22515096092932319,0,,,,,,,,,,,,,,,,,,,,,,,,,,,
DUSK,1774351336,1,-0.44303797468354666,6.881115680100001,1.582225394333405,0.4883025557120637,4.204451772464979,1.8427974654272516,0.5023679565551972,10.586176727909024,2.1134170891,-0.3797580874077097,142.37279228,-0.5208488947437389,0.14668516959123834,-0.1734159010474246,232.80008023,-0.43864630215334954,0.029958358544820873,0.06591785472082154,493.15378284,-0.1439104488334851,-0.18462005788135527,0,,,,,,,,,,,,,,,,,,,,,,,,,,,
IOTX,1774353729,1,0.0,1.8122482208600001,0.7791704151266393,0.45943868388077963,-2.025782688766109,1.3202322539815214,0.533169257776154,-9.215017064846409,0.3987647589,0.027780979916225905,25.397440600000003,-0.13836554766616008,0.3290325060159043,0.27062534700801233,50.12775613,0.012895709875927086,0.31479405208128597,0.4350380790079538,85.65574185999999,0.11929950533967454,0.2774217796767673,0,,,,,,,,,,,,,,,,,,,,,,,,,,,
ONT,1774364496,1,-2.0072704283230713,17.079904004240003,3.0456362597381395,0.5057067415186003,-1.0633307271305736,4.309080794637341,0.5247411336527061,7.3100407055631145,12.26644771982,0.12966869380681237,306.41731709000004,-0.02566170168704976,0.5282565585915897,0.09124484054947926,706.91720655,0.025099575338432628,0.6634337309206924,0.17174431594985776,1365.0418501299998,0.07621672642305992,0.40421747816380593,1,3.8178164768921663,55.878032468592274,2.694518845226456,4.798255179934552,,,,,,,,,,,,,,,,,,,,,,,
JTO,1774409488,1,-0.25810151993117536,4.384387498400001,3.6545596442666826,0.5745514339988369,3.287914691943117,1.5764544904441786,0.5347846635982787,7.6566841617783155,1.1519645599500001,-0.05614251870401879,212.6384831,0.04258851563661531,0.04087223008869301,0.04184752341944943,479.7806798,-0.052098671426472565,0.08096896537296483,0.22427250016831865,833.8815896,-0.05242584764501759,0.07274717356362426,1,0.9794233227009563,9.303707950388972,6.232915825568099,8.939708939708947,,,,,,,,,,,,,,,,,,,,,,,
C,1774435266,1,-1.302460202604916,15.728169856189998,1.1123542198467884,0.5468655552992524,9.508716323296351,0.724322401122623,0.5308237206510452,13.278688524590155,1.8987109592499998,-0.29272331241028204,129.91182524,-0.3700055518656957,0.06100501522213109,-0.21462681666121763,202.4143994,-0.21862107630484948,-0.03347526809049228,-0.11229498543944222,503.93288368000003,-0.28052651790080213,-0.12486274791488738,0,,,,,,,,,,,,,,,,,,,,,,,,,,,
COS,1774453874,1,-0.3783102143757877,2.120365200886,4.286806298138965,0.5757873147287674,6.300268096514738,2.172551287669652,0.5391451653601741,8.5557837097878,0.7677670245858,-0.06024821720846951,21.311528265,0.008968892619240582,-0.053103715433656884,0.11736125428532396,33.118361388,0.012556453845987983,0.009648550500530817,0.07776534390293902,74.92087052900001,0.16369236508456647,0.3656299598538708,0,,,,,,,,,,,,,,,,,,,,,,,,,,,
PROVE,1774489871,1,-0.5950297514875857,18.60924730272,0.5969022702329517,0.3634861795590345,-3.3164128595600584,5.331370954584427,0.499078299414721,15.341138473960436,16.5354667594,0.04547397870983276,206.92078053,0.005993408144928297,0.11735545691467819,0.1833352095124941,301.57310283,0.042591081257746854,-0.04002471522753781,0.24090946411726843,588.8284856500001,0.023174285103810283,-0.013273412693397657,1,-0.13660558669742473,24.954918764932827,1.1365845393098288,14.905149051490518,,,,,,,,,,,,,,,,,,,,,,,
C,1774524692,1,-0.3066439522998343,6.438230916069999,0.9382837579499953,0.3656470142434839,-0.6768189509306244,1.0490683398542715,0.4398240345307543,-9.413580246913567,1.1256907031199999,-0.07374151895690888,62.62611405,-0.1753155661184812,0.07049258324677932,0.021010576087477823,108.10006733,-0.17766835258369415,-0.0003700175296564856,0.3023044758926108,279.78553512,-0.07309007023590597,0.04370458324009685,0,,,,,,,,,,,,,,,,,,,,,,,,,,,
KAT,1774527656,1,-2.50847457627118,40.883623498720006,1.1972853010842475,0.5297206663831405,-0.13540961408260443,3.566558737690293,0.49310144740990386,-17.41321388577829,24.3023074363,-0.2642167061170221,251.45224807,-0.3496330587465163,-0.057138391666222255,-0.20617392134677767,487.53440098,-0.11844675732407163,0.19624881425999297,0.07291364352307458,932.30761442,-0.017870971103480238,0.05649665479418542,1,3.109371763382951,31.158882864815382,3.7022942168616284,,,,,,,,,,,,,,,,,,,,,,,,
HUMA,1774528546,1,-0.666666666666671,3.2997705455400004,1.4938869019552696,0.5382299310227742,-2.926280247608326,1.3013315352074823,0.3687229207998073,-9.827496079456344,0.71568257831,0.28379040615082385,39.376241446,-0.049478106128617416,-0.24903110150458074,0.16099081002667512,104.55211883999999,-0.16368314166449863,-0.15303470215777915,0.21159348818885262,326.83566419600004,-0.12805316268285263,-0.06755784931395115,0,,,,,,,,,,,,,,,,,,,,,,,,,,,
PROVE,1774576898,1,-0.400582665695548,11.436974793529998,0.2656338923365164,0.506662500989938,-0.7589447054571652,3.1660602933325004,0.4906381020395438,-4.586518415566365,6.0350252949400005,0.12241330870292615,137.46049789999998,0.13196752402928907,0.017377257853521844,0.1930039361967532,292.72997458,0.0755094393045835,0.12629990698936178,0.31851221024779464,591.06454548,0.0739560452931034,0.10293498483670005,1,-0.28253282366629273,26.709768876244745,0.8615234323446181,-17.13709677419355,,,,,,,,,,,,,,,,,,,,,,,
STG,1774578391,1,-0.5686433793663737,3.78641717507,3.8058065122033455,0.5752934021426722,5.078958600085359,3.83885431046601,0.5463615253902703,18.25168107588857,2.4225839822900004,0.0874060623282027,70.54042539999999,-0.1574611471904352,0.21731643802894207,-0.05250888211452603,150.3591519,-0.26342804910943457,0.10648442321848228,0.09547478094996846,429.5537152,-0.09090649976095146,0.022973960893881706,0,,,,,,,,,,,,,,,,,,,,,,,,,,,
KNC,1774601439,1,-1.953125,5.714830630240001,2.647225589144829,0.5442652539079889,-3.239740820734349,3.575553003474027,0.5408002354582533,15.093127809890806,3.4056133040500005,0.10398112756613469,112.0836867,-0.12850142939251868,-0.19046727857976853,0.13790332159184002,178.01057740000002,-0.19627540614183583,-0.2031307914190026,0.21143032330456626,515.1038858,-0.08191537784946587,-0.014844202476311352,1,1.7015421343838932,30.31689453062932,3.9741775573334044,15.384615384615374,,,,,,,,,,,,,,,,,,,,,,,
C,1774616163,1,-2.8391167192429068,13.129346222560002,1.5830442519221954,0.5110190812830567,5.666666666666664,1.8569270562952878,0.5324227549084378,12.146226415094352,4.06337303869,-0.1514272675903875,118.70638368,-0.25078524405902003,0.12822371945266786,-0.4493800933476567,347.51099042,-0.5810939995588092,0.596812139362048,-0.45346483487762995,807.52816235,-0.3212969917470768,0.18325273211521642,0,,,,,,,,,,,,,,,,,,,,,,,,,,,
PIXEL,1774654026,1,-0.022522522522527844,10.417623919794,0.41454632852338513,0.5083949361792476,-1.442841287458374,0.8591390423628368,0.48265116541446096,-8.074534161490677,1.4916979063579998,0.12838597430193943,121.45437424,-0.13110638881278935,0.37545702308064777,0.13327807663483482,216.07417229799998,-0.1183382290532598,0.13437577458981864,0.3396464327699889,420.942922331,-0.03843706342600295,-0.1068026738833755,0,,,,,,,,,,,,,,,,,,,,,,,,,,,
ONT,1774674072,1,-1.8416206261510193,1.9386082671599998,5.07793870749419,0.49289618211058983,8.99237254114813,1.7304695264477203,0.5121986481226136,9.058043783892344,0.5591170883400001,-0.1722658037402405,207.64524152,-0.2794122781444527,-0.04335046793750097,0.1091018858257887,433.61378047,-0.05510794190297222,0.35665805428620323,0.17167457475961692,887.20582125,-0.0854405991647976,0.1498982634791175,1,8.19797264666322,6.366697947578127,10.520770918078611,17.112299465240643,,,,,,,,,,,,,,,,,,,,,,,
GUN,1774708291,1,-0.23014959723819395,1.87077187097,4.1722389611689685,0.5406516041139509,4.509921828021657,1.503959856035872,0.5691203747936846,7.549504950495045,0.46892763229000006,0.016940488300414218,64.13302643,-0.04962980711237235,0.2685560654120176,-0.03184316724802969,155.57333013,-0.04231079689344644,0.16905906026188822,0.16398332215969136,265.88317055,-0.04659143293629303,0.10196366390152423,0,,,,,,,,,,,,,,,,,,,,,,,,,,,
NOM,1774711837,1,-2.7237354085603016,6.37672696225,2.2773979294600144,0.6083827774965763,10.775862068965502,4.176397781912104,0.5452198739549511,15.765765765765739,4.4386247235,-0.09091812195574968,128.831151925,-0.02061679377334033,0.3263432214519131,-0.17338896289346353,274.267701391,-0.19000992897540703,0.27287182777255015,-0.0664276057983776,586.186101865,-0.2399957601513163,0.13056812405517726,0,,,,,,,,,,,,,,,,,,,,,,,,,,,
KITE,1774764368,1,-0.6449592986850328,12.577290972040002,0.6189225578532829,0.4471340686558576,-0.9919404835709744,0.9484168454524693,0.4970783612841387,-5.670407560543412,1.98808577134,0.20200582306823384,124.04457051,0.0031233836261014003,0.691328471332948,0.153961817605143,254.23044542,-0.012107351838650443,0.2295668895582852,0.15338987319187475,427.39232627999996,-0.007946046015945923,0.1796261842708642,1,1.0211366149987189,12.80635452702201,0.5981452782411142,-8.301886792452828,,,,,,,,,,,,,,,,,,,,,,,
ANKR,1774770676,1,-0.7818181818181724,4.899946685344999,1.9457033687509873,0.5638306285703869,3.1894934333958735,1.8387170431071016,0.5017037179443395,9.5617529880478,1.5016025801100001,0.12468605805928885,113.994996332,0.00012012815771654528,0.13998730722586505,-0.016174634838166963,221.905549403,-0.12382658882146202,0.003351525851412074,0.19639076710394004,451.609681033,-0.07903560029161544,0.023265437077208295,1,0.2625065699121576,14.744390345383074,2.3901098339827804,8.496732026143805,,,,,,,,,,,,,,,,,,,,,,,
NOM,1774798285,1,-1.7928286852589626,17.91254649183,0.9124934730198789,0.5162090886168107,-1.953125,0.6745529500515798,0.4886307794834534,-7.720588235294123,2.0138268465,0.006590395189594469,115.18179027699999,0.19445883591833363,-0.09836396309120121,0.08521269794380577,224.436566678,0.21952774168188827,-0.04802758723467282,0.11424306029614247,572.958242794,0.19198220885143208,-0.09017352255440891,0,,,,,,,,,,,,,,,,,,,,,,,,,,,
C,1774801579,1,-1.7116060961313018,2.55124733341,3.4846273392228975,0.5014806519367991,10.064516129032253,1.8278406628992194,0.4917985354066313,10.779220779220777,0.77721226952,-0.053133320941489134,70.76149963,-0.057440960466555495,0.16988309705488347,-0.11269010224765957,123.89187317999999,-0.11290579304557206,0.07113799940846532,-0.046133361388538886,298.06820128,-0.48786183919920034,-0.33504635758606427,0,,,,,,,,,,,,,,,,,,,,,,,,,,,
SENT,1774802219,1,-1.642710472279263,12.665227920279998,1.442546651423869,0.44071287988841235,-1.16692034500252,2.5270356337979294,0.5090133383254153,7.862679955703222,5.33424704412,0.01646079282777647,194.78197229,0.19561964373700733,0.05648128038853106,0.08545427683768077,433.33907036,0.05330352183948278,0.09624876832782836,0.0850090023829806,862.5491144,0.008311030438332284,0.13864630583892512,1,1.3604984050324287,18.39429325932046,0.8450550534694927,8.856088560885599,,,,,,,,,,,,,,,,,,,,,,,
ONT,1774829767,1,-1.8115390470391235,4.02800182744,4.139076795294315,0.5634830987737062,11.188219363574813,1.3761525512422497,0.5511045199011888,11.490156143923969,0.9238574985400001,0.01845705443356517,127.76281509,0.0009198075411061407,-0.3253948302856332,0.13751805018497223,370.10230239000003,-0.0008524763464621832,-0.03791997293369587,0.1722376820580133,867.84123461,-0.07783916586648001,0.07144652836210219,1,27.666962854020483,25.931294983739168,11.456208955560177,38.888888888888886,,,,,,,,,,,,,,,,,,,,,,,
KITE,1774859791,1,-0.1980198019801871,8.94412307193,2.9339812581645774,0.5605055864255781,4.0606060606060534,1.9499095639788282,0.5372457447699143,7.716436637390212,2.9067051865600004,0.0581146936239809,105.91475775999999,-0.0216692915508963,0.2329902595863833,0.014174118060159403,235.57527112,-0.058960108405267386,0.010254628432932789,0.02658164744634835,454.02947427,-0.08244459711420797,0.057616276117411935,1,1.372561353911883,8.905583046535687,4.009334777056974,9.12863070539418,,,,,,,,,,,,,,,,,,,,,,,
D,1774866724,1,-2.7696404793608465,6.709136398250001,3.231817287646094,0.4944471668621556,2.4556616643929052,2.0044529410443634,0.5057690326386033,12.25710014947683,2.24135803089,0.22616202257734502,59.320668239,0.3051920106076429,0.04408667970354552,0.2939238263910529,106.97122135000001,0.44462575006000093,0.2140840954381753,0.04444866065719367,394.46851750999997,0.135795655051813,0.38145117353881774,0,,,,,,,,,,,,,,,,,,,,,,,,,,,
THE,1774878700,1,-0.24875621890546595,6.0924873321,1.515695564467762,0.46055100358047285,4.055220017256245,1.5148047830571214,0.4886767813361079,8.844765342960281,1.5381548252300001,-0.1474448893919698,75.10105747,-0.22669264587081595,0.2680931880880191,0.006143322814618845,111.78081627,-0.17092873281556192,0.1311604156482471,0.25056427892505523,322.43106249,0.012350337042689785,0.23639590796798116,0,,,,,,,,,,,,,,,,,,,,,,,,,,,
NOM,1774915588,1,-0.2506963788300842,26.915829014810004,0.4722776241699844,0.5705398204071238,7.164179104477597,0.5358399544975638,0.531232612693484,9.78593272171253,2.40376276576,-0.12904643773300956,146.592798159,-0.15293142940946186,-0.006933702778609274,-0.06837433759627125,244.621846701,-0.19717603757996793,0.11199647859090534,-0.04084296893839759,596.640547576,-0.34512839465737344,-0.06498302877346451,0,,,,,,,,,,,,,,,,,,,,,,,,,,,
C,1774924250,1,0.08498583569405138,4.83351248606,6.815343071467361,0.5217024974195712,-10.292249047013991,1.993137306226959,0.5165581806254711,-8.785529715762275,1.60564234268,0.01690287631538466,38.6912982,-0.011806255455925441,-0.21625579854428278,0.18444618280012434,56.57419672,0.314323071922522,-0.30053442187888957,0.19076072646317688,132.13120514,0.06608881561796147,-0.19905466175017572,0,,,,,,,,,,,,,,,,,,,,,,,,,,,
G,1774932991,1,-2.850678733031675,5.24392775716,4.383251874035816,0.5178860930381106,2.5522041763341274,4.278834607384426,0.49782871697429687,9.405940594059414,3.73964992766,-0.0583863261948408,119.860421254,-0.010969826413047702,-0.03369647866420955,0.1182950090461798,193.398092888,0.13052960110608872,-0.04145419745177059,0.15786608074022487,544.813377492,0.0004954328010614295,0.03921917095213612,1,2.4868620078457138,29.03055298907718,5.001223853016451,9.803921568627437,,,,,,,,,,,,,,,,,,,,,,,
CETUS,1774976763,1,-0.9178321678321777,7.666857714162,1.273570974373463,0.5273890372418537,12.377210216110024,0.5757839547946413,0.5318144340500135,9.894332372718528,0.735742275918,0.29268499338739745,62.049448649999995,0.26807556833196367,0.38944777899030236,0.21299197412882073,122.41326226,0.17101637017596313,0.27754141004632604,0.2610166858052492,261.50099615,-0.02573678856867334,-0.015302420116826254,0,,,,,,,,,,,,,,,,,,,,,,,,,,,
MINA,1775017006,1,-1.6857610474631857,3.1709209685499995,4.3183849124885825,0.5566824185317312,3.2094594594594517,4.575118877703825,0.48122016329052575,8.525754884547077,2.41789006382,0.06468190718445348,71.8092037,0.08289592798564135,-0.0625226947846681,0.08112375816476523,198.38797154,-0.11859520332025796,-0.0653846820307381,0.3278281553201391,384.72137341,-0.03214356274944674,0.10681082783597584,1,2.13101260530264,12.761438848686602,3.150360128469306,1.980198019801982,,,,,,,,,,,,,,,,,,,,,,,
BLUR,1775028105,1,-9.137055837563457,6.0677780601019995,3.2934444008586676,0.571212432500782,13.763233878729553,2.427761098738072,0.5324951827136345,17.495029821073558,2.4551859216820002,-0.07391274211643817,86.49670221000001,-0.43857900748004375,-0.46421742339780825,0.06322540539925983,172.51825979,-0.27695916687270195,-0.41652720418824096,0.1849209459267301,409.58021114999997,-0.1456314565854306,-0.3762168722715836,1,4.315246245889326,22.151615308813646,3.5650881590314967,9.771986970684043,,,,,,,,,,,,,,,,,,,,,,,
KITE,1775037723,1,0.04438807863029748,9.57020505358,1.7967436010629323,0.4587453761468601,2.669270833333348,1.6720303662097742,0.47705482244043335,8.833678398895795,2.66694557674,-0.17233099230518525,105.37274357999999,0.14139698040952872,0.21717441102303003,-0.05162219110318643,239.238233,-0.01584681048918174,0.10136257681578242,-0.015153830738555099,463.86325173999995,0.01344364925526187,0.06932096686062628,1,0.4551332068691627,10.542587963325118,2.2570405289553492,8.636363636363642,,,,,,,,,,,,,,,,,,,,,,,
KERNEL,1775046021,1,-0.2889095992544277,11.667505980429999,0.6974186124754067,0.6261572853795877,8.60323886639678,0.3737477955421017,0.5557936273594924,10.504634397528312,0.72678410661,-0.14815136450035435,128.51383605,-0.1726907038736628,-0.020551901778410042,-0.0006181618233331352,221.72157456000002,0.0014182438995415793,-0.2817889243600662,0.06951929464258436,520.30567624,-0.08600518337820026,-0.12570881102240483,1,-3.310331935630473,34.777400783240374,0.726164234749491,6.849315068493156,,,,,,,,,,,,,,,,,,,,,,,
D,1775053911,1,-4.966799468791505,2.6463635496399998,9.3672622916274,0.40067009016073074,19.33438985736926,3.147374960803498,0.4266701439598263,22.4390243902439,1.3881830622200002,-0.213586663157828,11.001228992,-0.1942740348146308,-0.6774343949916708,0.22001635431981287,22.041889614,0.2141608984092135,-0.4008048061099111,0.20969314794396748,46.868223444,-0.07299316182774251,-0.3231421507268295,0,,,,,,,,,,,,,,,,,,,,,,,,,,,
ONT,1775057228,1,-0.7110425768868334,21.495751181790002,2.90606106637666,0.5250262892766905,2.5026343519494176,2.199704139859816,0.5099196874230366,11.660608379567638,7.880715477329999,0.010230211937317523,255.19924863,-0.0359841730758346,0.3704189130643831,-0.012158709479540918,460.02394631000004,-0.08324841286392465,-0.05273800552533059,0.029850025323815258,1252.60388875,-0.056401420022710896,0.01671125146140695,1,-0.005142592666673718,67.87435108401527,1.57383062888664,10.759493670886066,,,,,,,,,,,,,,,,,,,,,,,
BANK,1775078198,1,-0.3185840707964571,6.9266019960400005,6.35034377096697,0.48452142485797395,-10.88328075709779,4.227741724193459,0.5144372984265447,20.985010706638118,4.880647377590001,-0.26034734518978625,55.00173274,-0.20366808458997637,0.43164254379273825,-0.21356658767221717,75.21874957,-0.32528067236325514,0.14141389199178733,0.021411033999686857,159.75140546,0.054762494514611806,-0.1544668776037843,0,,,,,,,,,,,,,,,,,,,,,,,,,,,
FIDA,1775092845,1,0.0,5.415070535738,2.272910817714878,0.5257724713770311,2.84237726098191,1.3446356903407648,0.5273014343492161,8.743169398907114,1.213549518011,-0.08436104246694112,29.721986819999998,-0.11329938181722336,-0.1573853349534825,0.07766139308961167,64.01157591,0.082398563223873,0.015253323714736089,0.4192805321231641,125.92746067,0.12205672081485103,-0.08538770601564505,0,,,,,,,,,,,,,,,,,,,,,,,,,,,
SOLV,1775111514,1,-0.33492822966505464,6.29524208645,1.8932490583854629,0.5902005513233816,8.010335917312638,0.7180925093746835,0.5799242231848333,9.999999999999986,0.75342769783,0.18607337713063893,11.533444191000001,0.5332249593809961,-0.04468340673853466,0.18199276085288474,23.147593467,0.31779746051209046,-0.03358922874089465,0.18941071574763904,77.38035875,0.16758038466971031,0.19967379412584685,0,,,,,,,,,,,,,,,,,,,,,,,,,,,
CTSI,1775129498,1,-0.887003470883152,2.1509464195700003,1.5836608029134325,0.5816703846591729,6.707818930041154,1.8137625286453751,0.5554699034298616,8.812421317666818,0.65021766949,-0.018556875225986515,12.8289218,-0.1675136444874076,0.261467734071241,-0.2072861680168869,32.9074727,-0.47567186214017243,-0.36150260587083194,0.08441006432128649,122.3812148,-0.2671387547342145,-0.03681093262697355,0,,,,,,,,,,,,,,,,,,,,,,,,,,,
NOM,1775133377,1,-0.49652432969217175,72.48278713298998,0.8608440187411165,0.47817638975486115,-1.564027370478971,2.51843016045691,0.4664089044552641,6.560846560846567,30.423806204950004,0.03729938070289301,61.757491482999995,0.00564631147754991,0.6061335995499357,0.03323982518550584,145.819349221,-0.06352815468716491,0.8500528910614003,0.09532541746286652,340.29466425600003,-0.0244844468705826,0.35417362912233763,0,,,,,,,,,,,,,,,,,,,,,,,,,,,
HEMI,1775135725,1,-2.3406478578892442,12.771607602331999,4.368214205990271,0.5233997622556589,17.567567567567586,2.4333551489497234,0.5054238428022837,11.020881670533655,5.179642853250001,-0.0012630639542391998,21.475601749000003,0.04991818680739607,-0.37787217167511333,-0.0771419699766645,60.175333066,-0.05504959263308591,-0.16476594381002774,-0.05788476697407955,166.166239328,-0.1858609697885811,-0.02832959219994391,0,,,,,,,,,,,,,,,,,,,,,,,,,,,
STO,1775136696,1,-1.6062917063870308,404.56855593516,0.47429801513302344,0.48848382627325976,-14.88843813387425,1.2065269073078213,0.5023653200505233,-47.54125687614603,81.35380809774,-0.0473702297251361,58.02511296,0.1141131039220151,-0.42594765868754936,-0.36695317353602813,240.58550949999997,-0.33568015262403866,-0.07078374198715809,0.10488062944789174,509.06279384,0.06875111617335797,0.046647863832587566,0,,,,,,,,,,,,,,,,,,,,,,,,,,,
HFT,1775140548,1,0.0,1.1148841685900002,3.1992978196748534,0.5414523981854763,2.985074626865658,2.2633710957895774,0.5736503321505855,6.976744186046502,0.42056610039000003,0.03872045079994178,19.735605640000003,0.1640935075231278,0.5584337110177628,0.18532864491494108,38.64449065,-0.06691619361201037,0.4730097643485087,0.2069325798909807,80.7721937,-0.06967152102273769,-0.011672986407804342,0,,,,,,,,,,,,,,,,,,,,,,,,,,,
ONT,1775143854,1,-1.1385199240986688,40.5466752614,0.3917721386503521,0.5223477335354663,-0.18939393939394478,0.9398002345582276,0.4660714440684413,-10.060585374178688,6.35096248687,-0.04092437644582008,187.42330601,0.15433015766025862,0.1920253815346038,0.06932142802155487,355.60269695,0.019727393249712198,-0.04820935902722001,0.18960678294951458,754.72790477,0.030800428977676347,-0.021783925893281597,1,1.1534016624561438,99.80657213633262,0.21845727306946447,-10.1123595505618,,,,,,,,,,,,,,,,,,,,,,,
BMT,1775161295,1,-0.33025099075297826,4.008752316288,1.4608184633204173,0.38914474831915935,1.2709030100334529,2.5620125412313306,0.4497712036646434,-6.427688504326323,1.7117456181700001,-0.006127056213036087,15.741931000000001,-0.17393407206745815,-0.0983339009206764,0.3000258041959684,34.16399613,0.08843492789995455,0.1733468501538209,0.2660022314490923,92.62794763,-0.03153489720244074,0.07196958733323999,0,,,,,,,,,,,,,,,,,,,,,,,,,,,
FIDA,1775185872,1,-0.05555555555555314,25.629170823374995,0.21449244527482877,0.46489011568460337,-3.536977491961424,0.40028729425367465,0.46977817022259305,-8.069458631256389,1.709838573809,-0.09803851968064155,46.38012085,-0.3920837074411001,-0.28834274754574485,0.11167429764671802,88.13967048,-0.1538978519645762,-0.12817346799215346,0.3720554807990595,241.54611476999997,-0.03698819892253968,-0.007881799047801952,0,,,,,,,,,,,,,,,,,,,,,,,,,,,
YB,1775189485,1,-0.844854070660539,4.13452871338,2.2730218216908176,0.4812594975388705,7.692307692307709,1.9965066254411883,0.45879744892816665,10.808510638297886,1.3757689948900003,0.10442266299614139,35.73754649999999,0.33741306458159276,0.1403087339453566,0.03814450477868892,61.8081753,0.3415389522601913,-0.07966655688954782,0.10877317169951527,153.43753959999998,0.04700907791624966,0.05817708425134338,0,,,,,,,,,,,,,,,,,,,,,,,,,,,
SOLV,1775197926,1,-0.35087719298244613,56.96245936883,0.1326649701360185,0.4481830014490529,0.0,0.17273318107757288,0.4573165230872525,-7.317073170731714,1.63988446813,0.15021084237480917,37.617245615,0.20738281508312703,0.23564355505476198,0.09921422457551193,70.511075243,0.11709736782422811,0.2667849278787997,0.14963392461314437,134.076235822,0.07348482271035657,0.1441371933927269,0,,,,,,,,,,,,,,,,,,,,,,,,,,,
CHR,1775200570,1,-0.5376344086021501,5.4573117087,0.623994416916162,0.43838451661005223,0.540540540540535,1.6328982503223677,0.44444506047579807,-7.462686567164189,1.4852057901000002,-0.09182782430782717,31.4562401,-0.1472959165740323,-0.027644849412285066,-0.0025218982812590324,55.9284884,0.02683255047404242,-0.09754504198862146,0.2417735436245148,127.0539547,0.004580914324047558,-0.06973267555747897,0,,,,,,,,,,,,,,,,,,,,,,,,,,,
HEI,1775201544,1,-0.06550218340611869,6.7785610974,2.651582366330535,0.6760023165866479,9.700598802395199,0.8111487926647127,0.6201704364816715,8.018867924528305,0.9164036083600001,-0.08891022262570042,14.293042022,-0.5030486095474167,-0.3156299946990324,-0.1259882831779111,29.332036252,-0.5355711856889052,0.11149922476001994,0.16613755076506556,48.521773563,-0.30151905534508283,0.23844642948527728,0,,,,,,,,,,,,,,,,,,,,,,,,,,,
VIC,1775207471,1,-0.29227557411273253,5.323981783348,0.5937736505153942,0.46332502676500587,-2.8397565922920864,2.074603122968657,0.47827912218328145,-16.112084063047284,1.840858205727,0.24723233052630703,20.90204493,0.26509388359795705,0.7212446498518739,0.38492851069678863,32.89197935,0.13375570650989088,0.2669687156778,0.13353130888667125,116.70670776,-0.06494716416070972,0.006327416723427293,0,,,,,,,,,,,,,,,,,,,,,,,,,,,
ONG,1775208444,1,-3.1056563500533763,6.151762932029999,2.083761764000546,0.48800117093157785,-1.7407718120805327,3.7087991435214724,0.49644132022706483,11.111111111111116,3.8026088489100003,-0.03637626820646544,120.17419097,-0.060764414973505036,0.1952302909599939,0.041624937101416945,206.85216669000002,-0.04422512391630405,0.15593085853556676,0.17348794796402983,440.71278536,0.032770901281083564,0.17798488290292025,1,4.484701045325901,21.259203515474557,2.0027280314859306,11.627906976744185,,,,,,,,,,,,,,,,,,,,,,,
SYN,1775210511,1,-0.1897533206831059,5.91604818793,0.5223012552440287,0.4539530958345888,-0.18939393939394478,0.5484779602302984,0.44960518993148907,-7.8671328671328755,0.5408036737899999,-0.13742890894137047,13.40446568,-0.061370963237585896,-0.3351207602334907,-0.14998103935218923,39.105191440000006,-0.13276531574733882,-0.24762574964311168,0.11024771914880391,79.02338384,0.034574226465514626,-0.2042646409595824,0,,,,,,,,,,,,,,,,,,,,,,,,,,,
GAS,1775216245,1,-2.9797979797979823,4.6612884353999995,9.036383573458366,0.5088364706648003,11.423747889701751,3.940196569711722,0.5085428277905244,15.721800116890705,3.0610654506,-0.04775936841401683,106.5522132,-0.2627058043357497,-0.31807000856997536,0.031504695744913144,220.8541285,0.007035841183561473,-0.30414731782883575,0.16692018782113624,371.3276487,0.016376194681753498,-0.15788527319167367,1,2.8067408510762615,28.036337744939352,9.99183960921386,16.73819742489271,,,,,,,,,,,,,,,,,,,,,,,
CTSI,1775216767,1,-0.3382773874577083,31.835717191180002,0.47059502897175653,0.5220301007858316,2.1259633271326184,0.518260511968961,0.5036556580845022,-4.35540069686412,2.7498658484,0.009929666529146959,119.4979147,-0.04782711771421291,0.29816202959178195,0.04454206642873692,229.18264050000002,-0.09062401739082313,0.45006524812313264,-0.0037013838633097075,598.6752743000001,-0.1307855525885192,0.10470607621939632,0,,,,,,,,,,,,,,,,,,,,,,,,,,,
NOM,1775219814,1,-0.5072463768115987,23.175832702579996,1.4727883176840593,0.5581571489873121,4.545454545454541,0.9623788885375005,0.540785829770207,13.861386138613852,3.7173220195399996,-0.022931531661276042,35.200065086,0.2255642807373839,-0.22947792293678937,0.22596738167462693,47.788735946,0.3588529400133731,-0.148748960393151,0.28690139528006553,190.070617841,0.337484222017493,0.008847184847975198,0,,,,,,,,,,,,,,,,,,,,,,,,,,,
AEVO,1775221906,1,-0.5084745762711784,4.289489238923999,0.5712123036724589,0.5701927762734469,0.8547008547008517,3.7442695494717775,0.544116059117599,-7.0866141732283445,2.676833990015,0.4145159354828856,36.719834261,0.3908297473477825,0.3810404450314995,0.06664385637058318,112.508382602,-0.13551880564171212,0.43137308158642074,0.31069955309552527,193.026997419,-0.07530742048614536,0.07270184168578053,0,,,,,,,,,,,,,,,,,,,,,,,,,,,
STO,1775223384,1,-0.2866779089376048,94.96021508539,1.0192431374617972,0.4396454602716454,-3.104575163398693,1.0545674045261004,0.45841837328100615,-10.55806938159879,16.69032459264,-0.03732741746836969,125.34149398,0.19248374254304207,-0.231391063118219,-0.002734636556802118,180.48533176,0.012274963532358081,-0.2337874311759529,0.0322798881044495,415.50942997,-0.10389219717953059,-0.06756316839770549,0,,,,,,,,,,,,,,,,,,,,,,,,,,,
MAGIC,1775227607,1,-0.6763285024154686,8.30352859133,1.4077750179659052,0.51138677218414,2.81456953642385,3.054019425512468,0.4905812152650494,-4.461538461538462,4.22652293637,0.06405158209353895,79.44793409500001,0.20810730789203033,-0.11805448672081698,0.0036048082504775334,147.149111456,0.12367912433204836,-0.07272870188940983,0.15002069407625318,253.381188468,-0.000899574619063731,-0.017782708017606064,0,,,,,,,,,,,,,,,,,,,,,,,,,,,
ONT,1775230311,1,-1.6837041491280735,15.274259093669999,2.5336832198190367,0.4765979402438927,-3.3233213835868636,2.6627637288983332,0.5517458060991801,-10.926620246384577,6.778623850070001,0.2493591062051437,142.50695629,0.04206315924142179,-0.17631310849794568,0.33480200407584254,269.86240696,0.11592405654842042,-0.06326634761052974,0.311554490867019,703.30892992,0.0347356356638831,-0.05040579913079135,1,5.498203506706512,47.067985239328934,0.8599283181831876,-9.248554913294793,,,,,,,,,,,,,,,,,,,,,,,
ALT,1775252851,1,-0.27314112291351167,6.6004544797,0.4861953593331741,0.5384300289205096,0.1519756838905817,2.4553224414565764,0.49537899249240813,-11.78045515394912,2.70104066797,0.38048544259958067,41.384226348999995,0.3436897146401665,0.008529666259886604,0.20177394487204656,102.51419790899999,0.003612081637535125,0.15670841717693884,0.3241340869754195,254.72397198299998,0.10205640279312678,0.2516658207541196,1,-1.265960833559876,2.859211712486514,1.000043425142573,-16.52542372881357,,,,,,,,,,,,,,,,,,,,,,,
FIDA,1775273518,1,-0.34756703078451245,13.395407402312001,0.4867405294631543,0.5631496298089061,0.5491762356465424,0.7101462448776392,0.4806119099613784,8.454496499730757,1.585449710893,-0.11616611572978715,42.939354310000006,-0.29687609753890504,-0.019530471792114534,-0.04020537781266512,114.55773667,-0.2299431392554229,-0.1606644105782732,0.31201968006865777,306.81132388,-0.09075678973215962,-0.0342282365173564,0,,,,,,,,,,,,,,,,,,,,,,,,,,,
D,1775277399,1,-0.23866348448686736,18.4235342176,0.5893488703262734,0.5276219558249324,3.4567901234567877,0.6939412543140953,0.5101464874039492,9.399477806788514,2.1308084073099995,-0.2739737682693805,40.722027307,-0.07515980859540536,0.13779632807704512,-0.22114391087083243,68.91713101399999,-0.1845455459040869,0.15562115285123612,-0.570607776933357,506.915041482,-0.5071962154697083,1.7144957811458759,0,,,,,,,,,,,,,,,,,,,,,,,,,,,
THETA,1775279785,1,-1.2195121951219523,3.1082082049000004,4.173731899024239,0.542728468625566,5.128205128205132,2.188463898099402,0.5776493963656967,9.33333333333335,1.1337002406999999,-0.07482192527951333,151.29644049,-0.32466082236601906,-0.29564295935865237,0.17906731773440226,283.21740999,-0.1566229421623767,-0.04206650756375596,0.32506124422180016,445.08917314999997,-0.07411149833361158,0.008973298048776446,1,9.793588054457626,9.856890420246907,10.905619748007155,17.903930131004376,,,,,,,,,,,,,,,,,,,,,,,
STO,1775309828,1,-0.5940594059405835,62.35281600242999,1.0082334040693526,0.519210094052413,2.9911624745071252,1.322626271494555,0.4952634487482645,11.31520940484938,13.744912091079998,0.07223829885752844,129.75244629,0.6724956631999843,-0.3481898795603149,-0.04264052345987809,228.77517251,0.3780847951793475,-0.222369971344219,-0.008985877127720308,497.87040706,0.054079595733712224,-0.11714143943703637,0,,,,,,,,,,,,,,,,,,,,,,,,,,,
BERA,1775316637,1,0.1877934272300541,10.005366052502001,1.9452453104494853,0.48034143554053865,-1.8433179723502335,3.073387190759341,0.47508281771661826,-8.387096774193559,5.125060644103,0.02659761457014565,130.79480311999998,0.20303852129090322,-0.007245213184364774,0.062387760222126,353.196709,-0.06508687268871943,-0.10224657274496496,0.19461918467139452,683.92815788,1.1638896607935045e-05,-0.04800529020582511,1,0.1065540948670618,39.37075694215259,0.45626988962313675,-14.71747700394218,,,,,,,,,,,,,,,,,,,,,,,
SOLV,1775367700,1,-0.3731343283582045,12.342136268519997,0.8528034276826333,0.5265467411981206,2.6819923371647514,0.7773844380872753,0.5073560738492549,9.61145194274029,1.59909744465,-0.19960430790776987,52.899960736000004,0.0010550267604707564,0.19014991339277754,0.042733256973222465,80.449308574,0.009391128567188343,0.048785784404793864,0.17621066966976992,144.057681689,-0.07152829298375635,0.00896546559107847,0,,,,,,,,,,,,,,,,,,,,,,,,,,,
ONT,1775369187,1,-0.8272506082725006,4.7054049323300005,2.9054687546370763,0.5469525379784844,5.927835051546393,1.8993579102945546,0.4930747854137633,9.717031500266948,1.48954134656,-0.32346327763881233,249.88038717999999,-0.4772495808491394,-0.29518622043572973,-0.16406694674161243,526.08689891,-0.3298877478589972,-0.13095168063707485,0.0777375040713125,984.03128841,-0.18060439927583713,-0.06502005362471963,1,1.296923218867807,20.78960670047694,6.01429496547751,10.563380281690149,,,,,,,,,,,,,,,,,,,,,,,
PIXEL,1775373094,1,-2.922437673130196,1.259086828957,6.943365442411888,0.6009562035167203,12.98904538341159,2.011219975975527,0.5850470821716596,13.166144200626961,0.42205009698100004,,,,,,,,,,,,,0,,,,,,,,,,,,,,,,,,,,,,,,,,,
THE,1775386319,1,0.0,11.165413914730001,0.9465492344549205,0.4390147900599888,-5.125977410946991,0.7344169766928244,0.4880378546350363,-8.5427135678392,1.3666782551299999,0.0414733699362504,37.48529707,-0.17931539265494373,-0.2285870276808989,0.2223574301614543,61.26403767,-0.1742427976524247,-0.18775090310143383,0.3770505375031824,216.36941455,-0.028193757694995714,-0.030680012581968064,0,,,,,,,,,,,,,,,,,,,,,,,,,,,
ONG,1775393168,1,-0.6379234491860952,7.34272012809,1.0268947922602316,0.4603412975810234,-4.775869291998314,0.5325170696512858,0.4850662577353203,-7.901134521880071,0.65168730098,0.06047152328701879,68.57502083,-0.005035630103762435,-0.2004458693957304,0.1483926953356494,104.94802074,-0.004036984934665561,-0.20535310472186807,0.3347424425083147,269.36499375,0.08013914858108756,-0.19069184636713477,1,1.0263844575777004,18.36730465338674,1.3125410410146108,-7.333333333333336,,,,,,,,,,,,,,,,,,,,,,,
NOM,1775393766,1,-0.5944055944056004,10.527978209139999,0.9824237008223144,0.38129638473802807,-5.766062602965394,0.48762162635396983,0.4136220659508596,-8.186195826645271,0.8556116427600001,-0.09203945104401609,131.117013932,-0.06436614893463083,0.46587661567137983,-0.0030912386137461503,184.268377504,-0.11807760345179097,0.2640299585990602,0.09194615159204302,331.29710842300005,-0.14555217996278158,0.023467319667992204,0,,,,,,,,,,,,,,,,,,,,,,,,,,,
STO,1775396438,1,0.1380897583429075,194.3542289691,0.6709770969617194,0.4285818795947088,-10.273618998451218,0.4499535823592682,0.4445689596164122,-17.51305173232083,14.57506359522,0.23372618807371476,62.7938721,0.2109562961741384,0.20517503984998142,0.1996934801010442,115.50065518,0.2724650599450448,0.3477735309730583,0.3847741132222282,245.45383676999998,0.21289027435665997,0.2617076656978088,0,,,,,,,,,,,,,,,,,,,,,,,,,,,
MMT,1775410576,1,-0.2188183807439792,16.1756697427,1.0746484449068905,0.45693812716633225,-3.6542515811665566,1.9400914057176935,0.4919471997768413,-14.579439252336446,5.230379641590001,0.07672931921082046,194.0676394,0.2124517656902779,-0.10571099266446538,0.17487419377438612,264.1586036,0.26443697661532817,0.04651519689776351,0.20780796243460217,552.4918064999999,0.20885595791884998,0.027445456939942048,1,1.0590993613065036,33.171690466583655,0.5971327271173505,-12.133891213389125,,,,,,,,,,,,,,,,,,,,,,,
TRU,1775480487,1,-0.6634615384615294,30.401070382100002,2.101922013667795,0.4799978777299715,-6.30630630630632,2.9692884548482956,0.509553118160971,-1.8867924528301883,15.044924550100001,-0.11300118941082686,116.242209868,0.2838775763719879,0.40795525727562953,-0.1737779717098566,199.53673760200002,-0.037178633981669845,0.1793867624459471,-0.2043558189964214,376.237521309,-0.18179660055191676,0.002728006596353527,0,,,,,,,,,,,,,,,,,,,,,,,,,,,
BEL,1775481735,1,-1.655629139072845,8.760987055179998,3.4231614878175205,0.4714105726305364,-2.265372168284785,2.828156351014142,0.49475366064643045,-7.432950191570886,4.129573530209999,0.28938586825115026,30.5377474,0.38443722233567845,0.4708662847341625,0.26198405137992753,51.0074366,0.3176569323583309,0.38006730082738005,0.2578759299003209,104.83983280000001,0.22411814256279095,0.22284777394243882,0,,,,,,,,,,,,,,,,,,,,,,,,,,,
NOM,1775483458,1,-0.17278617710582145,4.15367820686,0.8290585194569617,0.544568051647041,-0.8565310492505418,1.2545010087912258,0.44235621906152117,-8.316831683168324,0.86846558345,-0.018856983065221457,68.63005262,-0.028908489248817115,-0.009520551140700051,0.08458192820128567,119.80948407400001,0.10569724272287144,-0.12422655642365277,0.2077955855202803,232.620225408,0.09484536210730339,-0.19667886239926713,0,,,,,,,,,,,,,,,,,,,,,,,,,,,
RED,1775489475,1,-0.3350083752093891,25.271115022660002,3.2473772210816354,0.497656882621545,-15.757290686735658,3.6520029675938557,0.5194594646057841,19.79933110367893,15.381697842859998,-0.12995994093352603,178.67311360000002,0.1992920066723997,-0.05844247604335151,-0.1248747989156561,285.7326827,0.05493195106980937,-0.014009947967641545,0.14802549655127012,580.5551337999999,0.2919779329710327,-0.08425560544703481,1,1.7572697741771393,85.49709348930185,1.6995906459686658,13.278008298755184,,,,,,,,,,,,,,,,,,,,,,,
SUPER,1775490041,1,-1.4574898785425061,14.9064898759,2.459476254357733,0.4835907657187769,-7.421289355322336,4.885425760046887,0.5210083257437151,11.261261261261257,12.1374249386,-0.12555080609720914,139.8199909,-0.2555536497601713,-0.15704373522909654,-0.0788339417546207,288.15536219999996,-0.21184250963699208,-0.017091022328938554,0.0951859169114254,506.2009126,-0.14798230275595142,-0.07165604988712349,1,2.7799235820334056,37.4081206478602,1.2083734460466427,16.049382716049386,,,,,,,,,,,,,,,,,,,,,,,
TREE,1775502996,1,0.030075187969913486,13.06697163294,0.5295245316793573,0.4316119637778238,0.0,2.886895804289163,0.4959591241075272,-12.614980289093292,6.28716426365,0.00466894384693467,58.95876154,-0.15934552416881365,-0.1699886377145995,0.11970499142357362,96.18101515000001,-0.02028154926781682,-0.04295834591609171,0.06610047601866076,215.24405295000003,-0.10629515254684219,-0.08480626250813383,1,0.9534806361228831,34.36106596746351,0.08767140151035602,-11.403508771929827,,,,,,,,,,,,,,,,,,,,,,,
REZ,1775504235,1,-0.9703504043126698,2.152252918914,6.159610673623495,0.5785393309997623,6.91642651296831,1.954454494095674,0.5949770330862769,8.797653958944295,0.701080064967,-0.3239042149855974,45.515440028,-0.29998180324688445,0.4052456765359669,-0.0253778981261472,78.118418654,0.15149326262633528,0.20562342405112766,0.1329024017564023,180.24343938500002,-0.047232651851116414,0.22922056444398597,0,,,,,,,,,,,,,,,,,,,,,,,,,,,
GUN,1775512556,1,-1.7800381436745116,1.4160679790300001,5.095301672609279,0.49691911102571834,8.632596685082872,3.5228657430112778,0.5125961511197143,11.166077738515924,0.8314362288499999,0.32436731563604376,6.4960706,0.030718716287895298,-0.7322423491405902,-0.16102039034460128,31.451546699999998,-0.5545662330134752,-0.6813880287448051,0.17545753248610227,139.52907559,-0.14249432951335148,-0.3698193170389794,0,,,,,,,,,,,,,,,,,,,,,,,,,,,
PIXEL,1775532114,1,-0.48888888888889426,2.7383766360729997,0.959130421065272,0.6709450300099137,3.2110091743119185,0.7630643192882895,0.6317685514442892,7.999999999999985,0.34825958395999995,-0.06119628919648099,56.87917469,-0.07626660814158646,-0.13701071605546133,-0.18517371060729548,142.64655045499998,-0.23880090830484935,-0.10512099792293628,0.07937445755421271,308.143122014,-0.09058591791772366,-0.032212382526569217,0,,,,,,,,,,,,,,,,,,,,,,,,,,,
DEGO,1775544763,1,-3.0945558739254975,10.43601968644,0.6373526814866497,0.6207123116869759,10.443037974683534,0.3255209458481631,0.5632548930496417,11.501597444089452,0.5661904998699999,-0.1728026735876634,23.01411272,-0.1280838692708585,0.120707753220616,-0.2702820859665114,38.98111438,-0.31817377874342323,-0.1702405000127334,-0.05275071324065261,75.3007731,-0.043992866713159155,-0.02719892005457214,0,,,,,,,,,,,,,,,,,,,,,,,,,,,
GUN,1775613384,1,-0.33277870216307237,8.50851667965,1.3202670854424523,0.44488599768099824,3.323782234957018,0.7200184671239318,0.4518047930160361,7.7704722056186615,1.0210481895299999,-0.2335447715627957,60.020027309999996,-0.23612770841448738,0.38053949147412536,-0.020175831023201685,108.31597660999999,-0.03898079553595907,0.061761166912797094,0.25317512984107726,288.87336659,-0.02895860463104255,-0.007783874076294661,0,,,,,,,,,,,,,,,,,,,,,,,,,,,
KERNEL,1775619108,1,-2.7906976744186074,4.36566853204,1.8434303758740478,0.4165065240858528,-4.628736740597872,1.0229430665715695,0.46710202229039177,-7.656395891690004,0.7443050593000001,-0.11991148156741499,67.32696585,-0.2638376386364799,-0.055039807098991034,0.13663730297592905,113.48388118,-0.10452382424645873,-0.12321657357873439,0.23977537560712228,327.8065302,-0.05588933145460542,-0.14317680213665473,1,3.8746070662245558,9.31106682424136,1.0278143313043389,-7.499999999999996,,,,,,,,,,,,,,,,,,,,,,,
SOLV,1775633834,1,-3.438113948919441,8.60915781962,2.913919111319914,0.5535576864020815,17.28110599078341,1.1190645142134523,0.5097199320848541,13.363028953229406,1.6057005022,0.04213884161432427,31.126188702,0.005178507477545828,-0.02714827969637179,0.0427412851009142,45.591281329,-0.11985416464924341,-0.12966931386196334,0.02334105649894441,114.0086731,-0.30151069327091906,-0.20328800392142565,0,,,,,,,,,,,,,,,,,,,,,,,,,,,
OPEN,1775651500,1,-0.1079913606911509,3.9567556977400002,0.9004769439253171,0.47965811951287624,-0.21551724137930384,4.640670294819545,0.5210912309687068,-0.16172506738544312,3.06033310506,-0.08182055510203416,45.987725100000006,0.07795168931143827,-0.06181770484331628,0.08217174497808913,89.07815579999999,0.017047857459241048,0.08815643079048963,0.15457039371445813,311.6738151,-0.009133112800185333,0.014247719007071558,1,-1.089475701224507,10.098796132384901,0.6776422501395093,-12.580645161290327,0.58218804,-1.0080619724706863,0.003799110452186838,0.003799110452186838,0.0,0.0,0.4759783971947068,11.131819323666337,-0.24342105263157898,-0.24342105263157887,0.22528958169597577,0.0009192906127030709,0.4699301790739202,11.729853634185838,-0.2454658605974397,-0.24546586059743958,0.2258670583476775,0.0009192906127030709,0.4749791267129631,0.4539473684210526,1.0255647171111937,0.2417582417582418,0.45394736842105265
STO,1775659583,1,-0.7850070721357905,20.14231619949,2.8565144597112826,0.5461444436858393,7.856598016781091,1.2637614106616257,0.5266375315405055,7.774390243902429,4.24251365571,-0.04559116465775865,72.19046648,0.15143844115802843,-0.21562085481527027,-0.16592538568030668,122.79981348,-0.011418171289147766,-0.12399227892409237,-0.01764740946822788,257.49922032,-0.08084747790952121,-0.16717646347539217,0,,,,,2.0226618776,4.897486210960622,-0.016769533848568163,-0.016769533848568163,0.00923627928468552,0.0,0.501336161722388,6.698614209268983,-0.10884685784014636,-0.10884685784014636,0.00923627928468552,0.0,0.468039472026535,-4.776867792132943,-0.025636310917178773,-0.025636310917178773,0.17435174109201299,1.2932604747086176,0.48376069357050616,1.9507829977628635,0.874388573664645,0.7530864197530864,1.9507829977628635
PIXEL,1775703666,1,-0.055096418732780705,1.867960663713,3.103335086843487,0.6710073104682593,5.523255813953498,1.2128579143988283,0.6020150442940627,8.682634730538918,0.37759514579500003,0.08929921415275364,66.066407427,-0.13114019963296902,-0.06497545401350291,-0.010946110002610665,128.940073557,-0.2556181978849913,-0.024086724742315324,0.13020966144729418,304.221780599,-0.10005576296078089,0.1519865049687723,0,,,,,0.605107203552,5.227143680354307,-0.008274102423911134,-0.008274102423911134,0.027070432650356538,0.0,0.42107541570266616,5.981813555663473,-0.0773842917251053,-0.0773842917251053,0.027070432650356538,0.0,0.3864745710576859,-2.2196775401696955,0.10207958080890789,0.10207958080890789,0.027070432650356538,0.004326563102590827,0.538385677744138,1.1548387096774193,0.9997584117964872,0.8153846153846154,1.1548387096774193
BLUR,1775705148,1,-3.3068783068782914,5.161185977039,3.90855845493505,0.4904545183694885,17.148760330578504,1.7119614961395206,0.49700293262116174,12.555831265508676,1.472625277851,0.02006126238557892,142.70896604,-0.0122686108759084,-0.11529480443954221,-0.02728961164184736,285.98617756,-0.1296872209178811,-0.1473436858351338,0.21821991915506567,482.83698279,-0.025292887679292636,0.10459874166401195,1,2.591523122751216,6.571973603154182,8.904014603466376,10.927152317880795,0.6113874644,5.98756621047265,0.04487179487179471,0.044871794871794934,0.0,0.0,0.5471060813089703,8.245975539206318,-0.2078071182548794,-0.2078071182548794,0.0,0.0,0.4666793835294426,24.210213571056837,0.03651903651903643,0.03651903651903643,0.7039208457150041,0.19059350540390305,0.4626294228053858,1.1794871794871795,0.9299156550862371,0.527027027027027,1.1794871794871795
AIXBT,1775709668,1,-0.5597014925373123,7.06390994774,0.8600695167162707,0.5386371069816219,2.6819923371647514,0.7720008125336764,0.578602649941186,8.943089430894302,0.9088907032199998,-0.06636376172605332,55.583495150000005,-0.195179235359635,0.09541314153558367,0.015884156317123237,92.87981257999999,-0.26186211295918077,-0.05262601383549337,0.32808361161243166,296.5803569,-0.012469603772363336,0.10195225899859817,0,,,,,0.2663198764,-3.865063872540353,-0.08173402573944455,-0.08173402573944455,0.0,0.0,0.4230739482499093,7.330512146234414,0.01244709982574066,0.01244709982574066,0.06741787448501535,0.0,0.46421777334903525,5.402928106416693,-0.2397875068693901,-0.2397875068693901,0.21173387717898476,0.5142233537023375,0.49151307918445236,1.6116504854368932,0.9850387455000305,0.8615384615384615,1.6116504854368932
NOM,1775714513,1,-3.318112633181136,11.48169395314,2.293909018398555,0.367399625942292,9.866220735785959,0.8419141762733007,0.4527631648339041,12.500000000000021,1.61110015113,0.04547570179098292,60.336166726,0.037036319495264466,-0.2909803888958816,0.002816541219818342,92.275957915,-0.05137660350944193,-0.32714816281666825,0.3158906130744633,217.898763588,0.035176517526366025,-0.160964494577868,0,,,,,0.6583469706,14.177010299859493,0.009434726271460914,0.009434726271460914,0.04105789379628384,0.003118522742086725,0.47749267168554216,17.82023112329214,0.030768140589569004,0.030768140589569004,0.16474786828767704,0.9034735429220793,0.4736118893852689,-33.388358677446774,-0.12060019202876349,-0.12060019202876349,5.954050212196724,9.404671193910403,0.47126926628846566,0.8741496598639455,1.0277585531767641,0.6206896551724138,0.8741496598639455
ENJ,1775717129,1,-1.770196330865792,35.906945490536,1.4014992262049075,0.47027811854126395,-2.6933917945505814,2.716562073626328,0.5000378450089785,-7.667161961367008,16.257241049893,-0.18338720642247958,230.09654821,-0.05653783172999491,-0.07983521804789873,-0.25691176736141047,462.84956079,-0.23961882402586476,-0.1404159742754998,0.1415484922067952,781.68897129,-0.08425194991097193,-0.0841674650064459,0,,,,,1.6630513515,2.6080205613904672,0.055677125462982646,0.055677125462982646,0.04132990117112448,0.13335687668331148,0.48812092628970866,-4.787486955873977,-0.004235602461797661,-0.004235602461797661,7.678455480934078,1.6697336329965993,0.49254739534848724,494.0848204028231,-0.18318765110656499,-0.1831876511065651,12.372219005409345,3.082303244200214,0.49533972008872706,0.7632508833922261,1.1445298103441817,0.4141414141414141,0.7632508833922261
SOLV,1775720525,1,-0.04494382022472987,8.76661937539,0.6899632747305073,0.3594008185908742,-5.319148936170215,0.7043051752004825,0.44067839617256255,-7.676348547717837,1.0290625658499999,0.017937257952590196,52.5476873,-0.15075689357000313,0.381032671262199,0.07249565481077774,65.847934033,-0.24016215566445331,0.1795268930592604,0.27333503502312967,133.389984926,-0.05681972971007032,0.3009975877615414,0,,,,,0.27360880468,-4.305500518853311,0.06742979242979241,0.06742979242979241,0.0,0.0,0.3914930946239055,-7.926679861739339,-0.05214776632302409,-0.05214776632302387,0.008982009927912383,0.0,0.44652024876352775,11.719888651210631,-0.13592414529914532,-0.13592414529914532,1.05300035697667,1.5139931314874089,0.46914962160550455,1.038888888888889,0.9824034542075264,0.75,1.038888888888889
FIO,1775729823,1,-0.0410677618069899,2.63940898379,1.233347179884799,0.48083225716431904,2.310924369747891,3.388564447461015,0.47017492656042287,-4.3222003929273,1.49063457413,-0.0009669269908617247,5.939224528,8.544453792999043e-05,-0.4103743908388734,0.19031399423647463,12.007791101999999,0.25632915698718606,-0.2339936544317639,0.21737170932397404,38.950599496,-0.0632258151017085,0.010981943217373002,0,,,,,0.08744259,3.370812418032232,-0.09851981537482102,-0.09851981537482102,0.0,0.0,0.5938503501899013,5.1584184372940545,0.1453551912568305,0.1453551912568305,2.008133565119697,0.0,0.5329489202228591,7.651788551695482,-0.007840342124019961,-0.007840342124019961,2.008133565119697,2.4607123370888258,0.47734027409209323,0.7868852459016393,1.0003776579859558,0.4878048780487805,0.7868852459016393
OXT,1775729823,1,-0.4132231404958664,1.9115601572000003,9.432706864957666,0.5453687633403733,1.680672268907557,3.9663460407679594,0.48191544724511665,-11.678832116788328,1.2636515101999999,0.029402183371308774,8.182192879999999,0.09407757953087807,-0.34064605826168126,-0.0374518840155785,20.051198980000002,-0.1688311212146729,-0.3011958034209774,-0.15215793639374334,74.41212273000001,-0.13535206625869473,-0.04807669673147219,0,,,,,0.0956237832,-1.6768567652667876,-0.20703711649860546,-0.20703711649860546,0.0,0.10677531946884945,0.5773910739726472,89.81636543069634,-0.2635212888377445,-0.2635212888377445,0.0,0.41707479735020564,0.5991742713009351,325.1436643744763,0.028237585199610393,0.028237585199610393,0.0,9.516049454943547,0.5159976769620402,1.2151898734177216,0.9844958435940702,0.5176470588235293,1.2151898734177216
RARE,1775747754,1,0.12195121951219523,3.3878892589499996,2.2763492014937254,0.5183517075811442,-3.529411764705881,3.7297407643472473,0.5389201302063009,7.18954248366015,2.1059914457,0.20209921960311578,12.71073645,0.24873442563626885,-0.35938017191891924,0.18746492510561133,30.361430209999998,0.15103683041486324,-0.25004380959453265,0.16891776582012205,134.5167812,0.08570804928502446,-0.017584792182956055,0,,,,,0.0628608294,21.58309616657734,0.07446808510638281,0.07446808510638303,0.0,0.0,0.5032572702993806,72.12113821160919,-0.2053191489361702,-0.2053191489361702,0.007478743193292959,0.06900672551418802,0.43473050112801875,105.99335560583891,-0.07115225200331587,-0.07115225200331587,0.007478743193292959,0.09018207449868614,0.45879108211663633,0.8829787234042553,1.0628468217526603,0.52,0.8829787234042553
NOM,1775816188,1,-5.545087483176314,29.37296088383,1.0191445440204008,0.4870460090660287,-0.6684491978609541,1.653437662736823,0.4380373677303763,-13.805104408352664,8.09439329857,-0.07488587368052427,39.178679268,-0.32854486887541334,-0.30125278552283175,-0.03673160088240411,67.666948502,-0.42701776003627384,-0.3503309745453951,0.09624203192699168,210.279888595,-0.22024840959407785,-0.1571513445702265,0,,,,,1.0292910512,14.927138342168856,0.08851277675058067,0.08851277675058067,0.32385273301596934,0.6522926136560198,0.5118967698039734,15.657039305921018,0.4557787018195758,0.4557787018195758,1.3902971548539584,1.641651200629811,0.5063798127532277,25.584355590090713,0.5420055474589813,0.5420055474589816,5.076702254340945,3.7878850743475705,0.4942505277225682,1.2284644194756553,1.1152899503282077,0.3861386138613861,1.2284644194756553
LPT,1775840177,1,-0.8003369839932661,13.084223075770002,4.083332546090501,0.4790055692383028,-3.691683569979709,5.68717815384089,0.5129868506727506,15.861395802830657,12.402051272749999,0.015006611482829306,176.86226829999998,0.07117326042182842,0.22427822858327273,0.05228548244990696,373.09809409999997,0.03717627737073554,0.06143923280168084,0.16235316847348316,688.6643925,0.06498181865969999,0.1552856461816603,1,1.2531543317106042,28.22873997518363,2.5449029073066383,15.794637017658598,0.6054811092,22.887677418302577,0.02407614781634937,0.02407614781634937,0.059047573007253794,0.0,0.3577072517363546,118.12908391814693,-0.16262566528681255,-0.16262566528681255,0.1914290441747113,0.37133305496032143,0.46026571558982166,114.25249531194899,-0.151468788249694,-0.151468788249694,0.19142904417471135,0.37133305496032154,0.46649422428804416,1.5526315789473684,0.7904871533351215,0.3829787234042553,1.5526315789473684
ILV,1775842279,1,-0.9583333333333388,9.68872551768,1.1512012835338108,0.3778520796146668,-4.3824701195219085,2.98996777322439,0.48111167880527006,-9.262759924385634,4.82816284358,0.04227098948628254,91.7265103,0.16084420426588192,-0.2778953831114006,0.14603809870305334,150.8532845,0.14740802717204496,-0.184380467646999,0.10207710058172895,388.1452556,-0.01466926421374716,-0.14620761415928818,0,,,,,0.13890456426,-17.894590267531985,-0.12925170068027214,-0.12925170068027203,0.0,0.36612974001924276,0.5248209243248547,-18.402580377384858,0.3820289855072463,0.3820289855072465,0.00035830356090272935,0.5913663128178045,0.5179001972795629,74.82845093387944,0.20715447154471534,0.20715447154471556,0.4026315499274436,3.7722758052730954,0.5104854882283247,0.8533333333333333,1.0224386645165966,0.6790123456790123,0.8533333333333334
FF,1775865737,1,-1.7916512744735824,36.682123855834995,2.1401479383402777,0.4622756246267553,-0.5145167217934676,2.5427401089018216,0.48778917670785216,-14.315106433488967,15.545517934655999,0.11138611047417642,115.50954623999999,-0.13291125375673912,-0.17026509845187177,0.14552056429661644,229.31189243,0.03719935338069161,-0.1718261852437417,0.12163562220630608,839.27643278,0.07990128541322672,-0.001899238991223906,1,1.8165205589056654,47.27393131508718,2.5024047683967394,-11.538461538461542,0.9304167120000001,-2.916457763414959,0.43150001348690425,0.43150001348690425,0.04588552575353999,0.04473970583623824,0.5349124909793909,-13.824181841018024,0.26786953504510747,0.26786953504510747,0.28043757881253534,0.9473741804414192,0.5064902932384437,116.62646854921408,0.6347621843805049,0.6347621843805049,10.080130837116776,16.149261482740865,0.5010171595939589,1.3282442748091603,0.9565035282346029,0.6835443037974684,1.3282442748091603
CKB,1775880685,1,-0.20026702269693164,3.6622869753240006,0.3955745626580324,0.5669591837794279,-1.0568031704095038,3.045982004671576,0.5054854234639046,-11.62241887905604,1.85921003713,0.6114318752438928,33.391780109,0.20037205337542735,0.5859486352238275,0.5088129316024634,75.241075407,0.1196281882010426,0.5631632167198282,0.4303261237978827,146.914524585,0.04971704054380871,0.1125444524893906,1,-0.13787271177404525,10.167897783581108,0.3297372310361173,-11.553784860557759,0.0931682464,-10.345663512583714,0.05487305487305494,0.054873054873054716,0.0,0.0,0.6769160620118155,-42.38437298142848,-0.09146853146853129,-0.09146853146853151,0.0,0.0,0.43817486936316513,5.564257012436324,0.0072336265884653805,0.0072336265884651585,0.0,0.0,0.4743075379473787,1.0181818181818183,0.9881063188253802,0.5833333333333333,1.018181818181818
ONT,1775881272,1,-0.5697687409228158,3.69599610444,2.93900114535046,0.567636330264157,11.552841475573272,1.4861644296868792,0.5005635063918092,12.917875614986762,0.91547632378,-0.07534065821077911,148.09501133999999,-0.05413856395064215,-0.3281001040960124,-0.0279400898490779,266.5334282,-0.07181547827994739,-0.3334242796462432,0.12139380415070936,663.8259580700001,-0.07696539817741233,-0.17257720001585275,1,2.076307710919889,16.207427020821125,6.540781030984741,15.384615384615374,1.32686507464,-3.4978086923591722,0.01747455334899284,0.01747455334899284,0.0,0.0,0.42248229052233766,5.456071106836458,0.1392761318648328,0.1392761318648328,0.0,0.0,0.4221760457828042,15.63943483578052,0.2009869223408447,0.2009869223408447,0.00045948304138264693,0.004315763606600072,0.4923668776182687,1.1345291479820627,0.9052462966477817,0.9841269841269841,1.1345291479820627
DASH,1775881618,1,-0.06868131868131844,57.30340476772,0.6240108578634245,0.4947094682502461,-2.3255813953488302,0.692629171205165,0.4531911319064419,-7.359490986214212,6.615001625250001,0.13042003505733096,547.63720824,0.1532042736596512,0.12624451184638064,0.14681737023851277,1085.67621825,0.06893438468181572,0.14297033249373126,0.22936856748045636,1606.36630666,-0.006049957420301316,0.051586153191195416,0,,,,,7.9876425336,-2.0763482558774693,-0.08462732919254656,-0.08462732919254656,0.00018724673690748047,0.0011510167062842183,0.47514189930163925,-11.526842664260906,-0.14802631578947367,-0.14802631578947367,0.0033856234660280616,0.09940900918635973,0.47136187581001365,49.659083242747926,-0.33689024390243905,-0.33689024390243905,0.15692229024113324,0.17688768169789446,0.5092140173052865,1.125,1.0237197107425353,0.7209302325581395,1.125
ENJ,1775923566,1,-1.6327788046826996,5.580132590276,4.742000946882018,0.585997017210083,13.417190775681354,1.6258084382412994,0.5569758567606786,12.865090403337987,1.512037775296,-0.18374983998762476,96.44563337,-0.16654294362296446,-0.41612043214138883,-0.12532956687099248,223.09334817,-0.11846867855218646,-0.28951033489144895,0.03555211860507413,454.97376377,-0.18378643095525202,-0.09531850957627674,0,,,,,0.933426144,10.671353899895863,0.0015565495980172095,0.0015565495980172095,0.01349865769347896,0.0,0.5213623990080639,12.787128279062987,0.029624413145539874,0.029624413145539874,0.026759023368430532,0.0,0.5103060230214702,-0.6794817383465546,-0.1690874413145541,-0.169087441314554,0.13636759032110418,0.044449741703399305,0.4859315743347306,0.8485915492957746,1.0536174079215528,0.4772727272727273,0.8485915492957746
NOT,1775947522,1,-0.131578947368427,2.1142049075700005,0.608026897391656,0.3741987220878648,-1.8087855297157507,2.732916670307509,0.4772513005858898,-6.8627450980392135,0.9629909727239999,0.1581518835056061,44.2763691069,0.19301373181729328,-0.39147016217700825,-0.0024066353285565447,154.9158473441,-0.04090012523982385,-0.14685584018036346,0.2935670214899813,266.3463329142,0.023954536629263834,0.05282475393112196,0,,,,,0.1528691194,-3.06252305257122,-0.07915315658973854,-0.07915315658973876,0.0,0.3233262557800801,0.7089272842844152,-37.427212195639626,-0.04382655134382063,-0.04382655134382085,3.976674336752933,0.4173163831281938,0.5630858816718859,-31.14653382181909,0.11334127830395802,0.1133412783039578,13.84172947620185,0.4173163831281938,0.5786155265733994,1.327102803738318,0.9776023097828704,1.0526315789473684,1.3271028037383177
NOM,1775951458,1,-1.2195121951219634,19.77887755792,2.0359571879889224,0.6062056492542861,-8.482142857142838,0.6933032408398239,0.567860963742835,-9.49227373068432,2.2854599851799997,-0.04204353822153144,48.601484339,-0.111154383994052,0.2900307853641204,0.0901135297028705,71.607161247,0.023033310780074714,0.17618110633804696,0.28420842325594997,202.61850134399998,-0.026854599157920378,0.014978383847877419,0,,,,,0.8840700420000001,-7.580106849296319,0.00409303089622326,0.00409303089622326,0.0,0.5706970556977656,0.47905439370494457,-14.854963356080885,0.15606224905483423,0.15606224905483446,0.0010646441518035287,0.5706970556977656,0.5300023222444877,-5.741919314683752,0.2774337091337773,0.2774337091337773,0.5994990157126034,6.154081341441949,0.48059631208874554,1.4235807860262009,0.9180133914320373,1.1206896551724137,1.4235807860262009
TRU,1775994339,1,0.1919191919191876,21.2960878909,0.7151788078836829,0.5338856122462241,-1.9801980198019709,0.8728095072589632,0.4635851344640432,-14.655172413793094,3.0979046631000005,-0.19921923255002466,86.33867310699999,-0.22364266658320858,0.4659082104232628,-0.1504669198472821,121.080788104,-0.1777920092020226,0.12141132533571364,-0.037921507989661464,235.614609079,-0.13783652468751642,-0.04096150424744871,0,,,,,0.5758651759000001,-5.008336251027201,0.07915398886827463,0.0791539888682744,0.0002396845750991695,0.04854178750488323,0.4972458190292811,-8.343901544668586,0.015206611570248052,0.01520661157024783,0.9366361147937579,0.5214553381018224,0.5124937297220471,76.76603058689003,-0.4352419106317411,-0.4352419106317411,5.018372033841889,2.142348173896584,0.5048699428875005,0.9054545454545455,1.0185430077280442,0.5057471264367815,0.9054545454545454
CTSI,1776011502,1,-0.3342449103615919,6.54520024749,1.4339969633777565,0.4606651207476608,-5.485353245261326,1.7312084546512283,0.49003964057508315,-6.2660210766163456,1.8885176676400002,0.33750969068927617,31.4374669,0.208228130329589,0.7469328226998586,0.13012233309137775,92.9952452,0.29552775695554256,0.5040810368349284,0.2310148781465193,192.5257866,0.11576357365666595,0.17098661097796786,0,,,,,0.1054706262,-5.947871480937672,0.09323432343234317,0.09323432343234317,0.4751946755768859,0.0,0.5502714356866857,2.6213121371109427,-0.054173710053932234,-0.054173710053932234,0.4751946755768859,0.06502898718923127,0.5200865515141879,-7.746367255971487,0.2494106553512494,0.2494106553512494,0.48544746385510706,0.1356275061160109,0.5106594961551038,1.2376237623762376,1.0982494268094123,0.7352941176470588,1.2376237623762376
ENJ,1776013313,1,-0.42831947593853226,38.267198836984,1.6419395762238675,0.5369554188934561,3.5751565762004223,2.3277326498373623,0.5195624343330976,-19.427527405602916,14.845968025111,0.08459647008933587,167.33792562,-0.02319456110211318,0.09641782539334831,0.07680954684159715,319.42346738,-0.047349186237414145,0.19472431349723252,0.0830627453293833,812.70118277,-0.14753910061348208,0.26291850256599303,0,,,,,1.2890318136,-9.999565722525016,0.052196591243020896,0.052196591243020896,0.00023174369852495933,0.05449823523269481,0.402751420083847,-46.724014202202454,0.36999960626821005,0.36999960626821005,0.0748051933107076,0.9344834598269995,0.4897517896688139,43.929550171567634,0.051169103290632956,0.051169103290632956,1.2824757236852729,1.008706001109979,0.5018516930909812,1.0150602409638554,0.9495966977391829,0.7,1.0150602409638554
FIDA,1776022272,1,0.11634671320535084,10.379943742932,0.48400546428057,0.5485491818739466,-1.036269430051806,2.611963977990282,0.5249713960152422,-8.951271186440678,4.518673191684,0.21847739164081864,57.55513676,0.05208588422265653,-0.06457239764090683,0.2874859693351285,92.48414406,0.013145832544586733,-0.05424072388400325,0.3907616888526664,232.13175984,0.09850946973605212,-0.02089082785569052,0,,,,,0.14395544604000002,-4.808476299145625,-0.05521619355611451,-0.05521619355611451,0.0,0.0,0.7661656690641494,15.864538100268621,-0.06472823792000959,-0.06472823792000959,0.07183314202039062,0.5473716706633324,0.4775271138442691,45.92393562059416,0.27316609376142775,0.27316609376142775,0.07183314202039062,0.5473716706633324,0.4861041117316113,1.1239669421487604,0.9978478351796981,0.967741935483871,1.1239669421487604
PROM,1776085616,1,-0.34891835310537633,2.6013666127799997,2.766611719148967,0.5323957132415569,0.9866102889358741,2.0761486444881783,0.5194355473016059,6.542750929368046,0.90013729449,0.05323865752746033,24.4397381,0.2881600854086239,-0.15112326044231172,-0.25837976472590934,98.8330928,0.014167884048445212,0.14803145288365882,0.13312877990436928,190.72199030000002,0.03724655172306558,0.09746857929823505,1,,,,,0.1146435528,14.58784843841434,0.08421052631578951,0.08421052631578951,0.00025348132790944006,0.0,0.17471139212313935,27.332183493300576,0.21590909090909083,0.21590909090909083,0.01527525933407744,0.009491157360573354,0.41847178891633613,101.80886538164641,0.43999999999999995,0.43999999999999995,0.01527525933407744,1.1399329208506523,0.5356305129757849,1.0,0.7994142519009944,0.65,1.0
ENJ,1776105095,1,-1.5286333561487675,43.761116961204,1.328603901220906,0.5095130830370077,4.431736954967835,2.382093832182751,0.5280244129929774,-13.974484789008834,17.373847800452,0.10386450224583829,69.62617123000001,0.1287699165988142,-0.4331861811215162,0.12077054951990314,156.72372678,0.13133654982973356,-0.3914597680339863,0.06333725294778089,497.17521762,0.019028548633822008,-0.14690635150113363,0,,,,,1.0123688179199999,-4.299381349724385,0.07458841524775606,0.07458841524775606,0.010008151002533794,9.89866521233756e-05,0.6071142771453188,-20.001745683316287,0.15565660393246605,0.15565660393246605,0.671615501153977,0.40577989634649386,0.4819079264489275,-8.740067475569102,0.10551655702157392,0.10551655702157392,0.9400542402672111,1.3524049118907102,0.4822867714440073,1.032967032967033,1.0100567097865878,0.5789473684210527,1.032967032967033
MMT,1776150170,1,-1.8842530282637937,3.0678170170900003,9.0852220405629,0.561035459658091,9.83000739098301,2.7287594663063346,0.544052755198319,13.782542113323126,1.39522245438,-0.13402668411981206,45.7566068,-0.03952696727420167,-0.16334994538445147,-0.040429953924821044,68.5590208,-0.08937735346169727,-0.40303860518674806,0.17996791477632532,172.5118237,-0.0326530752881434,-0.05803966587328613,1,-5.204813365006089,7.4656841244702505,16.44345563263279,6.25,0.22091776000000002,18.801366167183218,-0.04559228650137748,-0.04559228650137748,0.0,0.0,0.5784966351643546,46.28852927774225,0.026658090337335683,0.026658090337335683,0.0,0.0,0.5238353000613475,28.582981733616265,0.24896694214876036,0.24896694214876036,0.0,0.1681639357560026,0.49207608277078735,1.9204545454545454,0.5767539074612125,0.7605633802816901,1.9204545454545454
ZAMA,1776161493,1,-2.939513849632558,32.16572527707,4.162806371837452,0.5355302681956338,13.179782469609712,4.274286459281221,0.5167629289481454,13.433792882334084,22.91425400079,0.096157568031298,50.247278109999996,0.7797710617301581,-0.24668230528643242,-0.05237851948585522,131.82723151000002,0.4080528119648146,0.2017400194127108,-0.04930896433623583,304.12417406,-0.13418513239635033,-0.07168415287442576,1,5.623722890733718,14.42672051642291,24.0,,6.1439749248,11.733263608000598,0.05065202470830488,0.05065202470830488,0.5427827295549316,0.0,0.5409548418436827,28.10508198512256,0.07103459802774514,0.07103459802774537,3.0861668027750344,0.7202517090585375,0.4861281202457061,125.34469912258555,-0.10794930875576036,-0.10794930875576036,4.823303423713868,0.7475891188064245,0.4735763557770616,1.435483870967742,1.0139131292935974,0.6623376623376623,1.435483870967742
BIO,1776244888,1,-1.8502202643171817,13.22430217981,2.636380041069276,0.49457606871045395,6.074766355140193,2.3568161741179905,0.5203507279262832,11.822660098522174,5.1945415448,-0.16984318875841284,66.58215577,-0.15946664140561673,0.07854642466007045,-0.06615902225825268,126.95935296,-0.03426046897591851,-0.08646382407365327,0.24742254799225122,335.25263979,0.02074258406996557,0.06066076914228802,1,12.435554122414727,13.269904957035873,10.527884591445488,22.442244224422446,0.4197974513,7.2372479006550305,0.08095238095238089,0.08095238095238089,0.20808475070415466,0.0,0.47654741206810375,55.5029153671323,0.12232035024154597,0.12232035024154597,0.23477097751498427,0.0,0.5458279166054149,49.20800246265016,-0.15644741731698253,-0.15644741731698253,0.23731845605895419,0.0649618951128682,0.5108048717187226,1.644927536231884,0.8696221584442744,0.767123287671233,1.644927536231884
RED,1776249987,1,-0.504095778197855,9.251782354569997,1.091491513841318,0.5089833303150706,-1.3059701492537212,3.1761671184974345,0.4842664998609463,-7.138677589233467,4.897534483679999,-1.9154310772791395e-05,91.6834679,-0.08011801830296218,0.04597116653712319,0.07448518622686921,187.34329699999998,-0.008273033308112104,-0.006653278236473437,0.3204380180684718,353.88715659999997,0.0043957613315044886,-0.06808885874955961,1,1.7746853857965927,27.477533533531755,0.36137469053584703,-8.812260536398464,0.404670154,0.18356284574991832,-0.05659777424483314,-0.05659777424483303,0.0,0.0,0.4904839833924296,-7.288537478919221,0.10412440838404313,0.10412440838404335,0.0,0.0,0.49003938188172597,-18.559041058666715,0.3345338135254099,0.3345338135254101,0.0038034680462251244,0.01386254939868879,0.4992690015709701,1.352941176470588,0.9738059593989187,1.0677966101694916,1.3529411764705883
MBOX,1776256952,1,-1.8400000000000083,1.4360444491900002,8.588920363347405,0.5947084988686859,14.678899082568808,2.556446349937651,0.5793011095302808,14.678899082568808,0.61186176508,0.17730552000380972,10.68455573,0.19286671020206805,0.11915432491984013,-0.0776142102614197,27.6265856,-0.18408543681316375,0.24668892409985022,-0.23329352202838055,62.544013099999994,-0.4456951946724168,0.5192504818022383,0,,,,,0.1013201573384,3.120727293405423,-0.053613053613053574,-0.053613053613053574,0.0,0.0,0.6829377370255656,2.498432702617115,-0.014985014985014922,-0.014985014985014922,0.0,0.01991855730404721,0.5811272943664553,9.945907528665554,-0.08613445378151263,-0.08613445378151263,0.0,0.01991855730404721,0.5604008552192294,1.380952380952381,0.9784204307334337,0.8970588235294118,1.380952380952381
D,1776260184,1,-0.9427312775330488,11.414922251640002,2.1529551206526305,0.5434705681667572,7.78727445394114,0.8322443625715555,0.5439370575219071,10.83984375,1.5833341155199998,-0.024630737240066355,25.377581862,-0.009824914601172017,-0.1116516702011725,-0.002096433068636184,44.150936032,0.058167851003915826,-0.024086819939197146,-0.0771955453957441,111.894838109,0.006734342992384429,0.0518424443843597,0,,,,,0.39876327840000003,29.976802001115477,0.2618595825426946,0.2618595825426946,0.0,0.0008343295835437189,0.47291842503743853,26.417300091230423,0.07622887864823347,0.07622887864823347,0.0,0.0008343295835437189,0.47036945850373335,18.55373904406681,0.1515151515151516,0.1515151515151516,0.10975469751278882,0.2194928889921575,0.5156572246005391,1.532258064516129,1.0031490967848908,0.9375,1.532258064516129
C,1776261093,1,-0.9079601990049646,5.810963208279999,0.9702187858093112,0.5653891598207342,3.7419354838709618,1.3262559933503972,0.5021941351306223,7.919463087248335,1.28447079702,-0.24821868933985,32.35411148,-0.20609468430720784,0.20649741325517157,-0.27888182360082636,70.53092729000001,-0.15194662913580284,0.0007745579541380554,-0.0010429222421408273,179.66321087,0.030095507699696784,-0.00515310750660436,0,,,,,0.2417709492,2.7153079523610124,-0.0024630541871921707,-0.0024630541871921707,0.0,0.0,0.3731367731367731,5.547459531168708,-0.017241379310344862,-0.017241379310344862,0.020737644520940648,0.0,0.5285598785832825,24.296800283788578,0.09161988773055318,0.0916198877305534,0.020737644520940648,0.0,0.4917880636887554,0.7758620689655172,0.9779801292058868,0.625,0.7758620689655172
BARD,1776282656,1,-0.12376237623762387,182.64169101316,1.775554564674249,0.4942142703534533,4.527813712807238,1.816079811189223,0.4949370527768389,7.733333333333325,55.28198128841,-0.1695631881399937,106.14776260000001,0.11770276226075929,-0.18866045137061604,0.003404592359118371,157.985081,0.12713563819580379,-0.05923457171616564,0.09999705821142309,274.9351704,0.07353389887184358,-0.02663209867560279,1,-1.144457541229682,8.37987410900862,2.4753732568129236,5.605381165919288,0.7623890400000001,16.04017016543211,-0.20094611271081864,-0.20094611271081853,0.0,0.0,0.33706869823271474,25.329250460601482,-0.08250966910184776,-0.08250966910184776,0.0,0.0,0.40864485009771717,40.71972692715558,-0.1461538461538462,-0.1461538461538462,0.0,0.81031490169376,0.4843730719302662,1.3461538461538463,1.0082121214794169,1.5319148936170213,1.3461538461538463
ENJ,1776291335,1,-0.08140836470946766,96.663875179771,0.8600632046083564,0.5384714283691951,12.359935970729484,0.9195776089380714,0.5109461682716576,12.720807524661627,14.814989201417,0.09524873214056617,189.43302354,0.017679158712194998,0.3907325686654013,0.023588878216471165,380.3525922,-0.10061814519145006,0.3400794148110575,0.09095162127107739,864.57385855,-0.18437615605696975,0.15762649332130763,0,,,,,2.262355463,11.816131116767314,0.07063197026022316,0.07063197026022294,0.03145442003425789,0.0,0.5449130129499256,4.821566015487155,-0.23651654579803771,-0.23651654579803771,0.6532497218806858,0.0073941404317682145,0.48660567010145345,62.54175362642778,-0.22499029018476402,-0.2249902901847639,5.496179061760465,2.386040568020146,0.5072146087417994,0.8921933085501859,1.001253896866526,0.5301204819277108,0.8921933085501859
ZAMA,1776301899,1,-0.3889886295631251,12.975702054749998,4.03426887665606,0.5025628339845185,6.027918781725883,1.6086177458566926,0.5113617812189813,8.506493506493506,3.4788240983699996,-0.03269746892014121,70.23114619,-0.12226715633823763,-0.09517305925644182,0.0819657585070788,114.67354294,-0.06398242328853501,-0.1774725405467703,0.34429704566599045,220.85708162,0.13207855706070373,0.20147440393873683,1,-1.090930404647994,29.495648544856174,6.313302372491308,7.048458149779746,3.92312448,-4.150863128515303,-0.07066947033416682,-0.07066947033416682,0.028318168481872897,0.0,0.47663257770301215,1.8603946175898223,-0.05291755256319386,-0.05291755256319386,0.02989075432039312,0.0006940182535324497,0.48229084898693597,1.386209947318351,-0.1544525929806181,-0.1544525929806181,0.0451778986120777,0.03082828001419929,0.47212997741150664,1.2710843373493976,0.9000377763911235,0.75,1.2710843373493976
BB,1776316300,1,-0.8116883116883078,4.4666156177300005,2.609258319157316,0.5276343280825592,1.9867549668874274,1.7584331784904392,0.546116825225174,9.608540925266906,1.3090408496300001,0.18429963590604215,12.864478080000001,0.1562358534807447,0.0574243386943285,0.3136333901003344,37.146623229999996,0.12749952327452133,0.41189454379456647,0.2465670918899687,175.82102381,-0.1354818656923983,0.024307845095792313,0,,,,,0.1383163286,1.1068522008522708,-0.10399999999999998,-0.10399999999999998,0.0,0.0,0.5217280409054901,79.20053126646171,-0.07555555555555549,-0.07555555555555549,0.0,0.0,0.5766882565528846,94.41520227127964,-0.12380952380952392,-0.12380952380952392,0.0,0.0,0.5379195534229879,1.0666666666666667,0.9773320734869043,0.64,1.0666666666666667
CTSI,1776326477,1,-0.15015015015016342,9.625481340979999,1.078096890974126,0.3986168169978047,-5.420118343195268,0.7642170682999908,0.4647910747025505,-10.543989254533237,1.22599285523,-0.2179401367181369,49.9451434,-0.07048428028267817,0.07036552126059004,0.08621901887090021,91.06124039999999,0.18426679072965935,0.08226173267676162,0.2274025886387685,190.00006059999998,-0.05583713446700628,-0.1470871800284872,0,,,,,0.10243544267999999,-6.57817080799693,-0.1783645276292335,-0.1783645276292335,0.0,0.0,0.3948864375894833,-19.381217930146853,-0.15983139667350177,-0.159831396673502,0.0,0.0,0.4504311342789443,83.9330029315815,-0.3596681096681097,-0.3596681096681097,2.6692774282644414,1.791054660379001,0.47545585460261675,0.946969696969697,0.966941301765243,0.6133333333333333,0.946969696969697
BIO,1776332809,1,0.0,92.77334620555,1.2556714126910624,0.46015940942369365,-5.420054200542013,1.2086956730094935,0.4689759397343614,-15.903614457831328,18.68912368821,-0.026210129319253248,159.09466824,0.03280233491460153,-0.02476428992746893,-0.007451218298730456,239.405848,0.03472772924479618,-0.07813607717878912,0.27799461817965027,515.37692564,0.18153291782996328,0.1026144779157867,1,4.493410517581631,186.96138784797685,0.7664676466634788,-6.747404844290649,1.6218665856,0.7965822246525978,-0.13914379215922001,-0.13914379215922001,0.022358398231988333,0.6433404302573974,0.495480299894095,-30.250271389522332,-0.08460124223602494,-0.08460124223602494,2.828398147374718,10.430226305415783,0.4859834352942413,186.13170238345154,-0.40496611010084316,-0.40496611010084316,14.630141512054095,19.822828388258767,0.49343926977082975,1.057391304347826,0.931715492817133,0.8529411764705882,1.057391304347826
ALT,1776337294,1,-0.38461538461538325,5.1390414288,0.7048632041804409,0.5114077857340897,1.4804845222072593,1.7580450448226206,0.468584593006844,-10.131108462455307,1.5057777198400002,-0.09691190865097085,53.353288226,-0.10840715113743395,-0.21770690927849623,0.08651849700973877,102.82945820900001,-0.06629275811726501,-0.13182618539103474,0.22003642972571164,224.115773541,-0.0011563187358579752,0.04603646656871141,1,-0.07893763926498654,13.010415167857067,0.8182300360738127,-10.483870967741938,0.141778066738,-2.8948833785584105,0.03984501130125939,0.03984501130125939,0.0,0.0,0.39330683740916117,-16.59819036110205,0.541795665634675,0.541795665634675,0.0,0.0,0.5505657979893511,-15.444417335497484,-0.05823650034176342,-0.05823650034176342,1.0132737968946758e-05,0.07896393537858398,0.5400088695241708,1.7473684210526317,0.9861709738813864,1.1052631578947367,1.7473684210526317
AXL,1776337294,1,-2.1922428330522714,13.029540015916002,3.0706275940498204,0.5192995213368973,6.654676258992809,2.1688812593780047,0.4959698840415799,-6.022187004754365,4.709920859806,-0.008649358423489132,83.73073277600001,-0.08644486798822475,0.34789260617771167,-0.04561096709175587,225.686954111,-0.08850658484664367,0.12678452821096786,0.1909441492312371,487.70172658399997,-0.07268710811987006,0.19776288192538471,1,6.4325849245762345,67.28640222700207,3.5256858758694403,-5.290456431535273,,,,,,,,,,,,,,,,,,,,,,,
WAL,1776345991,1,-0.5097087378640786,15.8985484655,0.795445435185663,0.5032989791939693,-0.9615384615384581,2.579217567980058,0.5139468144598663,-11.49301825993555,6.834302584599999,0.12756645524321583,54.71208774,0.38146720971963266,-0.07894030332552415,0.12122124256205578,133.93514298,0.21841400204164713,-0.06184594084587136,0.25638200310926773,302.60049504,0.07823301832676496,-0.19344452734149187,1,0.8243797978355616,24.299877891149887,1.016805586961663,-8.955223880597018,0.29957695679999996,-18.086764395484966,-0.029517677869925762,-0.029517677869925874,0.0,0.0013802797265079902,0.5190069731778595,18.507395653403623,0.40477145148356053,0.40477145148356053,0.0,0.0013802797265079902,0.5199266296847035,170.03815781230634,0.3837693222354339,0.3837693222354339,0.46783758503017153,20.365012266524236,0.5215175374082575,1.2672413793103448,0.9664691150973971,0.8153846153846154,1.2672413793103448
MBOX,1776351380,1,-0.31645569620254443,12.111588100489998,0.9547728984221452,0.4768359149386275,-4.242424242424237,2.3533306055963767,0.4776221687418418,-8.139534883720923,4.75042849321,0.02741163873395041,20.702286400000002,0.002332510413068749,0.05634105946584711,0.19858475002076434,39.013460079999994,-0.04684170631489551,0.02788304057653823,0.14339630273144377,89.69592571,-0.0815844093081855,-0.08540293102261942,0,,,,,0.19227211504800001,-10.0648693021966,0.08518183714623473,0.08518183714623451,0.0,0.6331487419255197,0.4605403282049845,-4.741643891160763,0.18726740042758738,0.18726740042758738,1.0517463017427993,1.263367290880211,0.5001112050501721,34.70847278413278,0.26751467710371823,0.26751467710371823,1.059863024490715,1.358617628275355,0.47468664200857713,1.3972602739726028,0.967043798506484,0.5975609756097561,1.3972602739726028
SIGN,1776355029,1,0.25759917568264346,42.810123535769996,4.724967391755082,0.4285148075236795,2.48152059134108,3.9169332586889483,0.41032826145397844,-21.607431340872374,27.947399447640002,0.2631269340477462,79.80920296,0.3961659834458622,1.629502338350636,0.233196426319629,149.73003593,0.25093263292132956,0.8871367904878165,0.09205221416962119,348.18398701,0.05654587343517291,0.18025218887135042,1,-0.6300610048038169,26.298934659895682,6.785760622429702,-24.13793103448276,1.353852544,24.11598743147867,-0.004512820512820537,-0.004512820512820537,0.0,0.0,0.5131940547755794,103.08372634964434,-0.11911716975008113,-0.11911716975008113,2.229842469461726,1.0172322725273102,0.47093919017948743,143.8163569681588,-0.22515440763615935,-0.22515440763615935,2.229842469461726,1.1338745174304596,0.47221445406816825,1.1794871794871795,1.3150665491216376,0.4,1.1794871794871795
FLUX,1776360732,1,-0.1907790143084176,0.456827632845,11.734315484463739,0.5845213953216011,6.070826306914001,3.8433113655445474,0.5809331637436587,7.8902229845626115,0.292621805568,0.04915733804106951,22.86949711,0.11414040832465955,0.03151227393396283,-0.07032261795896211,40.231392590000006,-0.1124901430022674,-0.07980893045623005,0.123983941898705,99.76661375,-0.14320604071277765,0.09236920572129836,0,,,,,0.039780400800000004,12.617932357258944,-0.05352112676056342,-0.05352112676056342,0.0,0.0,0.4926759936960368,6.023231176565758,-0.07042253521126762,-0.07042253521126762,0.0,0.0,0.47941284428385256,0.8909833914287235,0.016072908036454114,0.016072908036454114,0.0,0.0,0.5137269472681589,1.1830985915492958,0.949343180389692,0.9649122807017544,1.1830985915492958
TRB,1776389789,1,-0.09478672985783199,19.682080828180002,2.5524730536453903,0.46922281534227944,-5.338716913414077,2.8231822630950036,0.5263614836047822,12.834224598930488,9.261016915819999,0.08144046083426282,136.5831881,-0.33606928970592104,0.16141578501845877,0.06753169254790374,329.22748229999996,-0.04125966050860273,0.1257862021406284,0.14645707318450013,563.5100355999999,0.11267857025597097,-0.044625517383226065,0,,,,,1.10862801,-3.981307810349366,0.1808823529411765,0.1808823529411765,0.001099737683878292,0.09568818309037673,0.46688154818458627,63.87416679940641,0.2139912039582188,0.21399120395821858,0.9907508109956559,2.9839358830560303,0.4770618268419858,164.27553127479575,0.3507985975847292,0.3507985975847292,1.065636705318315,3.5139685853688643,0.47724749231926417,2.1470588235294117,0.8251552845928184,0.8714285714285714,2.1470588235294117
ENJ,1776397266,1,-0.5583201844884145,74.95566941346799,0.4093006251606039,0.5624352090510497,7.474563005478729,0.3571130450555406,0.5289567974628054,8.607962035328253,4.46127455807,-0.0405144076704141,175.82436937999998,0.08579541514208867,0.04992666355096098,0.08390077693942882,268.16631148,0.09545954336742227,-0.10093528598648704,0.2951241343582108,534.73168606,0.028699349026206744,-0.026958555760270952,0,,,,,1.7996836412,8.377798718954255,0.023580926364841437,0.023580926364841437,0.02938272749133883,0.0,0.5214665488828989,11.434308664059856,0.09786032366677522,0.09786032366677522,0.06109755486063258,0.014356568792708543,0.4963685754671913,-6.766789347085467,0.5079008057398287,0.5079008057398284,1.9215009820804947,2.957020785304008,0.4840262763595226,1.067448680351906,1.001879591828201,0.7368421052631579,1.067448680351906
XVS,1776415009,1,-1.2040133779264273,5.123730597300001,19.98833669380832,0.5551781845376221,11.567164179104484,5.238892121093371,0.5530010507519427,12.406015037593976,4.4737786428,-0.03900339622867162,24.7945014,-0.09533447475932505,-0.3504534625727561,-0.18673411195873785,60.0915305,-0.47897358166177356,-0.4840940990750361,0.054083881570542905,133.578032,-0.28951957101898806,-0.2019095642918799,0,,,,,0.0857185836,62.0758244681195,-0.06417295813315038,-0.06417295813315038,0.5739425213740932,6.792653069456459,0.5023545957773105,79.46039909415552,0.07293690892602656,0.07293690892602656,0.5739425213740932,6.792653069456459,0.5205270114159947,119.82087185352586,0.007513926674439508,0.007513926674439508,0.5739425213740932,7.045994866392076,0.4988798272903305,1.086021505376344,0.6667361894701462,0.9166666666666667,1.086021505376344
MOVR,1776419198,1,-0.6890072032571304,41.91215405817701,2.8148955481008633,0.5440239150549233,1.1723700887198873,5.091248988479245,0.5144857965055937,47.210696173351785,35.564201992280005,0.005210162685264039,48.28620767,0.018591975291992142,0.18746876298928017,-0.18969116033712063,120.80640625,0.049854284327921744,0.2277219403023416,-0.14151790970632538,278.75011602999996,-0.039848249183815784,0.11581859096862446,0,,,,,0.60330019344,6.354099473773545,0.06256206554121158,0.06256206554121158,0.5944993767612142,0.46439372976574994,0.5263984043581845,284.68362650062465,-0.2747208931419458,-0.2747208931419458,6.960990524558251,8.295419171778743,0.5090056749075973,1214.0689738704623,-0.5846918180406768,-0.5846918180406768,6.98489586912273,8.46205922774617,0.5064744610413691,0.9385964912280702,0.895238923564398,0.5333333333333333,0.9385964912280702
KSM,1776419792,1,-1.2222222222222356,12.89343486822,1.797314920516539,0.4853285021791698,-2.3508137432188048,5.254475209107174,0.4956316886911808,12.970711297071125,11.291372312550001,-0.03001049032703611,60.807851799999995,-0.4264560280833869,-0.009335418755692437,0.14021629398329494,86.536008,-0.20415208647200578,-0.1802044827607393,0.23315268687884796,252.3358026,-0.11680517873623972,0.26884731832215714,0,,,,,0.271793187,2.5823981611265756,-0.15029868578255678,-0.15029868578255678,0.0,1.7947925972110552,0.4203401098936912,42.057896629591916,0.017094017094017033,0.017094017094017033,0.01489275741117087,3.306753196870973,0.45112362123620264,49.02306500731839,0.11111111111111094,0.11111111111111094,0.01489275741117087,3.306753196870973,0.4699661679537808,1.037037037037037,0.7765490161968726,0.767123287671233,1.037037037037037
TST,1776420730,1,-0.08977900552485929,22.930615792136003,0.8880451746137398,0.5381954297189998,5.462490895848515,0.6641475000820891,0.4977195594386036,8.627156789197299,2.538218525615,-0.16729723778484476,18.187774715,-0.3173154392741788,0.04450673908699665,-0.05841429903492091,31.748401838000003,-0.2045720798262846,0.003368615359709448,0.19901867156346972,65.258291282,-0.10348322744092422,-0.03232039484816507,0,,,,,,,,,,,,,,,,,,,,,,,,,,,
EUL,1776421260,1,-0.03513703443428495,8.230022277649999,0.6783870332650194,0.41116280053811777,-1.454293628808856,2.4168922172370713,0.4942202738654815,-16.44157369348209,3.3151794650899995,0.11314774729578803,22.55846538,0.03363801389215541,0.08591033115086155,0.16601184992715382,57.10602517,0.09603036943643495,0.029209382912209536,0.19318195878964609,146.6654829,0.019519061678871352,0.06111383320868602,1,,,,,0.300475443,-5.10344923116709,-0.008065843621399282,-0.008065843621399282,0.0,0.0,0.36702257722715786,-11.235619727797951,0.1783068783068782,0.1783068783068782,0.0,0.0,0.47988743205523726,265.85299222316826,-0.1789173789173789,-0.1789173789173789,1.8510297362303907,0.3457248917343305,0.5138022075064089,1.4555555555555555,0.9928951870934065,1.3,1.4555555555555555
BAND,1776426706,1,-0.2797202797202636,2.181812713,9.438203036449169,0.5767670378141737,19.665271966527186,4.250190330429155,0.5496675675701203,16.73469387755102,1.5455198826,-0.386669064153415,93.58692328000001,-0.6879895646146016,0.9382747296929754,-0.22620906658250436,124.75864095,-0.5902708120938397,0.1780031793231165,0.045347338523302055,213.44334879,-0.24332391816450707,-0.038832946519885,0,,,,,0.1375729828,19.428625141032164,-0.11174537277287677,-0.11174537277287666,0.0,0.0,0.5512916614611529,11.325702469122255,-0.038946988820771744,-0.03894698882077163,0.0,0.0,0.508057541083021,32.09870577614164,-0.19535783365570603,-0.19535783365570591,0.4188419036008573,0.0162446139824483,0.5384949422243699,1.3829787234042552,0.9414522914728326,1.0892857142857142,1.3829787234042554
METIS,1776428828,1,-1.403118040089102,18.92347878365,0.9086977319147687,0.5388445343873323,4.418604651162794,2.0598918619666926,0.4911336142354913,-10.020040080160319,6.49671999109,0.01219833960420053,54.01423501,0.09618515262083165,0.612514986392807,-0.31509934568922054,190.53587783,-0.2176644087595113,0.6743317281740535,-0.07670801114593091,418.67599354,-0.09896192823722692,0.3813577764968017,0,,,,,0.39408408032000003,2.6863600139335198,-0.1978088452749025,-0.1978088452749024,0.0,0.0,0.5118494598048224,81.72029561579757,0.20202491652604748,0.20202491652604748,0.7426881333606264,2.7290594335267264,0.4872979099426557,338.2040250766818,-0.5332005634623792,-0.5332005634623791,2.429905857202935,4.66924941881905,0.4841821809446137,0.8959537572254335,1.1562641046142823,0.6617647058823529,0.8959537572254336
SAPIEN,1776439279,1,-0.9955156950672617,15.865646414669998,2.001978256592872,0.5119731435341609,8.463035019455244,3.27511701537947,0.48977771348057547,-13.49883630721489,8.660308088779999,-0.2824297626448711,47.32876666,-0.26277763673865673,-0.008605257803777966,-0.22745986679328953,119.04159489999999,-0.19423396415239183,-0.12848425569074862,-0.2521083545275089,399.33287934,-0.35129597082929365,-0.11521267638403787,0,,,,,0.9750176948,9.1311525391639,-0.019884668920262527,-0.019884668920262527,0.00011388511264175264,0.010078340170037291,0.5069837995697369,-7.912169757622555,0.34380592563133816,0.34380592563133816,0.6280929497649974,1.6848832167471346,0.4757671984338542,422.40581887068896,-0.5171339563862929,-0.5171339563862929,0.6672597363819658,1.7903560820586657,0.489316966766209,0.8691588785046729,1.0081375072656316,0.2232142857142857,0.8691588785046729
SKL,1776456934,1,-0.5069708491761693,13.975550644259998,0.8572489585961762,0.5243997744783001,0.0,1.8946536525267659,0.5205913170379637,-9.205983889528202,4.413138012370001,0.2704125812258506,45.53343382,0.17830404767375777,0.25972595621842576,0.21808305485925378,99.41306929,0.018942961805587633,-0.01571637383506208,0.223101975492041,287.98190853999995,-0.02709230076758093,0.10161912439610599,0,,,,,0.16723896,-20.830924398985672,-0.020336605890602932,-0.020336605890602932,0.0,0.21287085258124067,0.3581594702409036,-33.12808223918322,-0.013135985198889921,-0.013135985198889921,0.00029885380774910346,1.2167854906536133,0.4625752529266671,63.255334582799506,-0.12814645308924477,-0.12814645308924477,0.23219493830863336,1.395675325892962,0.48375646338040434,1.1043478260869566,0.9745400342077079,0.5802469135802469,1.1043478260869566
RARE,1776460001,1,-1.8181818181818188,3.20220056731,3.952679644720915,0.6435918239842511,11.976047904191622,1.6553624646856286,0.5860326351855684,11.976047904191622,0.88346710392,-0.1298729100618541,14.39105797,-0.07955293634032296,-0.5592186155782444,-0.40477500183869397,43.57150965,-0.5341938492994464,-0.3748807817903156,-0.05389377600245418,129.87952901,-0.15384667912104472,-0.02569745914143151,0,,,,,0.055907059200000005,22.862957079406332,0.230343300110742,0.230343300110742,0.0,0.0,0.34464253592628863,19.682522317394046,0.46112115732368886,0.4611211573236891,0.0,0.0,0.39814762166499246,26.970891753462922,0.21704413472706152,0.21704413472706152,0.0,0.002043391329014852,0.48055660991347976,1.2023809523809523,1.0114123743421142,0.7741935483870968,1.2023809523809523
AXL,1776474368,1,-1.9055118110236302,7.806479165087,4.406624411331612,0.5454728659433902,3.7581699346405317,1.7557050379509025,0.5095130452906513,12.190812720848054,2.284312466467,-0.20254926828683936,89.860850821,-0.07905951096569483,0.405244715648742,-0.18615420711089414,234.015873641,-0.06853716376963405,0.4829907072258528,0.27188889157488955,442.85068707799996,0.09973943975497451,0.19587005407974356,1,3.545745683817403,33.36495287675973,7.100267974395369,14.285714285714302,,,,,,,,,,,,,,,,,,,,,,,
TLM,1776498689,1,-0.24271844660195274,4.6215599602060005,2.9522036229740594,0.4855816502672177,3.9354187689202957,1.5200021480294459,0.5419817894168225,9.341825902335454,1.17079684446,-0.08622378368546608,30.579592465,-0.18433373504423667,-0.03928788605364808,0.06172863470089452,46.388639485,-0.22478877686761123,-0.12320170461107227,0.27605738238829053,95.68265041000001,-0.09693962603059941,-0.031873137566423515,0,,,,,0.13463800947,6.430836808817597,-0.051406540054262484,-0.051406540054262484,0.0,0.0,0.41367685503280893,30.94663556713253,-0.08053691275167796,-0.08053691275167785,0.0,0.0,0.4497846260127421,42.721234429715025,-0.16506668932121316,-0.16506668932121316,0.0,0.012943373174187497,0.47294224358316356,0.610738255033557,0.9571071397597255,0.3333333333333333,0.610738255033557
ILV,1776499345,1,-0.6601941747573004,1.6108710441899998,2.296998093637327,0.546705386628283,2.385685884691857,1.6069390352482382,0.577393823936444,9.808102345415781,0.43142859361,-0.012278211089444513,40.228974199999996,0.24546899051600787,0.039759785895803645,-0.009880900445558258,121.39409930000001,-0.015419048127293167,0.48987479533887845,0.18903371628104862,233.0266383,0.10528147070432393,0.13612060618950705,0,,,,,0.1905100626,1.5555368032752037,0.012195121951219523,0.012195121951219523,0.0,0.0,0.5831920406922806,12.230159001305353,0.10650934431422221,0.10650934431422243,0.0,0.0,0.4342418927365315,14.725477314703749,-0.06800106044538701,-0.06800106044538701,0.0,0.0,0.49821031412900707,0.5426829268292683,1.0196001265990473,0.2525252525252525,0.5426829268292683
ARPA,1776502616,1,-1.8333333333333313,4.539948944104999,9.57281382447786,0.5290576490111214,10.905730129390022,2.822572406971023,0.5294308493483536,13.52885525070957,2.1357224364480003,0.07852483892503688,13.39436106,-0.011816794353669113,-0.38739460699936423,-0.01367578865194492,34.824167280000005,-0.1339234515302405,-0.38797105944550836,0.20363362218765851,159.54250398000002,-0.06528828716140084,0.13006480250769403,0,,,,,0.12662697426,20.428499656492114,-0.060869565217391175,-0.060869565217391286,0.0,0.0,0.48471286684100695,26.297485338728798,-0.08088978766430732,-0.08088978766430732,0.0,0.0,0.48681417536604005,29.97161906480512,-0.10044977511244368,-0.10044977511244368,0.0,0.0,0.4886224970086588,0.782608695652174,1.219038811151159,0.527027027027027,0.782608695652174
HIGH,1776509165,1,0.0,73.41496548033001,2.489304668221476,0.4735196854938339,-8.316831683168314,3.7404112988499034,0.513269334171187,29.691876750700285,45.767027731217,0.12468438124803283,56.33928151,0.32652996005010826,-0.2193033490856071,0.5173155432495891,104.81245374,0.8537482388969522,0.1694189973064193,0.2571293544896015,355.99744545,0.6049531801252754,-0.18627651263018963,0,,,,,1.5869344399999998,7.6155911513758,-0.17169256365310914,-0.17169256365310914,1.0384631075244672,0.15000627247084009,0.5000118211693501,48.24996362998832,-0.21379709027844696,-0.21379709027844696,12.153583559507348,5.36310522695569,0.4978411273057179,1550.654119363071,-0.24327771282814326,-0.24327771282814326,20.075802539139552,9.604228130558438,0.5019571504850885,0.8247422680412371,0.8112552920360181,0.5268817204301075,0.8247422680412371
PORTAL,1776509492,1,-0.20891364902506648,17.667083021455998,2.0843732036152027,0.491739927743279,-0.13908205841447474,3.6195972615234746,0.4993625676465777,-4.58471760797342,10.657954220595,0.047132803185143984,25.601871146,0.26531752128716923,-0.00879655838160831,0.14686891873491476,40.240068083,0.35415000476650804,0.15232191504826376,0.09909177032259246,91.02393442200001,0.2909586099853301,0.02928726654407976,0,,,,,,,,,,,,,,,,,,,,,,,,,,,
MAGIC,1776510110,1,0.028735632183907178,5.353219666159999,0.5733234332006335,0.4081625113147632,-1.1363636363636465,2.491720326053462,0.4690127899657567,-6.451612903225801,2.223121042,0.10659021926724069,46.006887794,-0.055392547373979445,0.14875346775770626,0.21149510960127607,77.94357094600001,-0.014032696869317546,0.17713749707378246,0.31912686999013284,157.570218479,0.02317162066723638,-0.04705612584374297,0,,,,,0.25072469756,-3.620026040329316,-0.0094890510948904,-0.00948905109489051,0.0,0.0,0.514166820186608,3.7160006998349315,0.061792096652403705,0.061792096652403705,0.0,0.08128318509636653,0.48074846290431866,19.02723788141214,0.21743402582818638,0.21743402582818638,4.16856637248465,0.08128318509636653,0.48339218454245236,0.8613138686131387,1.0020506187752125,0.3369565217391304,0.8613138686131386
ALICE,1776514930,1,-0.38778477944741985,30.482966262129,2.6063942783724023,0.4663961343846723,-12.54768969902501,3.066838065545616,0.513235211128103,3.616273229532907,15.58105354724,0.05987336432407758,38.503290910000004,0.09604061106980993,0.13871563579873092,0.20315474629903232,65.62542009,0.044145708899256314,-0.023593705746183136,0.2830684188328674,157.83875406,0.0905467006955159,0.0054674348860133115,0,,,,,0.28103045046,-5.3842836729431465,0.04417670682730934,0.04417670682730934,0.20352733985366145,0.9088833383781497,0.4368154247628787,46.81366207038562,0.30868002054442756,0.30868002054442756,1.8002999538728346,1.9580970535373492,0.4740396189371671,378.53244936227907,0.21495327102803752,0.2149532710280373,3.972769211210123,2.4445345935841263,0.4884640003179152,1.1818181818181819,0.8317367472604128,0.4456521739130435,1.1818181818181819
GTC,1776516978,1,0.20754716981132848,2.0820174372999998,1.5865581150385113,0.5928977285681489,5.999999999999983,1.0142135673649193,0.5224060421916128,9.278350515463906,0.35193505540000003,-0.02401802971631066,6.568417386,-0.04125101632164012,0.14847251418040863,0.1399222264734857,10.830935743,0.33494609532067754,-0.00446595150386675,0.1582952856944737,35.586289765000004,0.22955346766032414,0.4655156856639906,0,,,,,,,,,,,,,,,,,,,,,,,,,,,
PROM,1776517580,1,-0.3867403314917195,2.5927136448700003,3.3697247799064463,0.548300826015062,8.904933814681115,1.2555583209819619,0.5141893751713799,7.609988109393595,0.54255053179,-0.17876547110785404,7.981207,-0.5981621644759814,-0.40091112968455367,0.27767736266395315,16.3442061,-0.2159245602812318,-0.5852303559958276,0.18136380525344184,112.6488088,-0.1567526800774132,-0.024598027548141332,1,,,,,0.184484196,6.986825672382113,-0.12554690396737123,-0.12554690396737123,3.2042149561689284,0.2827081188027618,0.4820845306970429,4.413340119049969,-0.09625187406296865,-0.09625187406296842,3.2042149561689284,0.2827081188027618,0.4745233584132427,22.678119201279067,0.1586206896551723,0.1586206896551723,3.301019129031518,0.288130805524393,0.4438674013814936,0.6068965517241379,1.0564472002450644,0.2066115702479339,0.6068965517241379
NOM,1776518195,1,-1.2852664576802564,13.086794866049999,1.4429469675472675,0.45787167741304124,-7.803468208092479,2.7791037171485415,0.4758224393831812,-7.803468208092479,6.0615933763,0.15319505121318266,25.804740783,0.21060630299195626,0.3070186593678752,-0.004252995685126807,62.659920144999994,-0.2629236261217679,-0.024771962425474192,0.21911690440596196,166.62451645,-0.15697879556264568,-0.09848248579992702,0,,,,,0.6101795280000001,-12.560267743791243,-0.016146359959555157,-0.016146359959555046,0.0,0.2953246900803922,0.43401272805045,-9.28034671092578,0.23649885583524033,0.23649885583524033,0.004143157683913643,1.3638766818804184,0.4516223662035707,-10.555885073498805,0.15219419208306273,0.15219419208306295,0.0049005577256928225,3.4506316147663347,0.4855968436824293,1.7445652173913042,0.8672945781677003,0.6184210526315789,1.7445652173913044
ACE,1776525081,1,0.06896551724138167,12.409532296,0.3472677212008281,0.5443179703879842,1.3986013986013957,0.9057301102172014,0.45025666138177056,-11.042944785276088,1.8732811757,-0.011914438008352755,22.925692044999998,0.045745672283089386,-0.16243695662659619,0.061388708434555586,61.568101235,-0.053223369759399175,-0.06438349761708573,0.20407536405677335,186.869315272,-0.0019714803962812555,-0.042060856954564074,0,,,,,0.25221163022,9.444209387175007,-0.23877278790573586,-0.23877278790573586,0.0,0.002495701722600761,0.544144531029772,19.56264872585276,-0.01850048685491712,-0.01850048685491712,0.007313746786343579,1.4342211446969015,0.5103038944779831,88.07099503244513,0.0017889087656528524,0.0017889087656528524,0.03751141052356503,2.150892349915838,0.4839935405454419,1.2307692307692308,0.8651315653339372,0.8378378378378378,1.2307692307692308
LUMIA,1776526279,1,-0.3325415676959653,1.9924216580540002,3.024418502487831,0.6813903087250106,7.948717948717943,1.5479557561035158,0.6201809481426847,14.298642533936645,0.514030095695,-0.6742693797058549,32.817967656,-0.6392845383690412,1.1457801517177386,-0.4805716279369296,33.872127788,-0.4537412830511177,0.463992007843935,-0.3358042461847401,65.33437549199999,-0.40876783436424835,0.25543702431080373,0,,,,,0.0950925312,2.6876831539798918,0.008695652173913215,0.008695652173912993,0.0,0.0,0.7220403596734761,9.069663016653706,-0.16032608695652173,-0.16032608695652173,0.0,0.0,0.4834345012009987,12.18896334626345,0.05425724637681162,0.05425724637681162,0.0,0.20771820615918152,0.5117042257376276,0.8956521739130435,0.9925003972790232,0.4642857142857143,0.8956521739130435
GPS,1776533481,1,-0.4469854469854484,1.875863017817,4.1231313991278515,0.5634203861472825,4.45168295331162,2.9770231193346097,0.5458380177433413,8.700564971751401,0.9307479287909999,0.028806267129917944,12.648087793999998,0.08515186633875553,-0.3087424798285754,-0.003067798810584196,29.234993378,-0.23994361648564339,-0.37327049815809366,-0.1564341730804658,202.25220877299998,-0.405167242247782,0.23317908884070726,0,,,,,0.308292532,1.7452825734541655,-0.030992736077481875,-0.030992736077481875,0.0,0.0,0.3481904761904762,6.1655428258061695,0.049779794474843264,0.049779794474843264,0.0,0.0,0.5477081564935566,12.102172134267498,0.12451108213820072,0.12451108213820072,0.0,0.0,0.4935715080336284,1.1694915254237288,0.9808478919744721,1.0689655172413792,1.1694915254237288
VIC,1776533481,1,0.032894736842092875,7.211757246205999,0.5467998030968887,0.5664625871033484,-1.4586709886547755,2.0399539382498744,0.475631178521369,-22.646310432569983,2.4519420993499996,0.10087347289430494,11.678376759999999,0.23295435931957897,0.09483014927199274,0.5549989591013283,17.53454473,0.271834290895645,0.4115725947576254,0.21411324629233727,92.90768288999999,0.22649489799301506,0.040528895947822274,0,,,,,0.3631843574,-2.743181168791986,0.20484018264840165,0.20484018264840187,0.0,0.016735192130827165,0.5600038774718883,-27.656117424673077,-0.22242516489091835,-0.22242516489091824,0.024982023083134037,0.46389236366378817,0.5038303621791088,9.292850757651138,-0.17515870364183106,-0.17515870364183084,3.9570663238041757,1.5718825394543274,0.4954514422109602,0.5410958904109588,0.9895724641424316,0.1339285714285714,0.541095890410959
XAI,1776536772,1,-1.946472019464729,5.453007008079999,3.662729454116811,0.5199375941497417,10.6822262118492,2.0553926549499075,0.5310110603200336,12.090909090909108,1.868011758633,-0.06798225106557246,28.1433708,0.13475687375791326,-0.376038127353544,0.035675884127794925,58.37345809,-0.1830832611633114,-0.4493350576205647,0.03910429506150544,163.40853257,-0.20070247550237175,-0.3213083798540126,0,,,,,0.178116454208,-6.787925920405035,-0.14736135957066188,-0.14736135957066188,0.0,0.0,0.33176203218160577,1.956060296861195,-0.034134615384615485,-0.034134615384615485,0.0,0.003489851640961316,0.4524507468456854,-29.240872247531414,0.2615384615384615,0.2615384615384615,0.0,0.003489851640961316,0.449530238527326,1.5769230769230769,0.9444366524823883,0.9344262295081966,1.5769230769230769
API3,1776540678,1,-1.5540207202762613,27.655045154596994,0.6479999352177932,0.557043769727425,2.7629911280101283,1.2455752818291133,0.5505966329692726,-2.9446971510653674,5.741073443739,0.03708784229427991,94.12429476,0.08935295044232253,0.45640754860478916,0.12885103572891884,117.89036351,0.2649607137117911,-0.28637436513828685,0.040124310456264384,320.79967748,0.025144953134666442,-0.10255839745750372,1,1.1046785091016087,61.688478038662254,0.4130194108765772,-9.531013615733741,0.345170484,-0.3666041984595747,-0.0005944125222905328,-0.0005944125222905328,0.4487850125678765,1.7275503197428668,0.5602369830238122,-11.745245326312082,-0.1570020078515989,-0.1570020078515989,0.517755278287352,3.767112978292779,0.4891286413862077,223.9033769532987,0.04378478664192942,0.04378478664192942,1.0227772256448209,6.349813676420838,0.4969322600851099,1.3197278911564625,0.9435341226412964,0.7746478873239437,1.3197278911564625
MLN,1776543387,1,0.19047619047620756,6.253392803910001,0.3365572421748496,0.6236421244098916,-1.2539184952978122,1.7655818206009024,0.4813954466904477,-23.17073170731707,1.84014610861,-0.4003015099722075,22.93200489,-0.4765424003243508,0.14140770692974636,-0.11555351222327051,41.53857535,-0.02835488031530685,-0.008750272585175134,0.10289807933731573,81.59504089,-0.0661335367167192,0.022133497240443667,0,,,,,,,,,,,,,,,,,,,,,,,,,,,
SCR,1776549704,1,-0.042185192997257204,5.873896196624001,0.29031205089053047,0.38289886893312536,-1.9644334160463184,1.7386034747746348,0.4481137353833426,-16.795366795366796,1.7020627229860001,-0.026667604443203607,16.99492332,-0.03545403877987184,-0.21636327534511868,0.05267621853531477,29.084804039999998,0.06769279423135934,-0.14698936862143064,0.18264600345927956,61.73670061,0.058091177097338506,-0.02731907706862058,0,,,,,0.07560531170000001,-9.062717703789215,0.023359288097886788,0.023359288097886566,0.0,0.0,0.43384555048488305,-24.87747223935709,0.10831122900088408,0.10831122900088408,0.0,0.3912030561736312,0.4181179261428481,1.2232102090145247,-0.024929093894610954,-0.024929093894611176,0.0,0.3912030561736312,0.45973319921586697,1.0574712643678161,0.9940145716827496,0.8813559322033898,1.0574712643678161
ENJ,1776552376,1,-0.49094294904350466,13.418119491695,2.0136603528710153,0.48403604610634055,-0.1183632059519768,1.0089625944808014,0.5393971310072813,8.087831655992673,2.256396775899,-0.050490367654249704,120.14525040999999,0.13377485942049405,0.09254387576259715,0.12184770872809914,197.40215337,0.21536843615739992,0.040641121514955136,0.18632249825272687,501.53452895,0.019696883817686833,-0.05249553095763304,0,,,,,0.7891630705199999,1.509154237574073,0.02349145536119379,0.02349145536119357,0.0,0.016991906363743314,0.5199532379166285,3.5939461968616193,-0.07902053558362987,-0.0790205355836302,7.108796913549726e-06,0.016991906363743314,0.5364297022949656,-18.824635286020918,-0.11301118452303827,-0.11301118452303838,0.8771276062676041,3.3829406376566395,0.4790592358291611,0.9518072289156627,1.0143093271015107,0.763888888888889,0.9518072289156626
KERNEL,1776554209,1,-0.35539215686275494,4.63710001119,0.7826394245977581,0.6107772258330835,3.1605562579013924,1.3649016418767657,0.5999401216575402,2.0000000000000018,1.0548642364699998,0.049262246018416465,31.2789973,-0.05199474470167071,0.013340508760927294,0.20522190314745217,62.05766526,-0.17581562975632206,-0.013149070832715215,0.11059348204232013,279.80698406,-0.11195596396897019,-5.297848047258746e-06,1,0.2784259502665476,3.7442479431227405,0.6643549897868134,9.009009009009006,0.49895356,-23.617126235448836,-0.23528089887640447,-0.23528089887640458,34.23559559330532,0.0,0.5514416543413362,-26.863564683232088,-0.3676190476190476,-0.3676190476190476,34.266713940271316,0.0,0.47331264060396533,5.058647595100796,-0.3535313531353135,-0.3535313531353136,35.962409948533086,2.805918610942469,0.493519659937422,1.1066666666666667,1.2171481982907129,0.84375,1.1066666666666667
MOVE,1776560822,1,-0.4587155963302725,9.48164601159,2.321996738664158,0.5869971429698487,11.22448979591837,1.2210357484141672,0.5321265963373181,9.000000000000007,1.9295714556599999,-0.3090349249646404,113.75109984,-0.1627988428334466,-0.09119564985218387,-0.09802012534631369,226.84640612,-0.11888199655896706,-0.08024015670840023,0.010832096893672337,376.64347865,-0.045884436044687345,0.002464192702546386,1,0.8549395646169966,13.625623197235521,8.385833252259753,10.54421768707483,0.77894330004,3.9792124558419184,-0.09804934021801504,-0.09804934021801492,0.0,0.0,0.4919087631675206,7.111083672959007,0.14698634698634683,0.14698634698634705,0.0,0.0,0.5142277295587256,165.61526508526026,-0.37700940248710946,-0.37700940248710946,0.0038485933441446333,0.0,0.47788851599404514,0.7523809523809524,1.0208092040765144,0.2254901960784314,0.7523809523809524
DIA,1776564364,1,-0.47194546407971494,3.3737015163200006,0.5471520096814965,0.3599935118043477,-6.151574803149595,0.36120853246947804,0.4041993653345339,-8.405379442843419,0.20310162895,0.23707696866069572,14.6271245,-0.30738509256791424,-0.5993630871708426,0.34410151671002753,31.01157,-0.039002102690508356,-0.4974174896924193,0.39013748995441383,106.7883138,0.03771520415000551,-0.16038294966144429,0,,,,,0.0753375132,-0.08881222783978515,0.016281982465557343,0.016281982465557343,0.0,0.7801189275252054,0.462773677546861,-2.049242217576208,0.016281982465557343,0.016281982465557343,0.0,0.7801189275252054,0.4107965121975115,-5.86939418371103,0.13006787745367832,0.13006787745367832,0.0,0.7801189275252054,0.5097179377604051,1.1594202898550725,1.000303768298112,1.1111111111111112,1.1594202898550725
HIGH,1776595603,1,-1.5555555555555656,95.76272533443901,0.47871926421928374,0.5036233684253492,4.651162790697683,2.3207513401284086,0.46550504590102665,18.421052631578938,37.040245525708,-0.14262952683621052,78.42567619,0.38979959183792035,-0.007263141361277259,-0.12773130194939894,123.20312278,0.38103717891830857,-0.1153349921672232,0.1249136442447737,292.93630078,0.29356590338422345,-0.01528106953509234,0,,,,,1.2696367176,6.528196166020139,0.07085789129011144,0.07085789129011144,0.2764326638752527,0.23713317032065642,0.501211174570975,119.64510070700274,0.5370130110835156,0.5370130110835156,5.585160772133611,4.651721975372713,0.5077825914780694,-21.65975881254214,0.3569089718402094,0.35690897184020964,19.99468692744429,18.567379316629804,0.5051724784597309,1.1473477406679764,0.9778696082149204,1.25,1.1473477406679764
BLUR,1776597124,1,-1.7629179331306921,13.531218870757,1.7408827589180926,0.5374582561178899,8.4019769357496,1.6884963754154254,0.4995875365096688,10.033444816053505,3.807902336371,0.04327471820799097,153.34510135000002,0.14564843694907434,0.1478591750584035,0.0485251540521472,335.75568507,-0.03185599729757319,0.39303392945677285,0.0865483402299622,780.2428979,-0.206384895222661,0.2399617524859008,1,1.8851885188518658,39.49754910162444,2.310273629363575,10.633484162895911,0.96339413934,3.8322173093404466,0.057172655731487554,0.057172655731487554,0.0,0.0,0.5536236626538601,-8.623862261098026,0.1367655585620411,0.1367655585620411,0.27541309331793595,0.013379405659277114,0.5243563684396478,23.46152368179051,-0.03948312993539127,-0.03948312993539127,0.7726375224889168,1.076822631192985,0.5199746193553374,1.120603015075377,0.9729217869459627,0.6233766233766234,1.120603015075377
CFG,1776600423,1,-0.19171779141103906,14.632676230180001,0.701634651309011,0.6201131368576437,3.863002787733971,0.8109195695812941,0.5596707716815655,10.088644997889396,1.9776539184000002,0.039610833034668336,59.5003893,-0.013598726985620611,-0.06911147732006784,0.03281559987052661,112.6209204,-0.03515328256707105,-0.018901096876907775,0.2097294771276915,279.47627020000004,-0.034947273432198,-0.03678207665798794,1,-0.983904584677886,24.905178486701228,0.8856812605576814,7.887323943661961,0.3861759288,4.67676363962517,-0.06194690265486713,-0.06194690265486713,0.0,0.0,0.512409567655509,40.89073604873572,-0.02138104773593419,-0.02138104773593441,0.0,0.0,0.4641481574346866,52.691699383897486,0.01435965937552175,0.01435965937552175,0.4301101068524186,0.2684689082568214,0.4854172006004467,1.3274336283185841,1.0015602145294977,0.6962025316455696,1.3274336283185841
PROM,1776609138,1,-0.0801924619085903,19.16276248079,0.8582765809307239,0.5591034899506573,12.342342342342349,0.6218114280049651,0.49676177841676594,12.392969806219046,1.9859374504499998,-0.5186063865654688,81.6634655,-0.3321709719125585,-0.20384422259933166,-0.37763410272785697,119.8739789,-0.22871845709928154,-0.2546781007970672,-0.10903718879530598,340.0543765,-0.205035427405095,-0.20632121860077157,1,,,,,0.6464403204,8.248567862143297,-0.08082706766917302,-0.08082706766917291,0.1710763956239138,0.008075919516854444,0.465166724164747,14.278103699319544,-0.07872435325602145,-0.07872435325602145,0.47010624246327565,0.6252373146370342,0.4969724889875457,158.1464048504243,0.24677259185700096,0.24677259185700096,10.728444608326136,10.48705678786431,0.4952048134580972,0.7105263157894737,1.0729678991165315,0.4526315789473684,0.7105263157894737
PHB,1776611191,1,-0.5000000000000004,26.8579320044,1.2538239775155873,0.5176433155779748,3.2258064516129004,0.7985026492317647,0.5146625634963613,13.475177304964546,3.5743549764,-0.025770564525319974,31.9205682,0.0874579218903527,0.5341414101924518,0.03678196285447596,51.116548300000005,0.06414620073991564,0.1293701223794299,0.21066193178206666,117.3464295,0.22998709221308722,-0.07696150857544859,0,,,,,0.24354246400000001,-14.938767404825503,-0.040095819312154224,-0.040095819312154224,0.16189045373212615,0.24874902308617527,0.4541150803196178,2.0113811196402764,-0.10927402922512663,-0.10927402922512663,1.633964991008714,0.3876676307257859,0.4720599920121902,149.70547888428825,0.8902670363344518,0.8902670363344518,8.160384465848223,10.999388960768664,0.49181966784335757,1.146067415730337,0.8905589485727413,0.4943820224719101,1.146067415730337
GUN,1776615996,1,-0.3731343283582156,0.79974413493,4.756497665510176,0.5024901829331133,5.650459921156381,1.597528024949914,0.489062153296969,7.7026121902210365,0.21293561139000003,0.2795065743963929,25.53474639,0.23198908157914078,0.0407450356455592,0.0977335817438481,70.90031945,0.000622199983981761,0.03660233555899839,0.21710016233236637,196.88255882,0.0313988960593988,0.24079301838680656,0,,,,,0.2674891296,4.26752873620142,0.03750000000000009,0.03750000000000009,0.0,0.0,0.2947950553025374,6.265524544234702,0.006858407079645801,0.006858407079646023,0.0,0.0,0.4045234174899378,3.284408615875045,-0.03114224137931043,-0.03114224137931032,0.0,0.0,0.4304668225255605,1.3875,0.9981641412220997,0.9491525423728814,1.3875
ALICE,1776621418,1,-0.2001334222815121,9.384359485070002,0.15136853626504101,0.48641229533459535,-1.0561056105610533,0.4188447490351741,0.5254843819116268,-7.810578105781052,0.65509828223,0.1034179267216189,78.78927796,0.3335552489186,0.3712274399220592,-0.051045974558506194,159.85707703,0.03526482812593611,0.5421988532117816,0.11615773902743483,271.33240324999997,-0.05165221172549221,0.2539265639092172,0,,,,,0.33540944640000003,-7.069060625308055,0.05450777202072543,0.05450777202072543,0.0,4.4930159724923e-06,0.5805610510292301,-13.131787587089871,0.03309644670050771,0.03309644670050771,0.0,4.4930159724923e-06,0.5026392216926234,-24.35887778883471,-0.0928155339805824,-0.09281553398058251,0.27761637902396297,3.1381634336700666,0.46186827466491026,1.28,1.0006781444532338,1.0526315789473684,1.28
BIO,1776622606,1,-0.07092198581559739,21.342208519160003,0.30407540136316785,0.47587309580707476,-0.7042253521126862,0.4421197933020374,0.44404459043938943,-7.236842105263164,1.57263546985,-0.06203003959317303,157.9955183,-0.0284572696234442,0.05944933015942522,0.054408184080206916,222.09013788,0.01666010026470323,-0.031679555784368096,0.17400834039754964,430.29469387999995,-0.050767549393564954,-0.12289728983974058,1,0.5719253708649452,32.19397529237256,0.27430876861236725,-7.86026200873361,1.08803926528,2.3977572529839453,-0.02755050926698943,-0.02755050926698943,0.0,0.25877926374977084,0.6484335865118511,-5.7170121131729035,-0.08747855917667235,-0.08747855917667235,0.0,0.5111060066907516,0.39793785907388085,-2.499692019919064,0.04350537969748958,0.04350537969748958,1.9878840488751965,2.400170313088795,0.4713405189709013,1.5849056603773586,0.9074702787158727,0.7352941176470588,1.5849056603773586
DOGS,1776632464,1,-0.29239766081869956,8.941335832343198,0.7876303118285206,0.44060945264555995,-3.93258426966292,2.5109437605883502,0.46536892304658456,-8.064516129032274,3.7418652365911997,-0.02993173272906259,20.9133522636,-0.25628277229747015,-0.4696592186350389,-0.11544197447676674,63.0022316603,-0.27858071238659593,-0.04111579959992129,0.1489580912362551,155.29783566429998,0.03624906815137931,-0.1282888126296996,0,,,,,0.2458653894806,-11.587116787805218,-0.02617801047120416,-0.02617801047120416,0.0,0.018529773587182663,0.45804926255074796,96.15379875887933,0.21385542168674698,0.21385542168674698,0.23889549095983909,0.03364216015712394,0.4996269836662804,199.7873181810951,0.40251865671641784,0.40251865671641784,0.42469944936369003,1.1551619338126082,0.49572886251865295,1.9375,0.9930100820954855,1.2115384615384615,1.9375
BOME,1776657688,1,-0.14388489208631006,36.88182753606699,0.24923592966955901,0.43652386341735944,-2.1126760563380365,0.4464464221039485,0.4865904084990206,-2.9668411867364908,2.7442933240219998,0.26099550789354503,106.694244794,0.07834375255175191,0.2793947139873001,0.34796033444516644,195.8594926655,0.13272266147486342,0.3199701726934985,0.3898659837998216,477.4841786988,0.04913439119742857,0.009139757612835142,0,,,,,1.014589902,-1.159261601786632,0.06730982479485448,0.06730982479485448,0.0,0.0,0.44540460482783284,3.454032397156803,0.10075793092670726,0.10075793092670726,0.0011328715156086779,0.11212574634908994,0.4745852213879467,32.496060377308346,0.6203703703703702,0.6203703703703702,6.222924077555032,7.338310498974391,0.4961464680537595,2.1604938271604937,0.9319118135138778,1.4,2.1604938271604937
KERNEL,1776657991,1,-1.8688981868898114,1.39959018732,1.3839633074514632,0.6378745287676796,1.2711864406779627,0.7973256070456114,0.6422870001051038,7.17488789237668,0.18598818262,0.22755655482178355,54.61940774,0.2189516362113203,0.18112303701518817,0.2856765800369343,96.08902995,0.32156656850621895,0.31300628387539176,0.1917738771236018,257.35654162000003,0.07415142708931854,0.042022905907829644,1,1.5871750216687186,3.66943387976906,1.3314623466952096,6.962663975782046,0.6068245602,1.4502756445400111,0.018435846560846514,0.018435846560846514,0.0,0.0,0.5290990701165801,4.024418822826337,0.06891447368421066,0.06891447368421044,0.0,0.0,0.5202927442911665,17.39543898572058,0.2555473372781065,0.2555473372781065,0.0,0.024324130841268478,0.4819685898272262,1.515625,0.9886793274886359,1.5319148936170213,1.515625
SUPER,1776664307,1,-4.154727793696278,4.3884418047,9.456110048435935,0.5193099113403429,13.036437246963573,3.0323914419801032,0.5357379585288905,15.467328370554178,2.2179122287000004,-0.19585632909292397,40.755625099999996,-0.08529482714153465,-0.4977768071277098,-0.29543078432079767,138.38122529999998,-0.40371884322287,-0.2736780832160419,0.0033432270211338974,374.97575439999997,-0.28831117787058536,0.38666287036052016,1,5.116614058064606,4.7682970096457895,17.989723578388137,16.11111111111112,0.2502850454,5.776801393413988,0.03253272334477075,0.03253272334477075,0.0,0.0,0.5166791593078747,7.925660175389027,0.10414560161779574,0.10414560161779574,0.0,0.0,0.5238801338585176,11.515141763221216,-0.12966878083157152,-0.12966878083157152,0.0,0.0,0.5384611265867348,1.0077519379844961,1.0122016558561409,1.3125,1.0077519379844961
HIGH,1776682014,1,-0.7055214723926451,27.768955010512,1.0129841543202296,0.4845620262426089,-1.8072289156626509,1.1078329561744207,0.48600269243092775,-12.129380053908356,5.127227253195,0.05889477424172791,55.71421659000001,-0.17121252646621266,-0.011921345511996972,0.058266876756887034,87.29819391,-0.13098475288766015,0.02911971341045394,0.2190718235979077,221.26664875,0.24006371569601548,-0.03993745048096853,0,,,,,0.9682675091999999,-4.134807180686495,0.08780949803815474,0.08780949803815452,0.05014915768486265,0.06814569256229257,0.39857738236014295,-23.617479102505946,0.13193775244500028,0.13193775244500028,0.0784360306200389,0.29192036014255635,0.4684962045779152,-24.941109405885953,0.07496268479596635,0.07496268479596635,2.6908087850150495,3.4992627531201683,0.48435039428469495,1.2445820433436534,0.9135257129131182,0.926470588235294,1.2445820433436532
CETUS,1776698829,1,-0.5730659025788065,0.6400165228,6.7475247423221685,0.6061491326390895,2.9064869418702566,4.17143463315288,0.5833824624002318,8.916629514043706,0.444964514833,-0.36271010006977,42.992782,-0.37150822361411273,0.5818658061724433,-0.3499947926253137,59.704518969999995,-0.4886288593574112,0.22341336068882445,0.16082908039734836,150.5168338,-0.11274622790715774,-0.05183516464115312,0,,,,,0.25760359979999997,2.1965275936456363,-0.01298701298701288,-0.01298701298701288,0.0,0.0,0.4278899082568807,8.313020048490127,-0.03571428571428559,-0.03571428571428559,0.0,0.0,0.5124145006839945,8.211563336149496,-0.07792207792207784,-0.07792207792207784,0.0,0.0,0.5299866142903387,1.2857142857142858,0.9715285620413774,1.0181818181818183,1.2857142857142858
EDU,1776723931,1,-0.863095238095235,12.280254290099998,2.2131392049356893,0.558460274187825,6.497622820919169,2.672727001285307,0.5145821864629198,2.752293577981635,5.4702945373,-0.21351499851991507,114.01071687000001,-0.5004120968853678,0.1783369692739274,-0.021395869072392618,170.70836786,-0.33657148014279525,0.1965865455949556,-0.1053131592894838,566.0574296799999,-0.28043675149802755,0.2681586689574631,0,,,,,0.47341374724,4.59127372317627,-0.09869022235759983,-0.09869022235759983,0.05451542577811179,0.0066687966253744825,0.4832600290502159,32.045578475584755,-0.021620529399878907,-0.021620529399878796,0.3010489953679952,0.33183779921025175,0.49175961233887283,113.12613404571282,-0.0993303571428571,-0.0993303571428571,0.8882477229517809,0.4220172104523105,0.4928571096586836,1.3724489795918366,0.9413472508902679,1.064516129032258,1.3724489795918366
PORTAL,1776731494,1,-0.13633265167007913,6.719075208325,1.3011414690164498,0.548217535043621,5.085959885386826,0.8428902631932051,0.5316486359355154,8.106116433308763,0.9439071784599999,-0.15819223303143118,48.273967959000004,-0.16167790435238566,-0.046606132537442724,-0.011734786482096323,75.768536003,-0.12286850060706583,-0.08663826539393005,-0.05872239923913067,168.01178982000002,-0.1748208060106138,0.03288104212871068,0,,,,,,,,,,,,,,,,,,,,,,,,,,,
ALLO,1776763603,1,-0.08438818565399409,6.54740246217,1.1290962072232018,0.4111302561157581,-1.985111662531014,1.7232077993599677,0.48161953558540266,-7.276995305164324,1.8804224980600002,-0.10775497160944242,21.67690026,-0.23080969794216089,-0.31998322138588076,0.31007977162469724,30.36803833,0.26645009054132396,-0.06360041233498859,0.12380836838207537,130.19828859,0.108779810586251,-0.14145472029578654,0,,,,,0.15340902050000002,1.4422673995188484,-0.177037037037037,-0.177037037037037,0.0,0.0,0.49048009717013297,-5.977945339023616,0.08211382113821153,0.08211382113821153,0.010058873949983924,0.6510981080151019,0.4834218321675425,25.895031807540626,0.043877551020408356,0.043877551020408356,0.010058873949983924,2.434502526531678,0.45698533158603966,1.1,0.8986374821498638,0.617283950617284,1.1
NEWT,1776774666,1,-1.693290734824271,6.848550008909999,2.8088790635116765,0.49335730274396195,-4.183673469387761,3.9409870448848014,0.5048483324594497,17.228464419475653,4.498341143559999,0.26843551921204495,59.993986140000004,0.14133080320724478,0.49944583355529515,0.2975549754170088,112.70581375,0.05691484000148808,0.32598104931375715,0.2416064942928579,296.58697882999996,0.20586193679633746,0.12563309023709723,1,-0.4529391269722738,13.95135382625927,3.725486016155088,13.33333333333333,0.1691420686,-1.5983352042840404,-0.048247978436657735,-0.04824797843665751,0.0,0.0,0.4565620294219854,64.09243248407563,-0.5099835134640045,-0.5099835134640043,0.00905842060867405,0.0,0.488125,72.97752061378193,-0.38131466828971394,-0.38131466828971383,0.00905842060867405,0.0,0.48691967666727715,1.0094339622641508,1.0315350623090118,0.8985507246376812,1.009433962264151
PORTAL,1776825093,1,-0.24232633279483995,7.465068710374,1.9690152189261747,0.40226884980251426,-9.304029304029305,0.7219585371604686,0.41230948480657165,-12.75546159267089,0.8982450143239998,0.17252131493636516,14.409843656,0.19062989056055135,-0.4462086010948454,0.08874469256520973,32.376711891999996,-0.07819446744175101,-0.38399784085629896,0.22039339320231446,80.828162737,0.03810325196959563,0.0851889270137347,0,,,,,,,,,,,,,,,,,,,,,,,,,,,
CHIP,1776858395,1,-0.16704948841095302,137.17515448362,4.8536767421723095,0.5102982239892508,15.43931541521031,2.2652072837627757,0.5058701602417547,19.27770859277709,51.788359847929996,-0.13161962077215783,276.61806506,-0.24045649119017826,-0.0624295897257503,-0.17705724297174882,704.77343872,-0.3078318135584379,-0.018019277316059013,-0.25136189856296054,2178.49398747,-0.27812854835305656,0.21523067931195472,1,-1.6460906514538354,347.90040435907633,1.9224271565863589,10.317460317460325,2.2845056519999996,8.559721705739154,0.03744834710743805,0.03744834710743783,3.7100157281641963,0.45575024035878375,0.5064948909204002,27.925042509870824,0.14778566295364715,0.14778566295364715,7.169905745542889,4.7800294958517355,0.49370960381636625,458.5797619607658,1.1271575367512616,1.1271575367512616,19.246302481899043,11.352662742285045,0.5043849049066164,0.9576446280991736,1.0560025932423156,0.4563106796116505,0.9576446280991735
BLUR,1776877580,1,-0.14727540500736325,1.848721146432,4.187053706709315,0.5074884422148873,4.816301327570227,1.5865501913172846,0.5071060982056376,8.293460925039863,0.48884814809399996,-0.12371949135563841,163.30464588,-0.2689004592694074,-0.24104392708372757,0.02095735606882031,238.3362702,-0.20197162464834958,-0.1548360011669523,0.2244439141437053,474.87798281,0.02861152705604561,0.06512944210457894,1,0.2551223790161927,8.942740740178952,1.4589241938588247,8.874458874458856,0.9202746719599999,5.357500046986519,-0.010026601186822304,-0.010026601186822304,0.0,0.0,0.4962517933197996,6.852809895314471,-0.02552552552552545,-0.02552552552552545,0.0,0.0,0.4981172475793125,5.710070052245864,0.06844689993861253,0.06844689993861253,0.013218345968483565,0.830371654554473,0.5535765316265517,1.0925925925925926,0.9868714569138904,0.6712328767123288,1.0925925925925926
AXL,1776905211,1,-2.6666666666666727,2.0841414887000003,12.180083248157068,0.5099770926456002,11.504424778761058,3.2682607594845865,0.510173467849254,10.139860139860147,1.1352529741219999,-0.12542024944776645,73.22975797000001,-0.21708548741603864,-0.22120802909150838,-0.2339730774318661,221.29373177099998,-0.3616974091776062,-0.08600199518379703,0.15699698252953675,410.391172503,-0.18984202253586335,0.24821755766047793,1,4.577250588205795,11.950400425966064,17.081902241205082,12.811387900355875,,,,,,,,,,,,,,,,,,,,,,,
BIO,1776908782,1,-0.8333333333333304,7.101560169059999,5.837820146832263,0.546058045251786,12.110726643598625,2.00612327425591,0.5307791528965355,9.459459459459453,2.3744341897799996,-0.10018631305787061,141.69571026,-0.1493777982591955,-0.054284945407871765,-0.13372540256217758,245.55554949999998,-0.10896806198942259,-0.02215150803575061,-0.0593658141343562,460.80138743,-0.23543842409951996,-0.11259898437412308,1,8.785454502688772,18.028422728024818,10.99581751311257,18.80733944954127,1.3309700037,14.738747574392864,-0.09312409663431764,-0.09312409663431764,0.0,0.0,0.5177356332187627,7.650924321494235,-0.036541430777148665,-0.036541430777148665,0.0,0.0003698873743445883,0.44035618238717766,9.009203059857352,-0.1724137931034483,-0.1724137931034483,0.03206638082102105,0.07881287009353508,0.436161177447661,1.6551724137931034,0.9503739263545925,1.4680851063829787,1.6551724137931034
C,1776916567,1,-0.10078387458007931,2.90870328701,1.2114186822067172,0.4736023927626407,1.5927189988623525,1.174200056029386,0.5436936775553342,8.50546780072905,0.56923326043,0.125847208572579,20.32263567,0.1017815592845951,-0.0848127047874323,0.1884386616159963,36.14120224,-0.018260675693279937,-0.025827801974565356,0.21287798384153642,106.55980851,-0.014720927243477427,-0.038935903305487574,0,,,,,0.19921251680000002,0.051206123874103504,-0.057490795808552764,-0.057490795808552764,0.0,0.0,0.06355181576616475,-9.233061978169188,0.06432105552501377,0.06432105552501377,0.0,0.0,0.4638771406780836,-16.649836681767617,-0.011422637590861928,-0.011422637590861928,0.0,0.14305546889210324,0.4220473985717649,0.897196261682243,1.0009120379985732,0.548780487804878,0.897196261682243
SPK,1776926817,1,-3.114894249711919,89.508483049965,1.2062302888966927,0.5008775338669404,1.5552451776074783,2.337910864861605,0.5417719746453912,10.402987524622453,34.877142503299,-0.09791864216112765,156.76693998,-0.021141077813193215,-0.01587700624715105,-0.027284783412297835,312.33193631999995,-0.11145862809315521,0.05813050048324353,0.10411060511637797,677.89843921,0.03381736389812323,0.06325272375495916,1,2.834360749922471,91.16284374934936,3.045620516273337,,2.96526498,3.3635552747819375,-0.08153511105200162,-0.08153511105200162,0.7772710080027991,0.28201253703808965,0.48601460779146877,45.862542771770244,0.22156921566488497,0.22156921566488474,3.0053990992737516,3.740892222050253,0.4982010254568746,380.090667342004,-0.13843096370626184,-0.13843096370626184,11.988362200264476,5.0806721495763245,0.49168790851381916,0.9951456310679612,0.9526354331944275,0.5444444444444444,0.9951456310679612
BB,1776930668,1,-1.3861386138613874,4.87170551827,3.0473353757375485,0.6031417988418036,5.574912891986061,1.5906384071202655,0.5547451491873823,10.58394160583942,1.29152031759,0.14157331947189825,19.023705399999997,0.027406613362353213,-0.1267817335145498,0.2966094166682422,38.46071217,-0.06998850685291175,-0.2958367338206882,0.19604304062319958,223.57452761,-0.08054198003919374,0.0009589734206847389,0,,,,,0.164795796,4.9036822131778735,-0.10408478382930941,-0.10408478382930941,0.0,0.0,0.467897273717982,65.5639375039909,-0.4127770709167615,-0.4127770709167615,0.0,0.00645647538241813,0.541580215055906,175.24922089371927,-0.3172311982284918,-0.3172311982284918,0.0,0.00645647538241813,0.5038498403135149,0.8102189781021898,1.0052966499981202,0.6621621621621622,0.8102189781021898
CHIP,1776946551,1,-0.9159584513692143,426.11518920078,0.43714358461319786,0.5171009551944964,2.2694350555287235,0.5195206145937938,0.49782717254028963,-4.499954910271454,36.89593749689,-0.24728559715458415,202.61289000000002,-0.25716902724747787,-0.586035592646872,-0.095582092415788,441.20145085999997,-0.253190795668752,-0.4667250450713397,-0.03879581553107056,1222.4364816099999,-0.25365759530477594,-0.3053480083409946,1,3.2541209617537703,628.1524230503363,0.585676415800362,-6.936416184971095,4.237935042,-2.3170794160625507,0.03902635186397174,0.039026351863971964,0.41981311236907815,0.30064207860031655,0.4749125258380775,10.681506767605109,-0.053463289470441766,-0.053463289470441766,1.8046204399562382,4.6744981231828895,0.47948004349364753,42.34785895005104,0.25134226863650433,0.25134226863650433,25.951207276668775,29.93731384333002,0.49290704981508926,1.2085828343313374,0.8067702811037265,0.9411764705882353,1.2085828343313374
ENJ,1776961854,1,-0.7906388361796357,5.6066512338439995,2.515606563395599,0.6290606254692906,7.023184972076502,2.472101456685623,0.5239929757341524,10.020876826722347,2.310035113719,0.21965234045183465,53.978805439999995,0.44690718806625995,-0.266248662846606,0.30607810418279996,97.44554182,0.41254666766081005,-0.31934163553304973,0.3052518863026962,254.25693393999998,0.06935752764005992,-0.31311187134069063,0,,,,,0.82695605484,0.6784960261190243,-0.03755097717281919,-0.03755097717281919,0.0,0.0,0.5317222196890247,1.649949129617001,-0.02108142903121979,-0.0210814290312199,0.06380928671017408,0.0,0.4890746952994673,-7.635021547060616,-0.04912506564125141,-0.04912506564125141,0.06380928671017408,0.0,0.454063178726467,0.9665271966527197,1.0110596741548965,0.8142857142857143,0.9665271966527197
MOVR,1776966369,1,-0.4672897196261627,28.212660373572,2.465726290802842,0.47484756573028897,-8.637110016420358,4.451114674747869,0.521121124813053,8.291163876994933,20.929631100414,-0.1517901910294378,142.15304360000002,0.11379627235626755,-0.048849763630166354,-0.09737599440097532,242.40049572,0.07703358547809293,0.0680972162966158,0.005075597109557291,506.65370886999995,-0.023392964569421276,-0.07504012741057253,0,,,,,0.9411337317,-18.905157410784057,0.10784313725490202,0.10784313725490202,0.02351774169226709,5.686444094754786,0.5212400392215856,7.977469575724894,-0.2454703400347481,-0.2454703400347481,3.346960517832218,7.387194363378911,0.507286598502631,226.89046130533274,-0.43630072349795535,-0.43630072349795535,3.3733755066511764,7.409683058967125,0.49900516754131397,0.9411764705882353,0.8787690989605345,0.4081632653061224,0.9411764705882353
RED,1776989494,1,-1.8567639257294433,7.26615992685,4.240789654119061,0.5683033817141768,11.621021465581038,1.1390501849094323,0.575124977494102,12.621359223300965,1.3794201347100001,-0.33786064052118775,70.1619464,-0.5717219685922998,0.022105338573758404,-0.29518086989124187,176.202204,-0.48606282468220147,0.008598376288711185,0.09050232030279652,395.6389807,-0.2736437029759487,0.450051695064307,1,-0.10171461784364011,13.858631875940151,7.353017801962941,10.000000000000009,0.4398959386,60.01952538517021,0.07559981892258949,0.07559981892258949,0.0,0.0,0.4290461700674366,62.682773916385905,0.07611627210068939,0.07611627210068939,0.0,0.0,0.43393099869380486,87.20284204437718,-0.0009250693802033139,-0.0009250693802033139,0.0,0.0,0.4777851280265953,1.148936170212766,1.0454938570850771,1.0327868852459017,1.148936170212766
SPK,1777013570,1,-0.7173024066501332,75.86932718386001,0.706662777366998,0.49057377322119344,-3.3413970365890555,0.6923037979520634,0.5303801385717988,-9.779847586790858,8.754103892909,-0.13399674195763475,200.48920731,-0.3839421061856322,-0.008177920968477248,0.11017337267955013,290.73043183000004,-0.15683479148662854,0.08064567764835195,0.2749929523241552,792.70918922,0.157604476147602,0.15189215589438532,1,1.7971969922482955,227.14723937560638,0.8581027639288459,-9.543010752688186,2.8399857280000003,-6.5073970297055865,-0.056053737467324005,-0.056053737467324116,0.0,0.3618067829952136,0.4356477518068426,-12.668653575484445,-0.21698362027411722,-0.21698362027411722,0.0380049797207995,1.599237332505355,0.45995323557313555,-8.723515749133925,-0.13444841543674624,-0.13444841543674624,8.236570546596775,9.33764365029936,0.495354340734052,0.7993779160186625,0.9794613167812015,0.4642857142857143,0.7993779160186625
D,1777044933,1,0.3330333033303434,8.243965439399998,8.85711400956507,0.49179414897735035,-10.619469026548678,5.11657387819301,0.5124860400026375,16.213389121338896,7.030143036659998,0.1455264327769309,17.024200241,0.16489255176906661,-0.19142277698208576,0.37709455701691313,26.431493983,0.5663110081866931,0.009613688551070032,0.2402210506524662,82.866023936,0.5218352851908217,0.1464951045407934,0,,,,,0.36391451506,1.3586588399356447,-0.016853932584269704,-0.016853932584269704,0.30996084336290447,0.09140495534924102,0.49804983916183004,40.543628937370315,0.064580489341594,0.064580489341594,0.5593902099959838,0.4472018846875835,0.5051057987139403,51.369522088057565,-0.19557869736000733,-0.19557869736000733,0.5593902099959837,0.4472018846875835,0.5073538973541665,0.8314606741573034,0.9377411039216537,0.4,0.8314606741573034
ZBT,1777055158,1,-0.05912786400591452,8.089981029,3.591314469728901,0.5781565232094025,5.951448707909157,1.518268744845038,0.5479986086642477,9.466019417475735,2.04712755712,-0.09714771287629975,57.45061089,-0.008038665395972422,-0.06042503719676706,0.011513444255136495,220.52868708,-0.009630290040492788,-0.06200300061384556,0.1334768351644113,396.45932046,-0.05358851786793356,-0.08159350714400515,1,0.39394185182886066,6.072236626405987,3.737212830348432,9.782608695652172,0.9763382016000001,7.487004593097257,-0.03157894736842115,-0.03157894736842115,0.005124330884319665,0.0,0.5731028568546014,10.729406061437619,0.01292929292929279,0.012929292929293013,0.005124330884319665,0.0,0.5491321322733901,12.253363221997038,-0.06666666666666665,-0.06666666666666687,0.0730302777082281,0.00011566688655112846,0.527943613542439,0.5111111111111111,0.9910886326782778,0.1946902654867257,0.5111111111111111
APE,1777059093,1,-0.1828153564899404,38.019937348553,1.5342021724074197,0.526248369328335,2.3705552089831494,4.842626426372037,0.5069819235603057,17.550143266475636,30.686058888851996,0.01761057683496317,313.29258880000003,0.05789628606532123,-0.08599670378705582,0.0035567405039337663,672.1044608999999,-0.174093883876426,-0.11194828501120502,0.09931600061609173,1295.1384395999999,-0.07423338008467738,-0.11568737128398454,0,,,,,2.24054263818,1.5336943275019221,-0.06702204356279906,-0.06702204356279906,0.11152313316517473,0.25455580816944046,0.4984553164161985,93.60107948137922,-0.13957483564470463,-0.13957483564470463,5.189768055226737,4.622214836497123,0.5164248315807398,181.93343068339001,-0.09715284715284711,-0.09715284715284711,5.458867280890107,4.6225031795926705,0.5160471350353916,1.0593406593406594,0.9643591034683552,0.6455696202531646,1.0593406593406594
API3,1777090033,1,-2.699309478970491,28.944302607283,1.8462168946672777,0.5130673051787783,1.4219015280135805,2.7774693437842823,0.520843940379159,22.69576379974325,13.398652194824,0.07244631185059991,120.04592324000001,-0.04125687639508313,-0.20956675369654798,0.006911978135588824,193.9983092,-0.005712738121727744,-0.2528588090376037,0.009499502398578791,526.69590615,-0.046786503625974196,-0.058409210963670355,1,0.30061278760549204,79.85980618465051,3.2336441990805116,5.4711246200607855,0.6859420224,23.32516258925823,-0.019958988380041065,-0.019958988380041065,0.581139115234938,0.02471929032817337,0.56785587360791,119.40797614047875,-0.32630767023032226,-0.32630767023032226,1.5529032997177108,0.46759902371597284,0.5293077521104915,377.30740200018784,-0.22235264735264737,-0.22235264735264737,1.5529032997177108,1.7299745477730917,0.511472945538568,1.0422077922077921,0.3450664128412582,0.3125,1.0422077922077921
AXS,1777109486,1,-1.1313639220616012,33.17653773767,6.107380938558123,0.4985107350775258,1.0800508259212194,4.495332649045557,0.4998360613836878,19.98491704374057,24.85659554574,-0.09935238400005221,551.205843,-0.03198685579356239,0.5143589381903404,0.06770285902722606,814.764849,0.11819632284409476,0.45795088549125884,0.14963097653735957,1461.241193,0.08372025210339146,0.3476298533714419,1,3.391232423490509,83.56459583144962,4.61300020417772,13.989637305699487,3.5147048383999997,14.226082214935442,-0.03318903318903321,-0.03318903318903321,1.828023144590667,0.05433084505808156,0.5205749038854436,71.9872253433877,-0.07491455912508538,-0.07491455912508538,2.416413393013754,0.2623229401589571,0.5095619454025848,121.06246508770062,-0.13162442396313356,-0.13162442396313356,2.458211951002162,0.2899367957919047,0.5070698238595337,1.3051948051948052,0.9199519364374179,0.6385542168674699,1.3051948051948052
D,1777132895,1,0.04095004095003851,14.86599558665,0.8215626428739061,0.5038803169796465,-9.622501850481113,1.78752085121049,0.5013730004859056,-8.607784431137722,4.428879514189999,-0.1303671224597421,29.874887609,-0.10701775993734806,-0.004633590518702269,0.10638499912696509,39.694130558999994,0.042111992820876146,0.08559166674098018,0.19273399135247807,94.92788067,0.13919398041514996,-0.005887665663934616,0,,,,,0.39457414982,-15.354748729059587,0.07274320771253295,0.07274320771253295,0.0,0.08946902633156385,0.46173515354847566,-1.2761083065578438,-0.14421768707482985,-0.14421768707482985,0.08958137530328496,0.8446161568162306,0.4983633596612792,8.26615774764723,-0.14887417218543042,-0.14887417218543042,0.49649084738411875,1.737619256894481,0.4996650406159494,0.8742857142857143,0.9856822017329026,0.6233766233766234,0.8742857142857143
HYPER,1777132895,1,-1.9843656043295188,26.39931104256,4.535292951653849,0.48767806208869097,-2.805376972530682,4.581471997064337,0.49251864440733256,21.65325530358451,20.15795071388,-0.3177810422848755,229.83954934,-0.14611711753762974,0.07527388341660113,-0.015806677561640402,323.40396246,0.21830832145764067,0.04034056417098597,0.048441832724013575,780.24477205,0.2560711835535801,-0.07430223956572068,1,1.6322886192410069,89.28635847856756,2.5048807287783363,2.4896265560165887,3.1409115180000002,17.750003779465473,0.16978636022588156,0.16978636022588156,1.6350206207878284,0.48606549125972537,0.47721636365185877,529.4093799861207,-0.43472036207453946,-0.43472036207453935,3.8247073281610353,2.3100622091449825,0.496455344785739,1313.244211699778,-0.478882833787466,-0.4788828337874659,3.8582545323392323,2.322788514795723,0.49591909572453896,0.6948228882833787,0.9457357661717845,0.4791666666666667,0.6948228882833788
MOVR,1777133124,1,-0.9561752988047623,7.339350322017,4.136466035803663,0.616136527715074,10.13602457218077,1.4798655157304321,0.5662784061267243,10.329670329670314,1.8102085749030001,-0.024546529277102797,41.29628048,-0.09180360844671857,-0.12298972363590321,-0.18802206772225377,124.25025527,-0.35219962817219974,0.13269358406790865,0.005375361482294115,292.95029241,-0.28657346136381634,-0.04495709504754597,0,,,,,0.6891153154799999,3.39722083339562,-0.022168568920105436,-0.022168568920105214,0.0,0.0,0.4785509454089003,3.426078780933306,-0.054904051172708024,-0.0549040511727078,0.0,0.006901239739081121,0.5285446179747657,-16.489022602603363,0.018622897596608956,0.018622897596609178,0.5210950111446505,0.12018102941495808,0.5197645012151334,1.3432835820895521,0.988585103591553,0.984375,1.3432835820895523
SAHARA,1777135556,1,-0.3502626970227629,13.105258197780001,1.106375583191192,0.576873905995498,-1.3816925734024266,1.9477681241460805,0.49060117629721395,-12.724493695070693,4.25433402939,-0.0769597712156205,133.50214902000002,-0.18343938557070183,0.22830873119176065,0.06941805962014716,177.51889648,-0.21264388363025474,-0.0015604439773005963,0.1622137262770664,318.99234937,-0.03900717855662558,-0.08750193988532329,1,-0.17056403925799213,47.83897643607447,0.34206768309119623,-15.461346633416461,1.326922416,0.9325259366651739,-0.0935672514619883,-0.0935672514619883,0.0,0.0,0.49615665542068105,-5.2158298384918815,-0.1059303740335178,-0.1059303740335178,0.0,0.10571024975434586,0.48249217500366043,84.03344943457873,-0.26535087719298245,-0.26535087719298245,0.017487759435062557,0.12186710997578022,0.5787270909696768,0.783625730994152,0.966824849630025,0.4578313253012048,0.783625730994152
ORCA,1777146073,1,0.17226528854434875,18.439219298639998,0.6436336048910348,0.5227175676307756,1.1324041811846763,1.8789044867423055,0.5074169841885411,-10.278207109737247,5.774255312039999,0.18780712909106817,98.9933813,0.07632173673867505,0.30721242637859536,0.2209764943574058,168.96732070000002,-0.010190612550127293,0.17731988666413367,0.3310111643918179,443.5840284,0.0809554967574474,0.2333050009301536,1,0.7378993496988118,55.797969918618904,0.2743246033200406,-9.94332818134982,0.61638971728,10.120181252335335,-0.067357512953368,-0.06735751295336789,0.7623005686620756,0.003293435862230385,0.5423917839418757,60.43215029744198,0.13564936719612675,0.13564936719612697,0.7762328987435961,0.9549753402726004,0.46384176062525334,191.8208664000865,-0.00014003640946669282,-0.00014003640946624873,1.168797117802562,1.1513683650203024,0.47321641869033726,1.088082901554404,0.880908019030954,0.9104477611940299,1.0880829015544042
SPK,1777175137,1,-0.20676896289041347,7.146061087425001,1.0266191103568556,0.4679626354249786,-1.8216785084673393,1.7170403444504245,0.5315082070999101,-7.601809954751149,2.045012531836,-0.13580062905887563,163.11332475999998,-0.15671402697605039,0.18663723803801657,0.08120018716184796,222.84264041,0.004332746991589864,0.17995973470023574,0.17148711269772338,342.64378093,-0.03511168811471871,-0.009516734906976687,1,0.7021318824414369,32.82692124760229,1.1449384640208435,-9.390444810543663,2.226269066,0.07323405556582951,0.07490636704119846,0.07490636704119846,0.0,0.03504904289947135,0.3831707626045098,-2.393202426291341,-0.03478633513755247,-0.03478633513755225,0.0003576387114027303,0.14380292341536763,0.434604736126043,3.3037637470947345,-0.05828336716868898,-0.05828336716868898,0.05951634599049852,0.24568171401794073,0.47381593103192426,0.7994428969359331,0.9504964042512569,0.7083333333333333,0.7994428969359332
ENSO,1777177301,1,-1.7789473684210466,10.526394519959998,0.9770947009460066,0.5780609358721474,4.7409040793825685,0.7118123306866588,0.535475936966997,9.070034443168762,1.24880290283,0.03833013430119442,97.56527009999999,-0.032303421682584293,0.1287754122244278,0.053626833569525606,142.28229418,-0.11161560079224961,-0.08496587032887148,0.17399480583535765,385.36570333,-0.11039014399669361,-0.07699731750725691,1,7.529520776049337,40.20688171917704,2.5623294605467497,15.81395348837209,0.3971060898,1.845752766238773,0.0892942109436956,0.0892942109436956,0.0,0.005421825691679432,0.29880876824683883,9.209656146061285,0.17459969291511301,0.17459969291511301,0.0,0.005421825691679432,0.42000320355000803,0.4267173769757493,0.6324706221613439,0.6324706221613439,0.22299522035685487,0.005421825691679432,0.4957626416009777,2.1030927835051547,0.9271708944948776,1.3461538461538463,2.1030927835051547
SOMI,1777177889,1,-0.4868549172346692,11.918340924110002,1.9578604154338282,0.5409812776598363,-6.167199634536324,4.101874958717097,0.5229754710515869,-10.462074978204006,8.14792403101,0.21116158858585007,84.31560309999999,0.346070415455108,0.09473470865978495,0.21500366303784937,155.7731771,0.24357702098748077,0.12269700795143423,0.20658561263316352,323.0646398,0.1079602789376684,0.0527051155681868,1,0.2803905477347879,46.079787940182925,1.7662615175163747,-15.745856353591158,0.45558176640000003,-6.556001572284853,-0.03912235895054583,-0.03912235895054561,0.004178657137758531,1.0122144783009472,0.484382812983412,38.91866075187589,0.15842186359581523,0.15842186359581545,0.25792557706716857,6.779336768469933,0.4890724684163654,107.04187506167706,-0.08896074933095466,-0.08896074933095444,0.25792557706716857,6.779336768469933,0.4900804061385932,1.1313559322033897,0.9900575477933552,0.8243243243243243,1.13135593220339
MIRA,1777198313,1,0.09944751381216754,9.58331179178,0.6263417083798243,0.42500393636216444,-0.658616904500553,1.7120249664059606,0.44984328781174404,-19.19642857142858,2.73447817473,0.2602916228517693,47.74816945,0.056572613942208305,-0.029457567977685506,0.23792936097306916,85.98473876,-0.00015873707620239763,-0.19687502759575526,0.2001700021915314,240.45021595,-0.06467442451055896,-0.11424842467511998,1,-1.2674365975481883,34.57723671186082,0.2842877708025938,-18.90243902439024,0.24343326467999998,-8.235110852251582,-0.005041048538095838,-0.005041048538095838,0.0,0.0,0.4511154716821461,-28.96104902936547,-0.07711148303873938,-0.07711148303873938,0.0,2.3053177212148954,0.4618391839165939,60.32326180307746,-0.2197858496849222,-0.21978584968492232,0.42067876851020014,4.919568229815517,0.46127032633725984,1.1984732824427482,1.016468117854503,0.953125,1.1984732824427482
MASK,1777222281,1,-0.6070826306913912,18.799456089699998,1.6287457984476519,0.6110772260114204,1.0221465076660996,1.6995401839899649,0.566471262190653,-8.769230769230774,5.3250718436,0.08898580390409871,223.1516669,-0.12321413413160129,0.11470998799370258,0.01597714712548676,313.4997851,-0.17189635557115832,0.0997678379464495,0.16053838866974057,618.2158284,-0.05064664148309622,0.19338664694290464,1,0.5416682376302218,47.47479519051751,0.2848492197149171,-9.558067831449124,0.83282731968,-10.20468160638569,0.21155043586550426,0.21155043586550426,0.0,0.03596266752093106,0.46915014197569666,-23.671809077286454,0.360686511128989,0.360686511128989,0.15174001742468873,1.1834596352803448,0.45020301666302437,132.05540224265002,0.15436241610738266,0.15436241610738266,4.545846631753952,3.1343263234964294,0.4638254025922511,1.9545454545454546,0.832921753314665,0.6951219512195121,1.9545454545454546
ORCA,1777232488,1,-0.8583690987124526,62.91346366816999,0.2517638268149214,0.5307273456113465,0.575539568345329,0.5641696727967233,0.5303149350456191,-10.211946050096344,5.915644702030001,0.005933169069817919,304.2920746,-0.09525723374903787,0.01032835854114933,0.013806500970876882,471.14341979999995,-0.17151666753440106,-0.13137511080448872,0.29282501786883036,973.29621,0.005943502803383627,-0.005671971349760385,1,0.5329952698373885,263.41467662982205,0.14445768164779527,-10.528596187175044,2.7056116704,0.7761859807848825,0.036003839621944866,0.036003839621944866,0.0003276312745461168,0.0,0.558520722898209,-1.860880080306615,0.08260630162129079,0.08260630162129079,0.008297899970501251,0.3152214478265875,0.5023927214055778,347.13394376496973,-0.5779443254817987,-0.5779443254817987,7.3015223419255095,3.6930683653958263,0.501885473573629,0.4689507494646681,1.2070518812459206,0.4318181818181818,0.4689507494646681
HYPER,1777275655,1,-0.017167381974259044,6.60621204352,0.518362893470698,0.46257263776213353,-1.7706576728499068,0.529756241320292,0.4731095439656629,-8.69905956112852,0.5832803435899999,0.0910942174360568,80.24723275,0.019043401883078487,0.10854238759189228,0.15385449333669238,161.41426182,0.01044672898458196,0.2205101552182993,0.22173235239705824,405.95862808,-0.025352174008698325,0.016708083294658227,1,-0.05158031739458391,11.349658118821315,0.36983262562314484,-7.978723404255317,1.008736128,-2.101561472598168,-0.07478529383383181,-0.07478529383383192,0.07927821536297747,0.011727546651328026,0.5402345329559239,-11.855218544811851,0.0075276319171593276,0.0075276319171593276,0.07939866311598984,0.09445839933275393,0.456589851288455,-35.972665695936946,0.10748920803089912,0.10748920803089912,0.36429279154359784,2.4694469949627895,0.5031421380702935,0.8464730290456433,1.0061146094186866,0.75,0.8464730290456431
SPELL,1777275655,1,-6.4282011404873,2.1926116996922,8.600340469404586,0.49594109064139447,14.412811387900359,3.8219338112086114,0.5240056262692614,15.716856628674257,1.3966694649842002,-0.08207685873851985,14.9732364538,0.1803442942254117,-0.5935162560434213,-0.053620626921762435,39.1147249551,-0.01940120346884907,-0.5628346710279977,-0.007900917955402592,149.5087745537,-0.16894054909215162,-0.20651231703895367,0,,,,,0.0461668968,-3.63794164622806,-0.056224899598393496,-0.056224899598393496,0.0,0.0,0.49244337230293134,49.60329422348979,-0.17634173055859803,-0.17634173055859803,0.0,0.0,0.5010901808203698,46.94915904863743,-0.04449558879938631,-0.0444955887993862,0.0,0.0,0.5144426020714681,1.4242424242424243,1.1595124012261886,1.2244897959183674,1.4242424242424243
LUMIA,1777299405,1,-0.29168959823885343,7.208171614114001,4.0876886213588985,0.5830390450135279,14.709595959595955,2.9646461675608533,0.5369948260320239,10.725167580743445,3.5616130584840002,-0.10072325301709502,27.768679044,-0.002364384699243341,-0.29845651871927403,-0.09506695457931294,46.648126508000004,-0.07656611791763324,-0.1802809086754008,-0.12427192906944007,138.008646862,-0.16097887946967876,0.03275174944566728,0,,,,,0.15309791688000002,39.662707945868945,-0.009154929577464888,-0.009154929577464777,1.8338039322903164,0.0004235198056340791,0.7495789193741412,56.606818946229055,-0.04047816309622454,-0.04047816309622454,1.8381489293585744,0.08056698125858915,0.6089479900623141,108.86306358116742,0.0852112676056338,0.0852112676056338,1.8381489293585744,0.08056698125858915,0.5885172924129205,0.9436619718309859,0.9578383908319168,0.6623376623376623,0.9436619718309859
ZBT,1777308659,1,-0.1946344029458036,63.06256034674,0.7933098769851356,0.5742883846028456,10.845481049562666,0.6342792148731359,0.5483928615550089,10.139049826187719,6.66654521077,0.0833192502033032,127.97099532,-0.14822348877582114,-0.05563049090919481,0.11677433856508762,374.70996212,-0.011047536596497626,0.04730296045354687,0.033502726965873295,842.9277545900001,-0.09161242223105646,-0.010554557052126157,1,1.5218730113474521,98.3464707724997,0.9139974781922685,11.240310077519378,2.1074336423999998,13.411809018346844,0.05681498829039833,0.056814988290398105,0.22855556650005202,0.0,0.5332989416666447,16.974493164242467,0.17897959183673473,0.17897959183673473,1.5409460182583636,0.5721370608029541,0.5343475137429394,-9.821642190298308,0.22001025290498966,0.22001025290498966,9.753761203408985,6.977467078514548,0.5088549971336521,0.7785714285714286,1.1145655171770108,0.392156862745098,0.7785714285714286
ORCA,1777320042,1,-1.8733850129199037,44.846574716320006,1.598596898276623,0.45394059880976134,-4.1486068111455054,2.4214754282431628,0.5063879993524499,-17.307692307692314,18.099146452739998,-0.14240472306750926,108.1186756,-0.0071090551283723435,-0.2069187298141988,0.048897193508478265,177.21936879999998,0.0776953600884133,-0.1098093896169684,0.19122233388968618,416.4172928,-0.03885832653323085,0.012339873252817712,1,-0.8978321069844419,141.05674416047162,0.3968188347081844,-20.382842963488123,2.21723213346,-5.577952316980661,0.08961760083813508,0.08961760083813508,0.15160631894480175,0.13160823830594387,0.47624995510177215,-11.82986230788632,-0.00043856332703218204,-0.00043856332703218204,3.100174683682486,0.386369951107988,0.4940122411602897,-15.033126850696787,0.8702243010524076,0.8702243010524078,5.591483747645974,1.0317952570126199,0.49721346087208756,0.8452173913043478,0.8920038960369298,0.3495145631067961,0.8452173913043478
VANA,1777367763,1,-0.202565833896029,15.697841997509999,0.7973300306160142,0.4563159281896325,-2.308707124010545,1.7903123821948193,0.5048387055368576,-4.636188023180932,4.68400681698,-0.031707058436034816,133.13094597999998,-0.10433040252961567,0.08465724482395842,-0.06887629005817919,276.71147781999997,-0.14512296060219249,0.11904790134011844,0.06746584162052045,457.77812352,-0.05988462043839855,0.02524806011330938,1,0.3266767813452587,8.244996567458106,0.6174218320776891,-8.933002481389574,0.28421851919999996,-2.686722052350976,0.006924816280384327,0.006924816280384327,0.0,0.0,0.6026882557475738,-4.588377557056644,0.02709659937677822,0.02709659937677822,0.0,2.5268881212297867,0.5151514493092139,-1.7907598355328402,-0.22510995601759298,-0.22510995601759287,0.0,2.5268881212297867,0.5474332294064954,0.9344262295081966,1.030325592081663,0.7352941176470588,0.9344262295081968
BIO,1777398073,1,-0.5813953488372103,18.100278602449997,2.102342605394442,0.5765352767196235,4.878048780487787,2.5058512356467633,0.5260482027393106,11.688311688311682,7.55943425025,-0.03789550423419595,101.09060903000001,0.002480709148170626,-0.24061522454222517,-0.057912517946549745,210.13240489,-0.14561694937598682,-0.2723570306022993,-0.263811273282936,845.54597624,-0.46340901779759025,0.03590110236593791,1,0.22249788331658582,22.435533109687423,1.4639363553184381,10.893246187363825,1.3267230745999998,8.108142260048744,-0.08769106999195497,-0.08769106999195497,0.00042288478337437063,0.0,0.6834160745496458,13.285483615418702,0.08517699115044253,0.08517699115044253,0.25017302959027016,0.07340528469316183,0.605180542867005,44.86149044109236,-0.013417071081929799,-0.013417071081929799,0.25017302959027016,0.1192146138316663,0.5365678907221546,1.4336283185840708,0.9898231635552981,0.8358208955223881,1.4336283185840708
API3,1777455695,1,-0.21834061135371785,14.469640134948,1.2843148808470892,0.5025584647146418,-2.6567481402762994,1.427548270003761,0.49640010525384615,-10.503175378602824,3.4426849570370006,0.16818324960078349,109.46330214,0.2852742878654261,0.3037786854287585,0.26578165142832644,151.97731621,-0.12049831995591997,-0.20661647786686743,0.20603935837738596,354.35513707,-0.07864797521481115,-0.11264122375645602,1,-0.05183315613853656,38.20353421297041,0.672520062916025,-10.247933884297522,0.43017210300000003,-3.2555374649819946,0.03922619047619058,0.03922619047619058,0.0,0.0,0.42485292265620783,-25.617732066657496,-0.044159779614324934,-0.044159779614325045,0.0,0.2088373220241109,0.46683519115166616,32.50879566149085,0.18349726775956277,0.18349726775956277,0.5443915083447426,0.270703816421122,0.46692301527179003,1.4733333333333334,0.9223917156376261,0.7714285714285714,1.4733333333333334
SOLV,1777503404,1,-0.7344632768361614,12.25419944631,1.0375128050056686,0.5752366639719535,8.3673469387755,0.5263721300539393,0.5287423640644319,10.624999999999996,1.07504484411,-0.06708245090841879,84.00274609899999,0.18748058932082862,0.06934776230993478,-0.03927965238307586,121.88505455800001,0.05503578013985304,0.039921941020184315,0.024221343994712406,249.087179386,0.03700471477872988,-0.021818083966270052,0,,,,,0.17911215,16.374999685610646,-0.05634314794620132,-0.05634314794620132,0.08969221239318495,0.0,0.5113547563560382,24.04369989569195,-0.007341858316720962,-0.007341858316720962,0.09061836955226096,0.0003500544212103981,0.5594031845934084,40.32195162968743,0.054823039555863984,0.054823039555863984,0.11222522313533727,0.16476641031889797,0.5109111265278004,1.3435114503816794,1.0299613746517169,0.8904109589041096,1.3435114503816794
ENSO,1777535229,1,-0.7547169811320642,3.1837907297899997,4.610209106403218,0.5667215364236139,3.2820512820512793,3.556352377025369,0.5276197757635301,9.219088937093268,1.88711362164,0.036489423447677964,116.92510156,0.09035000257426276,0.0038716959070261847,0.02609476880264923,179.89042898,-0.11509746754560847,-0.03762401699788098,0.17825640843675933,355.01779947,0.06002798570182055,0.09592132817734922,1,-1.3492602603815795,15.235473192558786,6.085283596578235,8.64745011086474,0.7547316533999999,-2.3043663142978676,0.10928662652800591,0.10928662652800591,0.0,0.0,0.5276405297278493,-5.318958027516485,-0.016663916845405025,-0.016663916845405025,0.0,0.0,0.513556822968988,-22.032419188128184,-0.05657560829974617,-0.05657560829974617,0.0,0.2744610075207958,0.4342474976772878,1.3793103448275863,0.950889408692814,1.0158730158730158,1.3793103448275863
MEGA,1777573589,0,,,,,,,,,,-0.05893740181530216,136.46161820999998,-0.0547988963861243,0.19294825690188477,0.21843713999301848,204.70601047,0.2839762846155923,0.29662293357254677,0.2607635516828418,499.14409908,0.3166787918765658,0.023952068767705503,1,0.37252675538212987,95.97749621569727,0.5037225300359478,-11.55378486055777,0.517556718,0.6354660148352842,-0.07958222171765916,-0.07958222171765916,0.0,0.4264744178240963,0.4391823437096486,-3.6155816847705413,-0.13498052580331066,-0.13498052580331066,0.0,2.4014654757123646,0.45884652599274806,,,,0.4136934224859197,3.0797996133826633,0.4769393940945228,0.8734177215189873,0.9839249360730915,0.5402298850574713,0.8734177215189873
LUMIA,1777616186,1,-0.04934210526316152,5.436761092885,1.1460063672619043,0.6090729829757079,5.861868833430073,2.2108955422452756,0.5229454659083294,18.287937743190664,2.003351810752,0.04919281651579828,30.065476683,0.09127506852510345,0.25720537878871585,-0.05064430019895727,52.599671477,0.015567222927901359,0.18078468119583047,-0.04403854286030304,122.80781895,-0.0969360689415248,0.13881486366649498,0,,,,,0.12329046688,7.072896010041441,-0.0023134759976866093,-0.0023134759976866093,0.02831914006294012,0.0,0.5064878860460084,13.06292626570118,-0.07302275189599128,-0.07302275189599139,1.2429176065100809,0.014186011654107215,0.5193834093117516,19.146095849470267,-0.02246817930271172,-0.02246817930271172,1.5612977780946822,0.28979195962308296,0.4919543843511078,1.0615384615384615,0.9915835107110078,0.6103896103896104,1.0615384615384615
NFP,1777648319,1,-0.3123373243102634,10.077798994639998,3.7751123437959633,0.5183270010592899,-2.388211382113814,3.958909949618936,0.53280496529632,14.073634204275542,6.649516451689999,-0.022875139801973334,45.29438958,0.12974300537774217,-0.1927896716474199,-0.16799906539363915,91.143788084,-0.17968669318143624,-0.01940886224567462,-0.22137149899680097,289.529723826,-0.2817518102648369,0.22343891895732426,0,,,,,0.1634231654,13.045296047771737,-0.08655569782330341,-0.08655569782330352,0.005314228236090696,0.11765354044476244,0.44312773937044914,73.34608024986944,-0.20660654574931614,-0.20660654574931614,0.05920831955687966,4.768349787453083,0.4862498145115963,127.99351719645671,-0.18621653585635956,-0.18621653585635956,0.08900977388607112,4.768567167895524,0.4855671178127257,1.2253521126760563,1.0165364234957828,0.625,1.2253521126760563
MANTRA,1777705648,1,-0.9812667261373642,5.780922275900001,4.147105525266313,0.5015955119548944,2.37442922374429,3.128412088201692,0.476971007874489,10.009813542688907,3.0141845214800003,0.09485853181915332,67.09551204,0.11824966314819033,-0.03732803030773224,0.03609665776388608,120.31652923,-0.024914641404145413,-0.17082559074900172,0.21619428075614458,316.96402453,0.06360163911950498,0.3117881812533252,1,1.3134346467679636,6.844011466074232,4.459387709388344,9.868421052631572,0.2617397208,4.812407518789308,0.07367771146326385,0.07367771146326407,0.0,0.0,0.5006375743836781,1.2907299460967137,0.08547377509173315,0.08547377509173315,0.0,0.0,0.4710056319149687,3.3026028114311323,0.3244061481136469,0.3244061481136469,0.3805307031564618,0.0,0.4723705298762082,1.247787610619469,0.9857129890169738,1.0,1.247787610619469
KNC,1777717871,1,-0.3712871287128605,7.29776969895,0.8082487698739879,0.4504626133848684,-3.522388059701498,1.1007708260423468,0.4748366499909621,-11.159978009895555,1.33886199663,-0.05170974023790299,142.2679817,-0.012971886627756682,-0.10588258411430529,0.07540750027033784,223.535886,0.08303027444030292,-0.061390054790801174,0.25176844216384264,483.3469452,0.06174252359204982,-0.04106449557792313,1,-0.38673385679128813,29.55757636704512,1.4355803006564218,-10.861423220973787,0.227472522,-13.358408420102707,0.010968660968660782,0.010968660968661004,0.0,0.0,0.5897740183337743,-8.79462578521476,0.17692307692307674,0.17692307692307696,0.005921594345360096,0.01202848579662734,0.5025831677227647,300.7023033713221,0.21619909502262424,0.21619909502262447,0.5948209428126005,0.03956697679731181,0.48938329179601153,1.1615384615384614,0.9799006898976139,0.4631578947368421,1.1615384615384616
AXL,1777731153,1,-0.3940217391304346,5.025972623185001,1.8869262756385925,0.62674399958402,6.204906204906213,0.8203153265990724,0.6155167945003513,9.03703703703702,0.6871470623110001,0.08030637636763506,74.432309566,-0.15869686113861387,-0.11556401341882061,-0.05433880455305478,211.30572696299998,-0.126247302833202,-0.16902992640494519,0.25511757339402374,454.671213327,0.03331713175071083,0.23808618745204257,1,2.0295234835195686,8.562040471267855,3.6028887014644266,11.00000000000001,,,,,,,,,,,,,,,,,,,,,,,
ORDI,1777752094,1,-0.05247507433967513,43.55950807935999,1.2040318942988988,0.47030355613220337,-1.6176217518499403,3.158101508534786,0.5034113271293293,-1.7528785014607418,22.92755802941,-0.07996161446298083,320.6436998,-0.13324079408744396,0.08955616246399623,-0.019890913753930074,488.7687858,-0.07648339863365719,-0.033862879735561124,-0.012581403263567166,1584.1408044,-0.04852303501349158,0.05092550489609593,0,,,,,3.8251454256,-3.9195022178495353,-0.1056256677350429,-0.1056256677350429,0.0008650390068453349,0.519394166481491,0.4028698314688254,-1.111297007566081,-0.0813066893424037,-0.0813066893424037,0.5732457164438532,1.5841382001965367,0.4390069448088362,47.7939019264511,0.08869556369556375,0.08869556369556375,2.071013072334993,1.8370241123310458,0.46748604020070933,2.1694444444444443,0.8363723332223385,0.8333333333333333,2.1694444444444443
PARTI,1777808472,1,-0.4301075268817178,7.97498281387,3.0239676553706887,0.5443322885060004,1.3071895424836555,5.600727558697419,0.5297214407403251,10.451306413301676,7.444284337629999,-0.1545835328678731,34.48793552,-0.21854803270607287,0.09525100371478601,-0.05905944779033509,93.44099855,-0.03416576017438172,-0.09635629175784077,0.022912477781160956,216.4093396,-0.07003263482392767,0.14670794465656467,0,,,,,0.4781381944,7.0817211957408865,0.06921857137588971,0.06921857137588971,0.0,0.0,0.5189039887416245,149.47764795387943,0.15395330695938036,0.15395330695938036,0.49736085254267653,0.19770336506712674,0.5270518098179173,125.40793252572526,-0.08923045182587153,-0.08923045182587153,0.49736085254267653,0.21721885265897092,0.5272330136026729,1.6641221374045803,0.9191852568042056,0.7432432432432432,1.6641221374045803
TST,1777812097,1,-0.03221649484537181,14.555440984731998,2.143825014025471,0.5035043850062542,0.25839793281654533,4.553275974324613,0.5118136939920008,17.397881996974274,11.045823288580001,0.012301987193376822,26.341675821,0.13708491836687237,-0.2190008863593783,0.044560892921347454,58.06715738,0.0880041319275049,0.03930326112519045,0.06567493093592953,251.333673546,-0.16783185991596689,0.21511737827160293,0,,,,,,,,,,,,,,,,,,,,,,,,,,,
D,1777826438,1,-0.7763769077637761,2.88376692706,6.186725127563956,0.5309202394712819,11.629629629629633,2.424961612119391,0.5364935800551076,14.426727410782082,1.16550401607,-0.18866954420942075,24.426928386,-0.2512374312232408,0.2057305884624745,-0.1108254355571123,33.207157238,-0.23496736030572096,-0.06457355763167616,0.22407010822849152,67.715259896,0.22517460267609543,-0.06148511009823798,0,,,,,0.39941524202,7.8692232004831775,0.2007054673721338,0.20070546737213402,0.0,0.0,0.41576859883751743,6.775031172344836,0.36296296296296293,0.36296296296296293,0.0,0.0,0.5074782648218008,9.194677106475346,-0.010229276895943662,-0.010229276895943662,0.0,0.00042741483558970364,0.45050757882113424,1.0222222222222221,0.9876350947679142,0.6911764705882353,1.0222222222222221
TST,1777907746,1,0.0,64.234348853944,2.9040250906340197,0.4850418511611479,-17.31862253426948,2.5643021464758005,0.4858066897170264,-5.969581749049436,27.452713107273997,0.06180344693517436,55.368161545,0.08864894749416477,-0.40754636715953685,0.17358447478898226,116.192225638,0.2503874361726437,-0.4938334497275363,0.2263408753508867,349.067190143,0.2997202171246178,-0.1936247414453982,0,,,,,,,,,,,,,,,,,,,,,,,,,,,
NOT,1777960051,1,0.17094017094017033,9.149951616503998,1.8580865768302144,0.3953000924334565,-4.098360655737709,3.3620858638183555,0.45108508904811645,-5.070993914807298,5.127153830745001,0.05558396941719815,148.2519015505,0.04511413314243383,0.24061006041457578,-0.049658741495754936,334.5967244489,-0.3650154370765535,-0.1207018392740482,0.1636303108396056,522.805246925,-0.1519713512241993,0.04162739128612891,0,,,,,0.3950980829,-4.822471729185973,-0.13426423200859294,-0.13426423200859294,0.0,0.5042148636555686,0.46642448162778194,19.72787513465921,-0.13923321818058665,-0.13923321818058665,3.050710464482489,1.476984531832564,0.4612136637202504,56.861903707228635,-0.09955055235854993,-0.09955055235855004,9.345909749540828,1.4769845318325638,0.492125435438908,1.6616541353383458,0.9704911033653085,0.6571428571428571,1.6616541353383458
STEEM,1777960302,1,-1.4095787281755534,1.617244264926,16.410788890964717,0.5571803418872302,10.125242547186453,4.42208393805325,0.5530843836499366,9.449509116409537,1.191931647973,0.06602992042315324,44.90827261,-0.16219884702038467,-0.2567955943987452,-0.13793022905187305,112.05113223000001,-0.2899975787041913,-0.15051954486536767,-0.06318283037064583,226.05790823,-0.24958274760731863,0.22047668951459976,1,-0.018746485034049076,4.483298417898061,20.740383698316272,7.801418439716312,0.0545664,15.256278480919615,-0.2578313253012049,-0.2578313253012049,0.0,0.0,0.44696681864235055,12.598675509545409,-0.24780201888635622,-0.2478020188863561,0.0,0.0,0.44722731376357616,20.316032794021453,0.11388952034553301,0.11388952034553324,0.0,0.0,0.47277144644301033,0.8433734939759036,1.0684416218856865,0.8571428571428571,0.8433734939759037
HIVE,1777979735,1,-2.1381578947368474,13.8438652862,3.576308295440657,0.4722624731669527,-6.172839506172833,2.1923481590545673,0.5059225444119502,8.056872037914697,5.058428762399999,-0.31113237742338656,189.63490059,0.07385919548127406,0.3448248013151971,-0.225147458800811,297.10850762,0.15006974180195587,0.49337359884306053,-0.14713067581590816,676.00338756,0.0292646443373879,0.36270137273885816,1,-1.5157110849748912,43.02054212084773,2.591023980492355,4.8387096774193505,0.56439255126,37.29470926733909,0.18220745662606141,0.18220745662606141,0.0,0.023718130173963417,0.5136984930601765,89.18937526651818,0.24736685951639226,0.24736685951639226,0.2496622938864546,0.1785615256172543,0.4965032248911902,1186.596867518924,0.4404259594133013,0.4404259594133013,0.34257168094858736,3.4811504680806826,0.4955955586123768,1.0634920634920635,0.6816247190150154,0.5164835164835165,1.0634920634920635
TST,1778001719,1,-0.6689621249385214,48.067178485909,0.4082006164950988,0.5022143126872644,0.39506172839505194,0.714624328552835,0.49567046001775616,-6.657483930211205,5.7249958584869995,-0.17162414009969082,76.006498707,-0.45255289795561515,-0.3582322832500452,-0.07340124832075624,134.386498701,-0.33172464798976103,-0.08156626231327457,0.10462827117249769,321.63811183200005,-0.1988430030218869,-0.04459384929211241,0,,,,,,,,,,,,,,,,,,,,,,,,,,,
DOGS,1778018818,1,0.0,74.7652703960118,0.6759081397356447,0.5459593754975505,10.91492776886036,0.43214988749913885,0.5263928648127476,10.559999999999992,5.3849671984132,0.12824939581318864,76.28097371252001,0.4505069766266592,-0.31610764176952144,-0.5267280595180763,502.27302725359,-0.14300548511901556,0.5162711965934914,-0.26560254455883064,1096.37138658859,-0.16533075620004312,0.12154882405393796,0,,,,,1.0877254516896,4.391892589137325,0.048684266417466704,0.048684266417466704,0.6447471796404461,0.00037219945471638247,0.564346622909668,4.614892033849238,0.0699574773297813,0.06995747732978108,0.7305048180271401,0.2770454096591231,0.5240109240963531,1006.7498562746968,-0.1490439407369888,-0.1490439407369888,8.053602077282124,5.185391517196515,0.5007372213416014,1.0570469798657718,0.9954506519514371,0.8472222222222222,1.0570469798657718
STX,1778025707,1,-0.1586671955573271,18.481908252969994,1.4549611648331156,0.5176965582939942,-1.9447685725398678,3.6528372900558623,0.4706070864111035,-24.63378176382661,11.251900609639998,0.12539703997074358,164.5163556,0.07590734404609858,0.4743983929365587,0.19472544563191652,360.574427,0.06534928387863076,0.24874820711561552,0.3026591901512286,626.2339662,0.1417359108053068,0.039404778098678594,1,-0.9445795689581815,14.068120892791573,1.6949836302772856,-9.80392156862745,0.85998304,2.5687638405948343,0.07357357357357364,0.07357357357357364,0.0,0.0,0.4627869255484188,5.3532147218166015,0.3752276867030966,0.3752276867030966,0.5118456754682046,1.8775395384541538,0.4717014510263461,30.91309321992972,0.13289760348583868,0.13289760348583868,2.225383654077643,4.6070715534110995,0.4993877255542558,1.6666666666666667,0.9305798347803004,1.1346153846153846,1.6666666666666667
EIGEN,1778031160,1,-0.05288207297725611,18.698254601743002,0.40042808228689186,0.5677356290737718,1.5029522275899154,1.9870567068201415,0.4144577819834035,-9.13022585295532,6.192415368704,0.061636483512707806,225.45286582,-0.05591564857007949,0.09007054020300376,0.19019579481314092,355.67440511,-0.030916717210475564,0.15473704146164136,0.3070553997888473,556.10632916,0.002212172929273837,0.13863529886497106,0,,,,,0.6083006832,2.4694294162779906,-0.07547393364928912,-0.07547393364928912,0.0,0.0,0.6871795384353979,-8.875361012254801,-0.19383408071748887,-0.19383408071748887,0.0,0.21496060026124925,0.4945807135125176,7.656927493570831,-0.13007812500000004,-0.13007812500000004,0.007710002848144096,1.6849445978067579,0.47584553932461776,1.275,0.9835617289906321,1.1296296296296295,1.275
STEEM,1778049968,1,-0.42603953646898063,7.991112239592,0.5214968493523211,0.3921429684776296,-0.6097560975609762,0.5769828992372417,0.42061008993304344,-9.639667385278717,0.7684558513549999,0.22872397850996531,85.6498882,0.20733336048781664,0.2431528200719184,0.3138510307407598,117.38408989,0.018445396731547492,0.21136665935802523,0.2948639375336755,197.21686585999998,-0.03051663537252791,-0.015767968466771087,1,-0.08771762107573355,36.83131243856638,0.2429510484286881,-10.636079249217934,0.123116288,-4.251316825177831,0.05590909090909091,0.05590909090909091,0.0,0.0,0.4177675325826758,3.0823006037496103,-0.33238938053097344,-0.33238938053097333,0.0,0.0,0.4940100520188594,42.732838455593395,0.6355555555555557,0.6355555555555557,0.16714928897141537,0.2499539297351135,0.4719920134600171,0.92,0.8788321167883212,0.7727272727272727,0.92
WIF,1778061422,1,-0.6113537117903967,34.08098507676,0.6762081849551667,0.47506336156455226,-0.8658008658008698,2.098800125748012,0.4690211591911991,-8.764940239043817,11.92152929412,0.0707066946740845,334.54495015,-0.024589023122833675,0.1130848306014074,0.21493500455708417,660.3129649,-0.031084257088684786,0.1629232292280205,0.1522099359509709,1458.4385548799999,-0.09062359008409193,0.07617491549480726,1,0.006366771698385065,23.4831568459602,2.3930470676005733,,4.380919992,-1.2596774383019205,-0.0552218604423621,-0.0552218604423621,0.0,0.0,0.41062975067900864,-7.28877824846167,-0.09988969236426037,-0.09988969236426037,0.044280984440311144,0.02380801297226703,0.4781804746567535,95.08577897652826,-0.2907539703718389,-0.2907539703718389,4.829223961778301,0.03389496276379384,0.47916116167562156,2.132404181184669,0.8681413513937147,1.2641509433962264,2.132404181184669
ORCA,1778113913,1,-2.1289178001182796,6.294504534559999,12.767819450256042,0.5585660487650335,12.209688122096885,3.518682717398063,0.5647002162518159,12.060967528164369,3.69139405339,-0.06531417396818329,121.99160020000001,-0.20507272263436221,-0.4207279526389981,0.03206899562628556,256.7539025,-0.15452073056503796,-0.24159065857816708,0.11873217168489772,465.8860669,-0.06523098925036272,-0.08493956615043285,1,3.2225579053373643,22.600148428024205,15.650280248898241,12.556255625562551,1.286563679,25.73641750605191,0.12398054620276833,0.12398054620276833,0.11415244841526417,0.0047323316361086235,0.4645477700794136,27.07321121198387,0.03402900601344183,0.03402900601344183,0.11415244841526417,0.0047323316361086235,0.4665626510657823,2.895712348912549,0.23636363636363633,0.23636363636363633,0.1154948079332496,0.06571509081129594,0.4991680647402304,1.0545454545454545,1.0049809565535814,0.6438356164383562,1.0545454545454545
IO,1778127937,1,-0.24691358024692134,62.148186039908,0.2808862410660609,0.5141496196107099,3.979460847240057,0.33131086858297115,0.516823828328727,8.506363027461505,3.431728249623,-0.06684773232592793,116.37500632,-0.21288956283107124,0.049753381147839226,0.1375126004342067,163.22483009,-0.11639393024944328,-0.0349479549660886,0.1892829636729022,558.4840171000001,-0.05209162521770194,0.08843967515218965,1,,,,,1.13663998758,2.011239451370539,-0.029389387120795085,-0.029389387120795085,0.05364249161233087,0.08642852888640408,0.5268525038612737,4.927644491065286,-0.10820031785516859,-0.10820031785516859,0.42446709096273344,0.32550305201536806,0.5069290100382782,332.83181616506374,0.15487102530824148,0.15487102530824148,8.905646600161997,10.464845213060757,0.4934951828289197,1.7276119402985075,0.8749620541279296,0.8082191780821918,1.7276119402985075
STX,1778130080,1,-0.21889821233126439,6.0853020220100005,1.9422348449249376,0.5395446862734985,4.220532319391634,1.6968215392322283,0.5474098427389578,8.4256329113924,1.72094525728,-0.02934399079309335,205.0626968,-0.11594719664213829,0.043265479121113115,0.10488915985385405,419.8676503,-0.11845023798193832,0.08569061546746193,0.2139888529095708,666.0519318,-0.02261585639670688,0.053879875247312414,1,0.3740989992478072,7.6457359303469845,6.653523892706827,8.625336927223714,0.8611560486,1.9052666269861351,0.2652671755725191,0.2652671755725191,0.0,0.0,0.6605687778052619,0.1550847358227525,0.3284286609875724,0.3284286609875724,3.0354544966033005e-05,0.0009408747709746969,0.6293298321726224,0.07498197402679985,0.369178006416639,0.369178006416639,3.0354544966033005e-05,0.11089251495736403,0.5212629281511558,1.6870229007633588,0.949384453268566,0.9827586206896552,1.6870229007633588
NIL,1778148098,1,-0.18106101756292237,7.714263776631,3.2918315646440317,0.49861165658740897,4.641909814323619,3.706517926813135,0.5195325560589694,14.442602569415675,4.765509496708,0.057506031147768685,37.401606311,-0.011081341019744395,-0.04016899283906661,0.11833105292997921,74.127978778,0.0236373045539212,-0.09496037138370339,0.12856251893073006,262.64803337100005,0.002172774336704819,0.020005052372656706,0,,,,,0.76343953166,11.363197298833573,0.06536769327467007,0.06536769327466985,0.0,0.019677786356353432,0.515742007239769,182.48074310232045,-0.39501422118119467,-0.39501422118119467,0.3304242504334243,0.019677786356353432,0.3906581920212951,742.6762087156426,-0.5699788583509513,-0.5699788583509514,0.3310950252345229,0.08157003851319271,0.41835004320756836,0.5255813953488372,1.0881676409524728,0.1111111111111111,0.5255813953488372
JTO,1778149294,1,-1.2649945474373037,18.45386993604,0.8591971556142018,0.6116283474280968,7.251461988304109,0.39674300908566507,0.5823236535463423,10.668597634564335,1.2202406479499999,0.16778055280230847,103.8803952,-0.18585039654411206,-0.41402796190319335,0.03594566392367913,284.798422,-0.19787750354183908,-0.3511778779693757,0.07948930425507265,594.5666262000001,-0.2190379559444398,-0.21675733095772265,1,0.4486656943596623,38.451223719251914,1.7883571296465726,9.868421052631572,4.2908700672,7.908913510299143,0.044004400440043945,0.044004400440043945,0.0,0.0,0.48780582826866137,19.803714342640365,0.4212715389185977,0.4212715389185977,0.0,0.0,0.47995013641768314,25.030929911418443,-0.060668029993183326,-0.060668029993183326,2.2998605516944974,0.1315029635395621,0.4938541202436281,1.4444444444444444,0.9671585778229511,0.8,1.4444444444444444
KSM,1778158622,1,-8.0431654676259,10.75755656508,3.2891808980097026,0.5784440144188646,19.415807560137456,1.8211283771199311,0.5302070302900594,23.008849557522115,3.26514858819,-0.020978574688738105,56.9525479,0.6483729119254882,-0.8042653880766171,-0.12944075068995517,138.9572603,0.3711169413375579,-0.6357169264071307,0.012835777263837875,349.1088947,0.18101877008081735,-0.41420998595933967,0,,,,,0.42855933399999996,22.64558347576566,0.18673218673218672,0.18673218673218672,0.0,0.0,0.5167988200909288,51.280972282088854,0.22911547911547903,0.22911547911547925,0.0,0.0,0.4991034278075441,81.08680450704423,0.4504504504504503,0.4504504504504503,0.12264689117703362,0.0058852527524228425,0.5186436755384213,0.9324324324324323,0.800062568900277,0.4705882352941176,0.9324324324324325
CHIP,1778257604,1,0.0683060109289535,119.42599073193999,2.5703966833409035,0.5160779583645291,11.995104039167682,2.46605602621452,0.5006446360852138,8.172011230973864,49.085197355190004,0.06116209599313247,194.54165544999998,-0.03516825434013043,-0.4300469959127826,-0.12296879056274523,368.6089246,-0.20006868452070392,-0.4333214332824873,0.0027601806572055874,1016.73424497,-0.1344694344929784,-0.23801142865437097,1,-1.958063949240163,85.56261315901136,1.350297450185132,6.106106106106091,3.224268636,6.770358848060232,0.14185699248488404,0.14185699248488404,0.05291761303477196,0.0,0.5001239280226045,6.811136303718213,0.04857860099056932,0.04857860099056932,0.1198401385311866,0.15548505927903708,0.4695115665776159,105.47130591396817,-0.0795785596763725,-0.0795785596763725,0.7989797348883184,0.5527835305345816,0.4835606717070099,1.8366013071895424,0.8930054049362836,0.7088607594936709,1.8366013071895424
DYM,1778307153,1,-0.26415094339622414,8.54570547624,5.03002863028143,0.4867306083621887,-7.986111111111116,3.3692516291058032,0.5629960684450989,9.053497942386834,4.79877201628,-0.11030294038544991,101.075654077,-0.051719947258324586,0.5601048371553283,0.020685192792122862,178.09368576399999,0.14925225465149103,0.36535991183350536,0.13099136623084714,461.31778817900005,0.18962875561146036,0.15686480102264855,0,,,,,0.29638662528,-11.853723478166788,-0.26588235294117635,-0.26588235294117657,0.0023009371605609316,1.1691082472856178,0.5022924157904056,69.13160741583668,-0.14491978609625644,-0.14491978609625678,0.1297688651222528,2.15448717160143,0.49725286354745735,103.91435631779925,-0.19221209610604795,-0.19221209610604806,0.1297688651222528,2.1548097232682255,0.4919520521037956,1.147058823529412,1.0776762670518005,0.422680412371134,1.1470588235294117
ACE,1778328989,1,0.596026490066226,9.3444784328,2.0822331747594123,0.5447870203041506,-1.3071895424836666,3.266536456401633,0.5152480734924779,-12.71676300578034,5.0873465778,0.014537537958250149,59.141800974,-0.11512070874522755,-0.224346537658492,0.10153177634854359,122.505914141,-0.03303812404318361,0.012722884616337637,0.14080101508372916,227.925221918,-0.01276408238384788,-0.16512262265924638,0,,,,,0.34464397416,3.2594511232024725,-0.018136160714285587,-0.018136160714285587,0.0,0.0053793251558180676,0.4115832180311122,58.94504614384635,0.04166666666666674,0.04166666666666674,0.003949823882218896,3.6911694513173554,0.4743201348112563,71.80638810312483,0.3660714285714286,0.3660714285714286,0.003949823882218896,4.1547327281435145,0.4769536378783624,1.0625,0.7529349447917952,0.627906976744186,1.0625
ORCA,1778340420,1,-0.11487650775416913,5.277655814499999,4.76420033408755,0.5813022649963028,6.744328632740659,2.8844370880904475,0.5447982348132632,9.428032683846643,2.5371776949199996,0.13090653111319103,115.794271,0.05159086703336546,-0.2308163680151425,0.0950780192195927,265.3538099,0.0018277724015032526,-0.22246492734017576,0.18742972649703277,527.5578543,0.039971956944699294,-0.14181003739947595,1,0.5156687564575435,10.92598013470732,5.959040320244784,10.303548525010697,1.0629705032599999,4.3280475952554465,0.04622098153406817,0.04622098153406817,0.0,0.0,0.5188461281344314,9.19385556828145,0.0593911274732295,0.0593911274732295,0.0,0.0,0.5507255778799521,0.2983380801421909,-0.10123692272122997,-0.10123692272122997,0.0,0.024950238900009192,0.5283128429691526,1.1561181434599157,0.9987559641397601,1.0,1.1561181434599157
ERA,1778391978,1,-1.4032946918852929,2.00751006477,14.670155164145658,0.5241216930116418,10.296096904441443,4.710492481074269,0.520026876227825,10.000000000000009,1.5760601776300003,-0.03462440055767305,41.7569147,0.016544651305381512,-0.07005407225589555,0.09650687722178752,69.7352084,0.1278554335625634,-0.09302974687665766,0.020521581968734912,198.05395000000001,0.017117276618205366,0.056839721968638734,1,-2.6022005185593167,3.5351460969221975,15.752000704711559,4.504504504504503,0.08638916,34.035332175023456,0.11642743221690588,0.11642743221690588,0.0,0.0,0.4748833133639729,26.832638602598745,0.020408163265306145,0.020408163265306145,0.0,0.0,0.46846723334247325,35.594568580315624,0.1292599314377898,0.1292599314377898,0.0,0.0,0.46991191682136607,1.7543859649122806,0.9142382008235667,1.1730769230769231,1.7543859649122806
LAYER,1778406101,1,-0.9345794392523366,45.569015688640995,1.0667733232378218,0.48891738687163366,-1.6265912305516217,2.640214944230016,0.47150599814824173,-26.246023329798508,20.051999369167,-0.039402942980138474,210.25628783399998,-0.13606935894595987,-0.07054971916630337,0.1511820025260376,359.498976199,0.05421066087533187,0.17628187468342316,0.17458256692097054,901.1774173279999,0.04652261031365729,0.1474923407305606,1,1.0640815296270478,112.406614421904,0.8797711346197068,-9.691629955947134,1.14940182564,-12.971244651799674,0.06189555125725321,0.061895551257253434,0.0169158414109651,0.03491779733136635,0.4707247238305718,-8.958114644392845,0.5206532597836944,0.5206532597836944,3.0885464863633136,0.62868020032737,0.4836613811089808,631.261447157196,0.13702623906705536,0.13702623906705536,4.144874046417388,1.3366520408513731,0.4812761069225971,1.1688311688311688,0.8457330897171071,0.4747474747474747,1.1688311688311688
SYS,1778721147,1,-0.43923865300147247,2.45052342734,1.210867242751034,0.5749843978368294,4.594180704441042,1.0133327905113991,0.5222921625005245,9.630818619582659,0.41386595714,-0.41727399855356845,34.47302408,-0.29513226190315206,1.2054952878407539,-0.2535270661789466,58.698599009999995,-0.22633466122441293,0.7214616157268601,-0.3269380784702048,135.99733017,-0.09933485624053004,0.15659150568157432,0,,,,,0.1640453904,-1.0940338230311153,0.0,0.0,0.0,0.0,0.28630709161899576,24.078003731663287,-0.2008547008547008,-0.2008547008547008,0.0,0.0,0.5803498362526079,227.85407016134354,0.042363433667781614,0.04236343366778139,1.3855105556199767,3.049060255703473,0.50602031587153,1.5982905982905984,0.9841496245696874,0.9859154929577465,1.5982905982905984
BB,1778723232,1,-1.0554089709762682,12.81257267028,1.2677053315792073,0.5233126567109185,4.986149584487554,0.8156977410323327,0.5527135592264255,6.760563380281703,1.74186443066,-0.055007236626762455,66.83360696000001,-0.11853284518224144,0.05691647893156371,-0.09445984721793603,133.65784818999998,-0.22551434585814678,0.10843355269763322,0.06703325552975015,391.71639108,-0.1259219586517814,0.17974329536882472,0,,,,,0.5090849624,13.251215745778723,0.011500754147813153,0.011500754147813153,0.0,0.0,0.4451759403117584,13.98110976622613,-0.02084556664709336,-0.02084556664709336,0.0,0.011141558715975932,0.43788164988518447,52.96378757827935,-0.1612708279374946,-0.1612708279374946,0.0025917088451795915,0.04654892945233065,0.48578626027964833,0.6196581196581197,0.9769389418224295,0.3440860215053763,0.6196581196581197
AIGENSYN,1778825235,1,-0.9826325411334547,27.617641537899996,1.009366882132386,0.5743079772921288,6.497931370163057,0.7297767951126986,0.5431587961896557,8.42418235877107,3.3591189883499997,0.025685522702860182,120.43789232,0.18220859959817418,-0.13350302406410397,-0.1050061492131587,268.21555763,-0.05813957247955478,-0.05037593743676283,-0.009395693168044745,572.69856679,0.02977433778200129,-0.13853158275547695,0,,,,,1.125113892,-3.8115535405845224,0.003197977093559512,0.003197977093559512,0.009962458093975786,0.09027441641436953,0.6138564749941097,-4.037991213444525,0.11541310541310557,0.11541310541310557,0.011733834320125877,0.9417483932373312,0.553962635590446,63.05921442475275,-0.170492088332464,-0.17049208833246376,5.930346827501441,3.6371787150593637,0.48795855093206847,1.0154320987654322,0.9596022987063053,0.3723404255319149,1.0154320987654322
KERNEL,1778880686,1,-0.5329153605015513,4.02251225953,0.4075034432018179,0.637251366187754,0.0,1.5481727891234913,0.5255840741105823,-6.99708454810496,1.03792400402,0.08493743592511603,51.52331491,-0.03766285613082129,-0.1754118382914247,0.2216874103053307,90.85525422,-0.022501456256510843,-0.23842180298596483,0.13491281755941972,258.49500698,-0.04335783566219667,-0.16839592518606794,1,5.1589520449762505,2.82877372046667,0.5493822594102374,-6.320754716981137,0.310185545,-1.7732040980104835,-0.08505783303170988,-0.08505783303170988,0.0,0.26393463950746,0.43393270671570633,-22.308247080711187,0.5404700932869946,0.5404700932869946,0.0,0.3399203853938454,0.4291953508834452,27.94963653428326,-0.1801018879232844,-0.1801018879232844,0.0,0.5268204873956973,0.5016071583702545,1.204225352112676,1.008684986335564,1.0350877192982455,1.204225352112676
STORJ,1778880686,1,-1.4513788098693747,12.775270509799999,1.7685515084685053,0.5221041192465997,-3.9721254355400526,4.293782355553328,0.5094908467539748,17.777777777777782,9.1423718504,0.2208090970239788,165.559758,0.2234646027612916,0.5630609570052147,0.17183919018442803,278.01055729999996,0.23460387045832604,0.11595166576686555,0.07788664763999716,982.9219597,0.10901777571733483,0.16550012025254368,0,,,,,1.0557048902400001,16.866508758376675,-0.12391788276032645,-0.12391788276032645,0.2011128734581621,0.6500414276228179,0.4639893287090641,224.97797222422432,-0.22478120681713487,-0.22478120681713487,1.7269358282365592,1.5595987176167159,0.4790333453073935,351.2441993653959,-0.24712295578437304,-0.24712295578437304,2.002343680078471,2.2271815113648628,0.48020448594070114,0.8461538461538461,0.9185993640966866,0.5869565217391304,0.8461538461538461
POLYX,1778894162,1,-2.82467532467533,7.80027100496,2.937359519871899,0.5256796107999316,8.070175438596493,1.2646744721109322,0.5242497402364549,11.392405063291132,1.6441339359199998,-0.14288269118595207,165.67316826,-0.05974641939493634,0.6272435760326383,-0.08181442292239882,291.24275223,-0.33687396559661065,0.3645447161968327,0.11250000505210687,522.3196734,-0.15380603725384806,0.011781849844937353,1,-2.0084896077424474,41.89492559486396,4.854608962754209,6.196840826245453,0.415977172,31.549990601249345,0.32692307692307687,0.32692307692307687,0.0,0.8609407296994652,0.4570116692192759,33.06735658575344,0.5572629051620648,0.557262905162065,0.0,0.8609407296994652,0.4720093798523307,104.72711195469611,0.9304397815464212,0.9304397815464214,0.1454205280283986,1.616116064176714,0.5007227341390269,0.9387755102040816,0.7856878296350941,0.4578313253012048,0.9387755102040817
GLM,1778929358,1,-0.3534609720176829,2.0423323450699997,0.1655723565345629,0.5472811267046163,0.3695491500369519,2.546854815807033,0.4966807381827922,-8.490566037735848,0.86692066142,0.07293323079539142,72.01497464,-0.11047958900780024,-0.020647575234838067,0.05546194509234934,145.75765382,-0.06961101300870043,0.293782113248402,0.1402929437217328,229.29815521999998,-0.03703810659052842,0.07877843208128232,1,0.11790121951533727,5.13829242236188,0.3999116425600932,-12.173913043478258,0.085993974,-11.327111635028164,-0.02480033627574607,-0.02480033627574607,0.0,0.0,0.2103553687428353,-24.094383420486743,-0.2762393162393162,-0.2762393162393163,0.0,0.05455265970148094,0.3237110633727175,-25.679278497805903,-0.07356031946195873,-0.07356031946195885,0.0,0.05455265970148094,0.47063275662982623,0.7435897435897436,1.0006319514661275,0.5479452054794521,0.7435897435897436
FIDA,1779058012,1,-3.072870939420558,11.396858334249002,3.325453672724749,0.6028259910493238,12.106299212598426,2.346661952699646,0.5385513490212966,11.557296767874647,4.457428972214999,-0.027284543930284556,98.63372471,-0.0011753007036868109,0.18827329987764396,0.11158275543393537,151.83661791,0.15343275999289785,0.342036786162085,0.06621106598582141,295.59640004,0.09717317181600046,0.034095447871699935,0,,,,,0.36781502022,14.98813386361768,-0.014084507042253502,-0.014084507042253502,0.02133815251836536,0.0,0.5119962010404261,52.75361014502178,-0.1925465838509316,-0.1925465838509316,0.02133815251836536,0.026988672170218858,0.5003723074437995,582.6011763706566,-0.38618925831202044,-0.38618925831202044,0.02133815251836536,0.026988672170218858,0.5191611151751186,0.5882352941176471,1.0442717988039723,0.2456140350877193,0.5882352941176471
RONIN,1779143464,1,-3.279938977879482,9.546164826935,2.5718466369505073,0.5731514767510827,3.1471282454760052,3.3114399851440206,0.5389210055338083,5.811138014527839,5.268591985448001,0.15974803567627358,147.75388555,0.12944862764269088,-0.10477411120575386,0.160114151658232,259.63225897,0.01011623752624874,-0.08636584536722425,0.18360780768913787,697.15762565,-0.04110711491597782,0.10438488411937263,0,,,,,,,,,,,,,,,,,,,,,,,,,,,
AT,1779157886,1,-0.1045296167247356,11.046582416749999,0.7608360301242125,0.46816037070613253,-1.7964071856287456,4.734742043837294,0.4810523975739795,1.4134275618374659,8.717119701549999,0.14532150623484294,32.9046206,-0.03387856325198141,-0.08358889086265164,0.23661955384876796,59.999900939999996,0.005239484414826856,0.05500195293908061,0.2761664591646504,169.64338128999998,0.04602773146172209,0.08857541365990351,0,,,,,0.5565968392,-0.2568978287747936,0.10364963503649638,0.10364963503649638,0.0,0.0,0.5712109991756207,-26.899087779620768,0.35757575757575744,0.35757575757575744,0.18533060688642156,20.570149816977256,0.5226596219786401,-49.19135232007912,1.2199999999999998,1.2199999999999998,0.18533060688642156,50.8738667662919,0.4975380167150129,0.84,1.0111782920328793,0.5121951219512195,0.84
FOGO,1779250305,1,-0.2621231979030192,7.5661676851,0.5594338654819354,0.3702279438584316,-3.843730308758664,2.048030714867139,0.439936203302227,-16.38356164383562,2.58262396882,0.06274409228923479,95.68919198,0.06550888693813882,0.4360812827578415,0.08892268068841892,130.26808349,-0.020079713696356874,0.05819058087987594,0.17568147316209284,253.27302037,-0.009913396638780714,0.24821913308712795,0,,,,,0.22319274600000003,3.23926210169998,-0.0015929908403027326,-0.0015929908403027326,0.0,0.0,0.4557487872845495,-15.308747290968128,0.08963373655913998,0.08963373655913998,0.20724374259009296,1.6025001099274079,0.4845772305125132,38.93486234375716,-0.12096774193548376,-0.12096774193548376,2.2388742867118094,31.60435285831377,0.5322976734152707,1.1720430107526882,0.9650526971894832,1.24,1.1720430107526882
BB,1779312071,1,-0.11730205278591699,5.66784558618,2.142739917179936,0.47582375601139015,2.095808383233533,3.030870118107421,0.5017387962287575,7.232704402515711,2.8630839702000004,-0.17750862706422854,37.82410858,-0.351313944938906,-0.037462962910546516,-0.10501642985932316,77.05106611,-0.28836245939364724,0.005191781445218924,0.23663525046800446,243.10371395,-0.016421403462789447,-0.009142769550800511,0,,,,,0.335659688,-0.9853601807449208,-0.09679137265344162,-0.09679137265344162,0.0,0.021908856687014495,0.3825636427041299,11.201642393928868,-0.2572617632070664,-0.2572617632070664,0.0,0.024800177970730874,0.47509975714076275,29.003583488901263,-0.3143255212220729,-0.3143255212220729,0.0,0.024800177970730874,0.477317108500893,0.5221674876847291,1.0666814891780991,0.3103448275862069,0.5221674876847291
FIDA,1779360396,1,-0.7516623301532355,36.289730067951,1.5962461333012257,0.5424639676517092,12.414689632759202,0.7642116435545003,0.4934641648949138,8.09375000000001,4.622172376563,-0.15273509761224252,142.29491138,-0.06804852414030779,0.00980701143634044,-0.13756682843578358,225.30597765,-0.11748872520272705,0.012109574058490447,-0.057030959320379604,490.56675533000003,-0.2551140677805703,-0.15161097966795734,0,,,,,1.0549991757000001,12.415573749670571,0.04613297150610607,0.046132971506105624,0.07300746083417059,0.0,0.4945188654437881,6.315662440513714,-0.015004413062665423,-0.015004413062665423,0.07336946585635137,0.035769590033055035,0.47000364926797056,22.619289792749274,-0.034782608695652084,-0.034782608695652306,6.160659829603695,0.47314945404463976,0.5126383275974085,0.5454545454545455,1.2191235939743268,0.4387755102040816,0.5454545454545454
PROVE,1779415290,1,-1.2903225806451646,40.508543132469995,0.3873238653952873,0.4337410724852434,-2.8822055137844527,0.636948609046823,0.47116744532353527,-6.738868832731637,4.30031003379,0.003607818255054756,446.48863781,-0.02809385284664107,0.18694353352207727,0.03944130647099939,589.44505272,-0.015322779992359113,0.10773002250965646,0.22651906808481284,998.01354732,-0.0015745514947625716,0.05356688444835944,1,2.4815489228441345,87.06521775583091,0.6014386226221916,-8.447937131630646,1.71822496,-9.356805998604523,-0.08367546749319799,-0.08367546749319776,0.45984845895848236,0.4434525267285141,0.5185479688850475,-13.3480504419623,0.013959541731583869,0.013959541731583869,3.314219635128569,1.1836931410890459,0.5076924291629036,1033.9881145094093,-0.25265747574618214,-0.252657475746182,11.930199582247951,4.153989940874796,0.5097302883853124,0.6986027944111776,1.0131828144122177,0.4456521739130435,0.6986027944111777
FIDA,1779457869,1,-0.5008765339343801,49.541935741812,0.4846438680820473,0.5176605320142695,-0.025037556334506217,0.6593662479474854,0.5024074178809511,-8.564231738035266,5.444380047689,0.19529150908085188,86.31402365,0.02283439166951126,-0.19123840735155484,0.26374560081236736,127.68058616,0.022970266716585863,-0.1569322098677285,0.2932015678533928,355.04414464,0.03761376944605166,-0.08130390933962817,0,,,,,0.8351855442,-4.2388810476868155,0.02228452933788949,0.02228452933788949,0.014518354734713093,0.0,0.482956039007807,0.47796928298760033,0.07981246705689782,0.07981246705689804,0.022102573647490582,0.1756104113852789,0.49037652626362715,-31.840352229067427,0.17750170183798475,0.17750170183798497,4.994661411430115,0.9559915536670278,0.4947863999498839,0.654867256637168,1.0907052203070693,0.7662337662337662,0.6548672566371682
TLM,1779462035,1,-0.06464124111182912,1.381402381091,3.80481883942964,0.40692771713162973,-3.0094043887147426,3.300574425440814,0.4546203546667027,-8.298755186721984,0.7599035617119999,-0.01435079108444112,30.971608096,-0.019975389988357233,-0.21190072305887953,0.12411352811823445,45.747342801,-0.1391867322850175,-0.2483169177293969,0.21498117363352554,67.64279257999999,-0.06802208860792475,-0.11416784160806914,0,,,,,0.08078145367,4.704959974913359,-0.019997990151743417,-0.01999799015174364,0.0,0.0,0.33555020457492163,10.025494097906895,0.19534989742420783,0.19534989742420783,0.0,0.0,0.3656737640237962,13.857186529207933,-0.26037584162395744,-0.26037584162395744,0.0,11.217408051379524,0.47376310094662083,0.8598130841121495,0.9716369646396394,0.4657534246575342,0.8598130841121495
GENIUS,1779483703,0,,,,,,,,,,-0.06811780511747023,77.82107529999999,-0.3505643985846826,-0.05841711299715513,0.08364739905114785,162.2238465,-0.166331898801659,0.09188265329196121,0.13613271662552104,451.01128470000003,-0.05783745056539913,0.0265154053925023,0,,,,,0.770529648,-5.195965281753212,0.10860927152317901,0.10860927152317879,0.0,0.17163998860171048,0.49923088755576067,-3.1409367253804277,0.05898897951878079,0.05898897951878079,0.03446343702533299,0.19227241986670446,0.5089758426557984,55.69899186104483,-0.4040491958372753,-0.4040491958372753,2.23386615228594,0.32774962086857945,0.5115766992598095,0.8211920529801325,1.0400436775025061,0.5952380952380952,0.8211920529801324
ALT,1779496921,1,-0.4441624365482233,33.695567882640006,0.36198879007716994,0.4667535374989309,-4.4848484848484915,0.2779678800702309,0.48853900152801644,-9.111880046136111,1.56104759535,-0.054754718523895365,136.785469373,0.13051969795158574,0.28927528843037886,0.2102426167934749,200.896962249,0.1998149721177401,0.14127884428138082,0.291054931448405,457.212274539,0.1037317843959921,-0.04328718627142558,1,0.2093781541008033,41.36673234935297,0.6285969639287831,-9.23076923076922,0.37673565516,-4.160970185722657,0.18557680131695586,0.18557680131695564,0.0,0.0,0.5718540526061334,-7.862684982003431,0.1690338692055562,0.1690338692055562,0.0,0.1253336607599475,0.5055028273887119,151.52723577487302,0.11592873352324862,0.11592873352324862,0.2875384100663206,1.8575107747707031,0.4908098749212473,1.436241610738255,0.9852322937947172,0.6710526315789473,1.436241610738255
GMT,1779538599,1,-0.08210180623973162,17.816613899395,0.975507702726733,0.5539238825874591,-1.6155088852988775,1.798503271474615,0.5207926576944207,-11.418181818181816,5.340539730777,-0.15170309090730688,144.97050724000002,-0.11340070576970099,-0.2460722238109837,-0.2590517415864032,306.88791963999995,-0.21868385402327364,-0.21915133547011756,0.08319421729983523,686.29191238,-0.044987509423643435,0.0020332066580539543,1,0.38034827044111097,26.46265426272001,1.00077129130244,-9.405940594059404,0.37609552656,7.3614931568614095,0.06821691343446257,0.06821691343446279,0.007424406308524745,0.0378062991869477,0.44730013392552376,-3.549767260255632,0.015963302752293407,0.01596330275229363,1.5540639511083258,3.9193569848665524,0.48282340532982954,136.56141667215883,-0.16670396061758785,-0.16670396061758785,1.6599446042610753,4.045324143884175,0.5063728544432946,0.8990825688073394,1.2067239678484558,0.4431818181818182,0.8990825688073395
FIDA,1779547882,1,-0.18110473890732282,13.305473170743,0.5556037215277169,0.3773754098267917,-2.4727700912569928,1.1179190209810017,0.4838911184050204,-8.379424778761058,2.479073590121,0.5143563319212592,71.58564079,0.47074608229213244,1.1190889252813938,0.47026282788724155,106.93595203,0.2109014461180831,0.5242356815181819,0.36711972014314637,227.32066824999998,0.11560420033619256,0.20458048384145777,0,,,,,0.78944125532,-2.9730967297653677,-0.06935366739288318,-0.06935366739288307,0.0,0.0,0.5809465752264837,-11.620460340968364,-0.013845050215207877,-0.013845050215208099,0.0,0.00307439341894565,0.47232196702235263,-3.7783319334224297,-0.042835101253616226,-0.042835101253616226,0.19653831232459185,0.9892635401774583,0.4815424395799479,0.6852941176470588,1.0208106180880754,0.8382352941176471,0.6852941176470588
RIF,1779582700,1,-0.11538461538460609,1.936510751,2.1477353171689155,0.6377732392646884,2.9702970297029507,1.0722232683334068,0.5358111896909555,9.4736842105263,0.34606198109999997,0.09032878815703885,14.64214135,0.16746440032849058,-0.5895891307667753,0.033712106760102827,36.00178425,0.11405333973670959,-0.4997246320066817,0.17433381563201808,144.63763667999999,-0.0022833450634958397,-0.27525705681617196,0,,,,,0.054825267,-4.946398872199076,-0.06848596168984522,-0.06848596168984522,0.0,0.0,0.4144547028274668,-15.50688532695016,-0.11095305832147939,-0.11095305832147939,0.0,0.0,0.5651671600837606,-12.380380504048317,0.879465672569121,0.8794656725691206,0.0,0.6606180321930764,0.46426761569115244,1.3513513513513513,0.9983356598303447,0.8805970149253731,1.3513513513513513
FIDA,1779635780,1,-0.2517623363544663,13.147811772286,1.4852844917943815,0.49089170573087987,5.162827640984902,1.5985714116564105,0.507074024771818,10.333333333333329,3.5029526708360006,0.3007338446894814,154.02755923,0.46458238388644757,1.6898340295731242,0.1982453701309397,221.25956312,0.41133942366232357,1.0914106545824285,0.10492356628640727,409.89881167000004,0.19660814963791312,0.3843727314198415,0,,,,,0.7134893676,3.63269636990593,0.008781544403559716,0.008781544403559716,0.0,0.0,0.6524454117051209,-1.084277787012644,0.13983484174464378,0.13983484174464378,0.10949330788598007,0.0,0.5127097418868233,-10.511195201408242,0.11862334032145361,0.11862334032145361,0.1399378204273047,0.04875004391025489,0.4879752181639365,0.7767295597484277,1.0426014378248687,0.6973684210526316,0.7767295597484277
D,1779645983,1,-0.09090909090908594,1.22267906378,3.4703215914094288,0.4768951592411386,1.7733230531996824,3.9921712531901816,0.5689894970608342,8.196721311475397,0.81352403505,0.011930518414588642,15.074413249,-0.00900992811658271,-0.09128379964333166,0.054211521932429986,25.63076035,-0.10766414728810872,-0.0769773180975073,0.10306204289585504,59.925195291,-0.09617141040951795,-0.11505707969476331,0,,,,,0.25096560642,0.45057028549813083,-0.06873614190687372,-0.06873614190687372,0.0,0.0,0.4606958993776801,-4.693336037049367,0.26372637263726384,0.2637263726372636,0.0,0.0,0.5131202749920221,-13.632481064866209,0.29214474845542804,0.2921447484554278,0.0,0.026000614558632958,0.562038420474674,1.0909090909090908,0.9931917856931192,0.828125,1.0909090909090908
SUPER,1779658277,1,-9.47666195190947,13.098337506900002,2.9699226933729204,0.5059246462895546,19.02356902356901,0.8288668876703489,0.5062306171486567,18.03005008347245,1.8094630405,0.10750647508154325,63.5090222,-0.10640938384473737,-0.42997232148378306,-0.004707290722808061,155.0994778,-0.11335498420681375,-0.2320903339492255,0.056031114714149066,461.2094197,-0.16444168200954834,0.2406401377814129,1,3.784212283044064,29.25636601617927,1.366585375594949,11.79775280898876,0.45395560479999997,26.16816024411093,-0.18374091209517518,-0.18374091209517518,0.0,0.040941316294989386,0.48610647706049065,26.912151475186484,-0.1871657754010695,-0.1871657754010695,0.0,0.040941316294989386,0.4885142529780131,272.58698942329573,0.03561791689152716,0.03561791689152716,1.2395784390588498,0.36671204901929216,0.46934017164020236,1.1176470588235294,0.9287988604597781,0.9384615384615385,1.1176470588235294
RIF,1779672682,1,-0.8687615526802306,2.6401600594000003,1.1036515881018936,0.36628223396530396,3.0476190476190546,0.8950114090192725,0.3861108461610247,4.2389210019267765,0.3938288958,0.08239502411146704,22.44890165,0.15792802893314828,0.03923020470574046,0.033976028716630746,41.86928951,-0.20891089026385282,-0.24866075154327527,0.181683885490595,106.0783803,-0.10310319442762828,-0.007835831652954539,0,,,,,0.0741871296,3.4883790775758428,0.058970099667774,0.058970099667774,0.0,0.0,0.5083538494633937,13.931540463414581,-0.011627906976744207,-0.011627906976744207,0.0,0.0,0.5292566492384633,22.897754316203933,-0.1541815742397138,-0.1541815742397138,1.4052742107978795,2.7540946940748063,0.45432064567868413,0.9883720930232558,0.9727346472779714,0.7619047619047619,0.9883720930232558
SAGA,1779716848,1,-0.7246376811594124,19.095483012997,2.8333839998235444,0.5155532285131426,6.628710858072395,3.00855544531834,0.4939528849977622,17.42051052395881,9.574969899955999,0.008122919970421291,109.86429345500001,0.06870776586733401,0.15282762358780388,-0.07630736766810094,220.778455097,0.008274521247520109,0.16120323872094589,-0.04213280322852947,416.41719912300005,-0.11155487614767758,0.058992304039174215,0,,,,,1.31922104464,12.762605881374235,-0.19759635851589874,-0.19759635851589874,0.18268922026313497,0.0073715993536578065,0.5248728512937934,21.42889744833594,-0.300455628041835,-0.300455628041835,0.4547541599927337,0.28414612814359147,0.4838726430303588,34.12643889936828,-0.03414868405942362,-0.03414868405942362,0.4634394254731118,0.6740770378194413,0.47409815420414797,1.7547892720306513,0.8994290111278971,0.8378378378378378,1.7547892720306513
ERA,1779735715,1,-7.605466428995844,9.701399430739999,2.250771857248891,0.5125003750390735,17.445917655268662,0.8675657092162427,0.49600861477524794,16.309606081548033,1.40276691292,0.05072953255915026,67.0859251,0.0747157472043746,-0.2615105919630305,-0.08638283195691022,119.2835484,-0.06751181706791456,-0.18714118230460508,-0.1108071044655022,228.5822157,-0.1954446519748849,-0.1262577436195388,1,1.9949521142343496,20.555685269381588,1.7987352257231692,9.76744186046512,0.34210792,2.952516527679361,0.014797277300976797,0.014797277300976575,0.06445919170769271,0.0,0.3947660135418539,15.578292446445928,0.07481686935495335,0.07481686935495335,0.06445919170769271,0.009995091607350104,0.46258210638411495,459.92476985022375,-0.09548527281506514,-0.09548527281506525,0.2172177130538223,3.473184134409984,0.4895160569199698,1.1651376146788992,0.9319115008969504,0.5555555555555556,1.165137614678899
RIF,1779765952,1,-0.7109737248840675,3.1267551631000003,2.7361364093240916,0.5305699357969776,5.203252032520322,1.0865760325895213,0.497314295719079,8.375209380234484,0.56624287,-0.3074159933995489,51.96525947,0.017421531428623183,0.3941716184458304,-0.3356665163597569,93.94120308000001,-0.06844602078651107,0.005935758570711158,0.02905211988890164,179.89270295,-0.10327200809891043,0.2375477363881371,0,,,,,0.059027696000000004,10.588149695189507,-0.15295358649789037,-0.15295358649789037,0.0,0.0,0.5867969138875062,16.55885647534976,-0.23228166438042985,-0.23228166438042985,0.3392819194569275,0.0,0.5988115710077809,-24.44404002998619,-0.29263565891472876,-0.29263565891472876,0.3392819194569275,0.41475564284264116,0.54733899157144,0.6759259259259259,0.9745981873111782,0.7222222222222222,0.6759259259259259
MMT,1779784270,1,-0.37965072133636646,5.90779630701,1.041416566671344,0.5193087058676225,-2.1545319465081647,1.7173840768039237,0.4621289591234668,-13.639344262295072,1.69099255111,-0.007787307778037733,148.3914307,0.026193989638830593,0.14285557213050137,0.15821839804528673,204.42376819999998,0.03861096720145088,0.06572512315905166,0.31566106963918256,317.04274339999995,0.23145370836828372,0.22314675223102043,1,0.7351610940249387,13.993743596273303,0.8449974600055974,-12.888888888888895,0.215787416,-5.414752270296674,0.2626470588235297,0.26264705882352923,0.0,0.0,0.4991917609612212,-29.094994327268754,0.5271493212669685,0.5271493212669682,0.0,0.29816428220262853,0.49471875374827734,97.06554303654688,0.23715170278637765,0.23715170278637765,0.20132221241297965,0.6091332962622806,0.4716322482182044,1.9058823529411766,0.9656279628342077,0.9402985074626866,1.9058823529411764
PHA,1779809785,1,0.037735849056597104,13.1495940337,1.3210536112583018,0.5452870710781653,2.1194605009633882,1.2008641277693346,0.5289703205426328,7.070707070707072,2.6318126283,0.10272627505571914,77.93199881999999,-0.15923654161716788,0.307731035983813,-0.13424182175357136,206.13451037000002,-0.35234027067563817,0.4789310747536544,-0.16892689913604914,667.0592208200001,-0.3124825756481188,0.14596940923554613,0,,,,,0.9140342112000001,0.21899206383479974,0.14491922378357702,0.14491922378357724,0.0,0.0022238445509948543,0.5452351491590609,1.6753797055083952,-0.025510903854066624,-0.025510903854066624,0.02113661257234132,0.08694074579076325,0.4863680558689498,238.14257334520676,-0.2568446469603147,-0.2568446469603146,1.435656347345262,0.8532356540310643,0.4658126217191328,0.6403785488958991,1.0541198145294637,0.7833333333333333,0.6403785488958991
RONIN,1779869806,1,0.0,5.177890181197,1.46886109664106,0.5946267366727636,-1.4084507042253502,3.332975632793824,0.5113331016768098,-11.821705426356587,2.876296967202,-0.036584437146038394,164.06733079,-0.06001122743694451,0.20088094599522788,0.0995920929800163,261.11692822,0.03574008882482173,0.14666173693569373,0.1824364419108069,436.18503318,0.0056746583230025405,0.033103322164219406,0,,,,,,,,,,,,,,,,,,,,,,,,,,,
SAHARA,1779995205,1,-0.028522532800923095,10.60767436281,2.156666995371431,0.5085012655048632,3.6052009456264633,2.102342563791939,0.47806117977216867,8.209876543209882,3.71682755263,0.19177905710164014,51.091791380000004,0.10795858950060085,-0.2722323082794613,0.1641143871195802,109.06947798,-0.068569600153739,-0.39095281940888504,0.1053548674568382,342.93940647,-0.05940446739049482,-0.13084761326292083,1,-0.8975354068717301,12.023954707509208,1.206570581996488,7.563025210084029,4.363874592,4.676294344823506,0.09438656507541587,0.09438656507541587,0.0,0.0006269657714306745,0.4524759649179725,16.080701154393505,0.05439870863599672,0.05439870863599672,0.01638140567353866,0.0006269657714306745,0.35392189018278347,154.5209594281605,-0.4198730821752752,-0.4198730821752751,0.01683884320019433,0.16268345595940537,0.4398873736018243,0.7796610169491525,1.0675458282493755,0.4044943820224719,0.7796610169491526
IO,1780060554,1,-0.8501594048884287,26.827171199352005,0.9354960010757374,0.5114962069705469,1.2372243141473893,3.201197144096667,0.5072889536989122,-11.476952022577613,14.313177304593001,-0.0030086594498221963,101.83910499000001,-0.08734361406406012,-0.0686834793043859,0.036247774238339664,167.64405415000002,-0.1566798773277266,-0.14305562784318737,0.10130977486896235,459.30497565999997,-0.11393350599879833,-0.08651821955356331,1,1.3875611946351674,32.959052171945075,1.8522671354111548,,1.1242960056,1.2862397006452309,0.011558864116880008,0.011558864116880008,0.04688253425917891,0.6453265566951865,0.4870580720415475,38.92383952552212,0.3407836798394739,0.3407836798394739,1.039523692318275,2.822880845606377,0.4895288170999396,158.99737571002976,0.3508277130594728,0.3508277130594728,6.454361865430077,2.9511936780645973,0.4906702052644771,1.4592274678111588,0.9021281553287708,0.9090909090909091,1.4592274678111588
ORCA,1780100825,1,-0.4249291784702569,1.4617903835,15.32750611055036,0.6547411904976783,10.226385636221714,3.9279889349333654,0.6518645738708947,8.866615265998457,0.9569827419300001,0.002506030427554477,87.63889139999999,-0.09780284365236043,0.1122523501836763,0.054727642854494024,171.2112896,-0.0801144583538363,0.2362096522898285,0.07425377251422828,308.7542633,0.01902383829643213,0.2643860400832041,1,-3.7455313850955574,5.22094209436167,20.412790145303145,4.804177545691912,0.4873300614,7.323067189058952,0.04076156401737796,0.04076156401737796,0.0,0.0,0.5507648567268599,7.204778361867237,0.08865986084920996,0.08865986084920996,0.0,0.0,0.5404423574949732,4.466419005564015,-0.0219780219780219,-0.0219780219780219,0.0,0.0,0.5304143202229019,0.9945054945054945,1.0191477046865993,0.4320987654320988,0.9945054945054945
EPIC,1780121778,1,0.12195121951219523,5.470701322699999,3.5505438550268966,0.5605893003298356,1.2345679012345734,1.6282713505192177,0.5682073741717748,10.313901345291487,1.4846310384999999,-0.0800564049120499,30.829780879999998,-0.15355189336523184,-0.004168642980000414,-0.048584000495592194,50.20495081,-0.1874646472509519,-0.07418646420415542,0.19175907168166412,90.84844499,0.1314250408307305,-0.06172568105425691,0,,,,,0.16257503520000002,-0.6473376239838458,0.14227434982151954,0.14227434982151954,0.060438738259611956,0.35833053905437506,0.47464848455156544,24.901635575327784,-0.031020147105852214,-0.031020147105852214,0.060438738259611956,0.35833053905437506,0.43551690129000054,72.92325454575386,-0.31091058244462677,-0.31091058244462677,0.31589333464895963,2.2139953379508786,0.44900610112980144,1.1320754716981132,0.874394283440236,0.5,1.1320754716981132
VTHO,1780126849,1,-3.442622950819685,6.218084736382,4.357610329559747,0.503351743053435,8.576051779935302,2.9782514176696973,0.5053046468545573,16.898954703832757,3.08650328022,0.04907727335886067,58.588118046700004,0.15995074348457994,0.2299726060459808,0.04659065777623772,93.0962496745,0.06172241310650469,-0.10154950277939045,-0.015018550119449676,310.0831888447,-0.09532488390386629,0.05786364787097109,1,2.375806066271613,33.0656460122563,4.143883139787128,10.822998872604273,0.22769321960000002,32.572163321395166,-0.081487341772152,-0.08148734177215189,0.015277925298395664,0.3782363311094398,0.517162537805729,95.54222674857186,0.16505142405063267,0.1650514240506329,0.015277925298395664,0.3782363311094398,0.47677830089963097,592.8082789716251,0.6139240506329113,0.6139240506329116,14.205016577489687,0.3782363311094398,0.49930220305204914,0.9683544303797468,0.8658335346935297,0.6756756756756757,0.9683544303797469
NFP,1780143661,1,-0.9382329945269663,12.6226906838,1.5849094722344368,0.4798444030783361,-0.7757951900698279,3.4530603543648253,0.49589903855267053,-16.131147540983616,7.264485460940001,-0.01788452717993086,25.248814470000003,-0.11737608805871257,-0.26682554849583784,0.02540191376207412,50.343432558,0.1844919225417175,-0.3207380229477773,0.025682570866285313,171.62919874699998,-0.06501047699601904,-0.13215474784468717,0,,,,,0.2342767962,3.6863698566652836,0.35378047410403335,0.35378047410403335,0.1022880216423243,0.010386542924732038,0.4822446707398511,6.987775342760116,0.45273933514053377,0.45273933514053355,4.930818901987358,1.844666142826483,0.49650173422263194,372.8810973700762,0.34828872312417714,0.34828872312417714,4.995718039446196,2.4351408558317993,0.4914147811204037,1.4011627906976745,0.4465094948725547,0.339622641509434,1.4011627906976745
IO,1780177558,1,-0.36572622779518227,8.808713405417,0.9311413954709894,0.5489350180049508,2.35294117647058,0.49568259172093027,0.5703551613251511,7.952622673434839,0.727720981754,0.27317890187923327,72.96112006,0.36958881467390314,0.7837250662262603,0.2557620153781331,115.21411932,0.17208989042164247,0.3292284868185975,0.24516759138966684,310.85159352,0.06445876930908886,0.18515692023747232,1,0.9111390672340791,12.998343760983705,0.5724641706999918,8.778625954198471,0.8418759630399999,-0.12436638592367988,0.049367269607492714,0.049367269607492714,0.29995850586840156,0.0,0.45254683427950676,2.093370527409899,-0.0053934010152284495,-0.0053934010152284495,0.29995850586840156,0.0,0.47907759096825525,-20.46969947687106,-0.05877316372087327,-0.05877316372087327,0.3123839990042627,0.6570678891965436,0.46203849435510214,1.4467005076142132,0.9722027736572292,1.0847457627118644,1.4467005076142132
PUNDIX,1780200701,1,-3.1542056074766234,4.500059982880001,3.7599077185214456,0.4879622587636162,1.7231134878193721,5.0643333779552675,0.5172747462056899,15.13113651647613,3.79830066235,0.0855422032701584,102.3621423,0.06833890706058024,0.45452710404479846,0.0715890101123905,143.4198756,-0.055440551282269906,0.09617769787864705,0.14399122125688468,291.1229951,-0.037327172084739624,0.31556015261389647,1,3.8485879442785143,19.185494707218528,2.518774995647134,13.83928571428572,0.113276768,63.87549285210199,0.15676826535186028,0.15676826535186028,0.026584444923428607,0.0,0.47085087497966727,186.8495864064504,0.16070445789763355,0.16070445789763355,11.325324536095522,0.0,0.49382199596443427,179.27458427936563,0.7756357670221492,0.7756357670221492,11.976723770932447,0.0,0.5168332413604796,1.2065217391304348,1.18342091434577,0.7945205479452055,1.2065217391304348
PORTAL,1780202827,1,0.0,36.275944295218004,0.8569215793886249,0.4412014280070779,-3.975535168195732,1.708202842480619,0.5090029342047548,-0.8212255211623609,10.32777852646,-0.12762221208705063,53.073202702,0.059083579005162534,-0.010768599257775624,0.20493119517764563,90.08652577,0.23719737545435787,0.21440077195488239,0.42851054647439113,228.659754344,0.3347343933970168,0.5311290150593457,0,,,,,,,,,,,,,,,,,,,,,,,,,,,
HIVE,1780219865,1,-0.9077155824508409,10.7219314789,1.5733187863396652,0.41266342120689115,-2.218934911242587,3.797852449844012,0.48931438047996784,-13.254593175853014,6.7867189557,-0.13335618507525943,161.46644497,-0.12155851904922273,-0.028594056885367758,-0.04117828642395528,262.31423582,-0.1819328454728925,-0.0926396866718957,0.09738401034829718,453.96122834,-0.04913405170040301,-0.09969545068965291,1,1.230257517379596,34.355243199011625,1.3172455523868192,-11.711711711711715,0.39177364564,5.545855439507741,-0.011815835936438979,-0.011815835936438979,0.0,0.0,0.5079202185218119,93.81445664500309,0.016065174356631573,0.016065174356631573,0.08092502993203636,0.5180362187672344,0.4871425233417884,198.8824271711788,0.35948560004322694,0.35948560004322694,0.08092502993203633,0.5180362187672344,0.4884704658486037,0.8542713567839196,0.9743787901461544,0.5434782608695652,0.8542713567839196
SIGN,1780233382,1,0.0,6.44750241145,0.8859081913666835,0.5727592871221373,-1.9023986765922207,3.2253458398758856,0.4882724471657793,-16.420014094432688,3.4659041800600003,0.18998796421681935,86.7936095,0.03222787938952615,0.0393055107860627,0.15825872121735582,149.46751874,0.08225183199993122,0.0057745962774120585,0.21785410801952895,285.56987833,0.05810383814344286,0.004598634961745063,1,0.47256356887679374,15.167327034666924,0.7336235090867754,-14.563106796116498,0.323648178,-0.5165037609737633,0.06727383120825747,0.06727383120825747,0.0,0.0,0.5938032005447735,11.248260286027723,0.8197530864197531,0.8197530864197531,0.00039734504545859057,0.017502338604235862,0.502910782544982,100.98666158934182,0.5083127572016461,0.5083127572016461,0.5791770593561011,1.6160276360338417,0.5111620022115002,2.077777777777778,0.9944812075602266,0.7464788732394366,2.077777777777778
HOME,1780247186,1,-0.8779382611158293,10.83880496931,0.806925687778731,0.5982314588608362,5.845323741007191,1.0576182712336188,0.49262354399159286,9.658385093167698,1.91055302898,-0.11355559810231984,125.576855675,-0.0717427780426459,0.5129345489757586,-0.0913655512850023,268.177268213,-0.264607715505571,-0.05860700614420167,0.05458589435410245,561.253101635,-0.2135339352217837,0.057089049912797174,1,,,,,0.516937952,8.65517868557224,-0.17000459649353206,-0.17000459649353206,0.008575497277475962,0.0,0.6238218661639963,18.393645944000014,-0.14124412651658602,-0.14124412651658602,0.07255957867840974,1.0762870047506206,0.5070418733947183,40.668935440033735,-0.3845124734398363,-0.3845124734398363,1.0957400163956232,1.344782090984877,0.5170901524843031,0.8144329896907216,1.06798520768672,0.7228915662650602,0.8144329896907216
GUN,1780247782,1,-0.371747211895912,10.886141983240002,1.1754046510600156,0.4724151403605971,-2.8880866425992635,3.7492106587858918,0.4991319143667071,-8.19112627986346,6.80240659277,-0.049629810660595186,114.50170303,-0.12981356194360516,-0.06223406031023693,0.13790497595758444,158.87246029,0.10215237716396312,-0.06718051307674622,0.1113952046384336,354.54683638,0.08031017976080156,-0.08168223140050546,0,,,,,0.27328255174000005,-3.3209107288094564,-0.08730158730158721,-0.08730158730158721,0.0,0.020596631450350053,0.5646321111877286,40.855933533123576,0.3470279720279721,0.3470279720279721,0.12535971207043442,0.8077177214372857,0.5189745845014934,142.21380851481814,-0.1346153846153847,-0.13461538461538447,0.19482429690811112,3.601249109150315,0.49780187597924286,2.2115384615384617,0.9184233750325316,0.4516129032258065,2.2115384615384617
PARTI,1780332388,1,0.11695906432749315,3.82459004782,5.7419658191385725,0.3814768864446206,0.7858546168958647,3.989952617634953,0.43477303556579816,6.874999999999987,2.5433221787799996,-0.15771174308140898,22.45601829,-0.20882878898697532,-0.167508156354503,-0.14286830531290173,47.24717842,-0.263324526824791,-0.08445338479453335,0.11023287402671368,96.89698338000001,-0.13989062312869527,-0.2247890248232045,0,,,,,0.36418452279999997,2.5320845620706134,-0.08449197860962554,-0.08449197860962554,0.0,0.31219909930779743,0.5275119739905438,32.63368313701689,-0.3757899854156539,-0.3757899854156539,0.0,0.31219909930779743,0.5289810054104677,64.67453355800944,-0.27102027251578586,-0.27102027251578586,0.0,0.31219909930779743,0.5184922039939448,1.0490196078431373,1.015523308092417,0.8333333333333333,1.0490196078431373
HOME,1780333927,1,-1.4151313210505667,31.72013392027,1.4683325817561224,0.4795517574195338,2.614641995172984,1.6911609878267306,0.528684958076766,12.826183104820865,8.9406421691,0.18563913851799027,63.427460048,0.1634822611922965,-0.2672831233953026,0.24226590277174545,122.95792401,0.16039173506979348,-0.10526132187311055,0.3104734421066388,452.099528214,0.2431230907910184,-0.2044801056830131,1,,,,,1.199186622,2.1650144579761665,0.028668555240793037,0.028668555240793037,0.6753255791407586,0.46759352523864295,0.5308669436522374,11.486909052174576,-0.10799279742175227,-0.10799279742175227,1.3701706388782577,0.9663906173896595,0.5136627349714143,98.12492656144735,-0.050204595530374596,-0.050204595530374596,10.616278622894777,6.644401675121422,0.5083127723034063,0.7223796033994334,1.0714340277398866,0.6835443037974684,0.7223796033994334
VIC,1780341390,1,-0.1328903654485014,18.303160884312,0.8595343348794128,0.49966577877508445,-9.745127436281853,1.2927336167646544,0.5135781194928466,12.523364485981304,3.943518561367,-0.023153742905126302,43.404343569999995,-0.2057470811453585,-0.009778870509477566,0.03333762118941508,75.02893965,-0.18520444733602173,-0.20853593450953312,0.07009206987621348,175.6014524,-0.026455593718737333,-0.050926949267379173,0,,,,,0.4696338996,-5.809874057581799,0.37016185784658706,0.37016185784658706,0.0019847374748583843,0.042226082948633885,0.4466427053341046,12.405752085089272,0.35823215152986876,0.35823215152986876,0.5132261325370474,0.044077014069109584,0.5056771997330516,63.23116136666371,0.6395537525354971,0.6395537525354971,2.7504738288700823,1.2754238152530506,0.5045954836883129,1.2206896551724138,1.0185163239912307,1.1071428571428572,1.2206896551724138
PORTAL,1780399577,1,-0.3355704697986628,46.66717450733601,0.40057944303590415,0.5788839554706949,2.4557956777996104,0.31738328861914866,0.5282750234157448,7.692307692307709,2.468563552617,0.3419546084093179,49.270591858,0.39627199476734315,0.33531239823937087,0.2945751403368371,110.030858369,0.01820701660367191,0.031490519041536436,0.2611666710301133,222.122215804,0.009476345772208017,0.08261723509787178,0,,,,,,,,,,,,,,,,,,,,,,,,,,,
OPN,1780522573,1,0.3597122302158251,32.145988289239995,1.1484121391096542,0.47595284740597166,1.7900732302684963,3.296321491309957,0.4826859555644089,9.881422924901173,17.660585342869997,-0.006526089041186665,94.46177069999999,-0.2342154978142923,-0.010823090896325382,-0.07608388651775008,266.13363189999995,-0.24375981367380747,0.11073051654914945,-0.09937221023239459,613.3605052,-0.18817878737890337,0.059487029655624246,0,,,,,0.66943119,2.5941108452125494,0.0986990950226243,0.0986990950226243,0.19702398389892772,0.0792726732675841,0.5178845087310404,26.674514973694663,-0.23936216498433704,-0.23936216498433704,10.042873413173353,3.4354797540879445,0.5119232320362626,376.62563491351494,-0.19935338254132873,-0.19935338254132873,12.506963112967592,4.340737544660864,0.5057600688074021,0.621301775147929,1.1876608424759583,0.6455696202531646,0.621301775147929
STO,1780522899,1,0.20270270270270618,22.70440962101,2.0766188281931903,0.5065902674833211,-8.188585607940457,5.274802639380518,0.5091654173454365,11.2781954887218,19.96021329908,-0.09756106048900133,43.854515549999995,-0.16403962794280597,-0.2783284209625009,-0.08908176931623825,85.27715397,-0.17394543258151793,-0.04447543403586507,0.056885596547688086,235.18712998,0.056643953618885697,0.12403409243971386,0,,,,,0.34131909600000004,-11.848925062433757,-0.12796228840797097,-0.12796228840797097,0.0018811722154567054,0.00043243991247416167,0.4696772063607145,47.27311642574419,0.23312142403051483,0.23312142403051483,0.45462284946401,0.4744895667952899,0.5054292627723299,19.541795825523888,-0.19940638139995048,-0.19940638139995048,0.45531217509142813,0.8754579321867184,0.487652726257643,1.8307692307692307,0.955406560981798,0.7532467532467532,1.8307692307692307
PORTAL,1780536106,1,-0.21493820526599094,15.374233049007998,0.5818924107417013,0.3754027512331461,-4.6130189646335085,0.38897743311441907,0.460116151405082,-8.729769494850403,0.9967049512509999,0.04881755596349551,107.970795164,-0.08231465666907536,0.20113192015161974,0.28139019250553216,142.93807022299998,0.033298383540448034,-0.0074288804638446004,0.25881431213051026,210.419528855,-0.02890669994138978,-0.038333982920817466,0,,,,,,,,,,,,,,,,,,,,,,,,,,,
BABY,1780666904,1,-4.081632653061229,22.12650093475,2.0443459354641558,0.5660865218176229,1.8811881188118829,4.867025085493335,0.5312098707515684,12.952799121844127,17.94837251727,0.1300516905792341,91.38556732,0.16244740509619238,0.1201287216140523,0.24403500533745948,164.46189358,0.3972777932893398,0.10247709911997815,0.19244500302591555,376.15558631,0.19976223326357112,0.04220425349258883,1,5.412778311555866,31.667988837475917,2.1573689194025714,,0.8305562160000001,-1.1102423768569292,0.2592014819870325,0.2592014819870325,0.3749608924725693,0.23604338420844467,0.4463662189687122,47.36518451420197,0.11709895000347692,0.1170989500034767,4.020594916599841,2.1311440043451557,0.4887205212022129,361.3221556773411,0.2767431122056334,0.2767431122056334,25.68534325435715,3.529380243660713,0.4754383059796313,1.4383561643835616,0.9648504711183941,0.8405797101449275,1.4383561643835616
NFP,1780687589,1,0.0,6.69228223186,1.1794238304450992,0.46818795133370283,-3.072033898305093,2.0040711003804197,0.47625232701419745,-11.764705882352944,2.23530156941,0.17544341034696762,30.910224769,0.22228757462920795,0.27641466070392595,0.16575675553078514,57.611631326,0.263907290761594,0.32972389825201964,0.12809644323753602,104.015636059,0.07024482843343507,0.0009415340060023869,0,,,,,0.06441109752,13.071286376307611,-0.070141065830721,-0.070141065830721,0.004232189956324781,0.004232189956324781,0.41695803829423744,-14.944332386491176,0.1457250826641474,0.1457250826641474,0.27393577627708154,0.3972331785226192,0.4932237109800884,1.3782232347570034,-0.3851659076122316,-0.3851659076122316,1.0721936693992231,2.103495146281743,0.4942072439858109,1.0862068965517242,1.0468998997890606,0.9333333333333333,1.0862068965517242
MASK,1780722082,1,0.0,1.9491012925,0.5569109411485345,0.39668120656105055,-4.871060171919761,0.3923015847058652,0.4060790051248753,-8.539944903581265,0.12743925430000003,0.21400678207373144,31.991187099999998,0.0948483254624704,0.11357818508001882,0.09074475748575182,65.29748479999999,0.07991381655553671,0.10809640692882927,0.3207193208525119,135.8111774,0.08022175953382726,0.11949486525519126,1,0.40160642570279403,2.26755312493386,0.6650594584203514,-7.622504537205077,0.1571202027,-7.487571463497867,-0.08300318871388535,-0.08300318871388535,0.0,0.626565624969118,0.46888687422776637,-24.683645423855825,0.15597865885552875,0.15597865885552875,0.0219389228168301,0.6491096768423402,0.41861769603660126,-15.897008003263801,0.040000000000000036,0.040000000000000036,4.371562951146829,28.929494087268004,0.4775575934597938,1.6455696202531647,0.9988996480774731,1.0,1.6455696202531647
ASR,1780747647,1,0.19627085377822429,5.8404339932000005,5.952958426664886,0.5403867645089435,-0.4882812500000111,3.808086130122348,0.5439762069543874,15.271493212669673,3.7068126139000004,0.06193412148348707,15.976522999999998,-0.02553961219171933,0.5240994823361305,0.14166517513922566,32.8650636,0.1217854182498665,0.1207590874422646,0.19384309260625288,83.26751949999999,0.1056850972134514,-0.010123333946911894,0,,,,,0.159959358,-3.7481543381794324,0.3893344025661587,0.3893344025661587,0.012535684220488057,0.0,0.44137777175775056,58.3092938973363,0.22277676950998182,0.22277676950998182,0.012535684220488057,0.0625783956947364,0.4352554122922571,234.90678599747352,0.26826417299824645,0.26826417299824645,0.015952802211171666,0.5663107250030348,0.40830862612349716,1.206896551724138,1.034287018284508,0.4555555555555556,1.206896551724138
BANK,1780752701,1,0.03333333333332966,3.6510109118400003,3.702090835019759,0.4870572745395044,0.33444816053511683,2.5372048636281788,0.5161591701992024,9.090909090909083,1.5438937737800003,0.030788765753910236,14.41300347,-0.02423271602219236,-0.09883534855996967,-0.06185508206903391,31.086261460000003,-0.018422507386062464,-0.27428038024631207,-0.1406103209554725,178.05923115000002,-0.18375038262697094,-0.11136375152042344,0,,,,,0.227851536,-1.9752265253997425,0.09945080394362482,0.09945080394362482,0.0,0.0,0.41496030087755953,4.885044280661921,0.14657227479592572,0.14657227479592572,1.8307710684030678,0.0,0.4591530854839265,119.36626884089377,-0.10852447791852093,-0.10852447791852116,4.0849639038641365,1.0579678514872948,0.5105879358615424,0.9763779527559056,0.9894344313238036,0.5882352941176471,0.9763779527559056
PORTAL,1780773700,1,-0.6605691056910445,14.028670928244999,1.9979861410898787,0.5256936583373277,4.1269841269841345,3.78217041125846,0.5184146173574516,13.364055299539167,8.843137349014999,0.25469909975287003,41.932706656,0.052765574209212046,0.08846420195345073,0.21160892984124688,69.614850368,0.10991790652861795,-0.02653969444201887,0.35802500880369326,103.788028414,0.0641769781236281,8.746224673439329e-05,0,,,,,,,,,,,,,,,,,,,,,,,,,,,
GUN,1780778784,1,-0.7200000000000095,5.492187383929999,0.7405716121742287,0.5149709223094446,-3.6979969183358996,2.9055999067535443,0.5086902886127646,-16.219839142091143,2.65968319177,0.026128205089941108,42.093609822,0.2516883448511085,0.5307472310431189,0.1099969740390212,75.60878794199999,0.2548187152760909,0.1519259913576938,0.1928594948266619,208.461932206,0.16542693146251974,0.11132222859308905,0,,,,,0.15825860652,-17.146453279016207,0.32063015753938484,0.32063015753938484,0.0,0.0,0.5172705092666835,-35.07391361932166,1.0298574643660916,1.0298574643660916,0.0,0.0,0.5192289144270577,49.40295662539276,0.20361568494313365,0.20361568494313365,0.0,0.18510841618144686,0.5322252660620225,1.8953488372093024,0.9760987504747775,0.6363636363636364,1.8953488372093024
FIDA,1780780579,1,-10.482339536650208,10.375318001344,3.9939207661883875,0.5184877174994147,-0.07590132827324236,4.964010603790877,0.5197851757649904,23.152478952291865,8.583864762728998,-0.0025846575974197705,52.90731697,0.16206041693051373,0.19575078097974608,0.01541955517740993,107.11610324,-0.00498329400905822,0.32653558694402607,-0.014798155060822061,205.00333598999998,0.0388823269558818,0.16808818411525728,0,,,,,0.40448205996,28.096830229169733,0.17613636363636376,0.17613636363636376,0.0,0.0,0.2810480317273796,163.46837199307953,0.29591836734693877,0.29591836734693877,0.6747213313415901,0.04454633662066954,0.44419541508831856,309.78859217332894,0.708695652173913,0.708695652173913,0.6747213313415901,0.04454633662066954,0.4824707767373616,1.5,1.1472795850090023,0.6842105263157895,1.5
EDEN,1780810609,1,-1.0420841683366766,6.4811282786,1.18454121271279,0.623993525412245,8.00865800865802,1.39855149065773,0.4828912198689304,8.951965065502176,1.5106986025299998,-0.012790086352689804,45.18699307,0.09100552391815404,0.08690879818094821,-0.12415632924237661,103.45997301,-0.07329029923950356,0.155694502063765,-0.04856777134772494,196.92918723,-0.12581187654923476,0.05357199508984478,0,,,,,0.587236368,7.549710206938398,0.03089834064466901,0.03089834064466901,0.0,0.0,0.5267882526254124,1.664347415786338,0.02700110881356954,0.02700110881356954,7.678339158994322e-05,0.0,0.44839879474736277,93.59167734776881,0.4615666625931809,0.4615666625931809,0.0006916635653601073,0.0,0.4881559035767114,1.564625850340136,0.9592981783188312,1.280701754385965,1.564625850340136
BABY,1780858585,1,-0.1776198934280604,6.282543434730001,1.3740886867757887,0.601830243953644,4.646840148698872,0.7732361736212608,0.5890575186856296,8.199871877001907,0.80964830768,-0.15705225944720633,65.4458649,-0.2670382172109258,-0.13500422120605748,-0.030512120714049358,125.06530991,-0.22633566820830958,0.0005679588528386681,0.16565332189682513,336.38662681,-0.011291103614621212,-0.014375853904954328,1,-0.23380501225362949,8.774175987294354,0.4788095962896922,8.05084745762712,0.714994462,6.147239416269978,0.002135448444173127,0.002135448444173349,0.0,0.0,0.4484722625173693,5.8098830647300925,-0.026754942862325493,-0.02675494286232538,0.0,0.0,0.5067993344337006,-10.168768385328919,-0.044078316596861344,-0.044078316596861344,0.0123898861750904,0.2611175469496154,0.49034601205517814,1.4697986577181208,0.9680495899557655,1.0327868852459017,1.4697986577181208
PORTAL,1780861609,1,-0.24752475247525885,12.914963927306,0.5468337461815249,0.3093121905319377,-3.809523809523796,0.66976157055286,0.4627643359895048,-7.762557077625576,1.4416577539309998,0.040209520415452484,41.373041249,-0.06686517080101984,0.17744070076662388,0.07472925423633486,72.268902608,-0.020576863070895388,0.10991992490440805,0.21917164898784613,125.843914926,-0.07062804910943127,0.1858988029128028,0,,,,,,,,,,,,,,,,,,,,,,,,,,,
HOME,1780868783,1,-4.449078901633641,33.189879504000004,0.4861244821710034,0.47840489431648886,-6.893203883495147,0.616314716701359,0.5134291111863224,-9.924859110832818,3.40923519731,-0.20695171547971275,85.77446819100001,-0.1673773976830496,-0.017761630621830227,-0.024312996565454978,141.69609973,0.04848163134982135,-0.007084472609082959,0.20641847539634003,444.881958382,0.06806315529227491,0.23076761950679714,1,,,,,0.82898464,-4.215972899231801,-0.015873015873015928,-0.015873015873015928,0.0,0.0,0.49544298431538786,-3.9693526585019234,0.0384095158531248,0.0384095158531248,0.02489985821691461,0.4599821053379228,0.44363315982419543,-10.686206602684912,0.7628550880978064,0.7628550880978067,4.5174099968848624,9.649093136393939,0.48431085027351006,1.402116402116402,0.9272141446909702,0.6619718309859155,1.402116402116402
FIDA,1780873323,1,-0.9663703131039814,22.374187491972997,0.326456474080968,0.5414510845829671,0.46601941747572706,0.5702321673705135,0.5140251213642482,-4.291527931927486,2.126413571117,-0.03083218572727497,120.03291846,-0.04692006415104211,0.10633920596071889,0.08963953779189282,169.86922459,-0.03846631618550084,-0.06070958852496411,0.13751246373940243,299.16837201,-0.056467988281088816,-0.15857584173228056,0,,,,,0.60897202938,12.143189262392507,0.03269850161041865,0.03269850161041887,0.0,0.013754339437441306,0.5100577851820495,1.6129122783777428,0.3015245834420546,0.3015245834420546,0.00039193918355002663,0.09692001463530339,0.5163740588019361,35.94370829772156,0.1393862922494562,0.1393862922494562,2.8567722786401193,0.7654410868009383,0.4886956813976883,1.5595854922279793,1.0202212111377853,1.2280701754385965,1.5595854922279793
GUN,1780882638,1,-0.5706134094151216,2.82118376748,1.4027813894360412,0.6459093809250782,2.335766423357666,0.9915747730459858,0.6132924209971382,8.682170542635648,0.46623577566,-0.15850438498760294,29.875440855,0.1537881473999349,-0.2324914857705801,-0.048716666099630226,57.411379528,0.25790654312660777,-0.07395265882204272,0.0793337800065149,194.403907106,-0.00458361242419178,-0.005205469299136678,0,,,,,0.14686664242,-2.1286959499950964,-0.09613438575187205,-0.09613438575187194,0.0,0.0,0.576934964278497,-2.222306680326336,-0.0008613264427218548,-0.0008613264427216327,0.0,0.0,0.5562404669015489,-2.242364077799408,0.024691358024691246,0.024691358024691468,0.00035749438493904123,0.0,0.5382045953121961,2.148148148148148,0.9768307340174394,0.9047619047619048,2.1481481481481484
FIDA,1780959969,1,-0.08710801393729817,5.491108215195,0.4452572929031548,0.32438662566397103,-2.876480541455162,0.7434942922735712,0.41326308645896354,-9.392265193370164,0.680434602709,-0.10895109446084965,110.41818342,-0.20909046352575528,-0.0003953472791816681,-0.03099561510183762,193.99257974,-0.11493486585222198,0.03557559053869408,0.07576342849296905,268.24450606,-0.05077241416693545,-0.005477672142328194,0,,,,,0.625819419,-4.758417396701498,-0.01221922731356706,-0.01221922731356695,0.0,0.027370981915791275,0.6522722188971712,-12.06760696366186,0.06674781903022908,0.0667478190302293,0.0,0.027370981915791275,0.5003300096090669,0.278165177811851,-0.05616498464238706,-0.05616498464238695,0.06235485159977115,0.206826498300143,0.46396533325001404,1.5031446540880502,1.012079568730142,1.3846153846153846,1.5031446540880504
SAHARA,1781072236,1,-1.0011123470522798,33.49834536222,0.3847171929385687,0.5224830301483349,-1.1544804837823053,0.6844500431152198,0.5031096682491712,-6.791083462934178,3.8213239879099996,0.0660702607821882,127.41434600999999,-0.10504486244702982,-0.1312660468567649,0.09786994155916609,242.72421489,-0.057430161228133714,-0.07024682711994557,0.2246417432323792,448.57570616,-0.02190862756731468,0.005959831252862591,1,1.4981273408239737,130.1955192790643,0.31998521337633495,-9.060402684563751,1.7843771880000001,-1.1185667911258745,-0.08484723369116431,-0.0848472336911642,0.0,0.0,0.5425859806524459,8.580681633107057,-0.09407076440043483,-0.09407076440043471,2.9112718067319294,0.6051400495711785,0.5252703970794287,40.567522616078435,0.06376093294460627,0.0637609329446065,9.162915839742286,1.596421383974788,0.5289579551807444,1.7397959183673468,0.9687557260237873,0.6756756756756757,1.739795918367347
HIVE,1781146362,1,-4.855595667870027,4.321181983,4.193945933519367,0.5031522573682996,12.37322515212982,1.1975697542382353,0.5124223164198557,15.176715176715172,0.8624861409,-0.013649724673211518,45.4465305,0.023045856050481733,-0.06404431833237689,0.017941933950608398,102.17721352000001,-0.19048899100093758,0.0050814243932666425,0.06283006701258023,228.18250891,-0.17849329653450607,0.3394442625015768,1,4.754215222640523,9.700899134253692,4.748147431935095,14.937759336099576,0.11343135409999999,18.224159985242828,0.13879142300194935,0.13879142300194935,0.0,0.0,0.5290519232945782,16.12805401308959,0.23518518518518516,0.23518518518518516,0.0,0.0,0.5327370982429427,40.75992424716186,0.33456790123456814,0.3345679012345679,0.09701457844097093,0.16345702779545676,0.4948750263121204,0.8518518518518519,1.1108190803181563,0.734375,0.8518518518518519
SXT,1781178992,1,-0.6555772994129128,4.950748780836,1.9574158710488236,0.4531182039738012,-3.127962085308056,5.1455022812085325,0.49649252489042,17.471264367816097,4.245681524247,-0.19225702682636236,33.778654693,-0.3441413198128247,-0.13410917459889005,0.014619049785186463,67.10610574100001,-0.13370659589571984,0.10916452119334386,0.11028985145257109,166.244410116,-0.03525423615839307,0.035053142264134696,0,,,,,,,,,,,,,,,,,,,,,,,,,,,
ENSO,1781223988,1,-0.3091190108191699,1.90369301352,8.07275137054998,0.6614190454016965,8.193979933110374,2.24068574253618,0.6568537954952173,8.013355592654436,0.7109296322599999,0.0762289893571032,17.49551034,-0.32794413923414956,-0.31044892213216213,0.20300202014503502,40.67456037,-0.24983768032937384,-0.17091351215593675,0.13593607144870226,190.68424257,-0.053578767933574606,0.25482026048278716,1,1.8118801157375186,2.561092022931706,18.001381534524157,10.15625,0.1730277668,-3.2099607169341793,-0.18312786697247707,-0.18312786697247707,0.0,0.0,0.4964999210508508,-7.601596781215236,-0.19266055045871566,-0.19266055045871566,0.0,0.0,0.4898522425425846,23.43288825873109,-0.1358708014254303,-0.1358708014254303,0.0,0.0,0.5040574630275045,1.201834862385321,0.9953218298932719,0.9508196721311475,1.201834862385321
LUMIA,1781227872,1,0.1262398557258848,6.918962506811,2.0173018933292615,0.5185752456798278,0.0,1.7198208597798155,0.5092445560667395,10.238568588469189,1.983229341208,0.16938141183039948,11.029547457000001,0.09368958839123853,-0.14801653298379802,0.11366052266670006,20.267913109000002,0.08292162320588192,-0.08748406878379622,0.22908489770847998,50.339232671,0.17640501611375792,-0.1399866616194354,0,,,,,0.12514958056,6.532619268599937,-0.09675567039908128,-0.09675567039908128,0.0,0.00824459814713741,0.4389558795751863,19.612563814661186,-0.1821143691720032,-0.1821143691720032,0.0,0.3601808315960688,0.4699682133239151,115.39794115242019,-0.08672480620155032,-0.08672480620155032,0.0005593306800292483,0.557520526139908,0.5022237939608575,1.0077519379844961,0.9253413538516277,0.5769230769230769,1.0077519379844961
STG,1781229958,1,-1.7133956386292892,28.07092428612,1.2933637215028178,0.5264609825284627,-1.0107932156929955,1.529765426613086,0.5180353398941602,-6.776379477250726,7.15698824433,-0.04405607099592168,94.27721430000001,0.21987326395383494,-0.2760691533648033,0.06647877660088412,139.62837349999998,0.28381590158341674,-0.1490340371588047,0.1607518088439876,383.3239707,0.13797337921047564,-0.035220896828169534,0,,,,,0.5378791679999999,4.378884719602194,-0.019566367001586316,-0.019566367001586538,0.23215972550920586,0.012448892610765695,0.5251318979780847,-16.05402595700681,0.05498331640795007,0.05498331640795007,0.2592886809849457,0.835723015024817,0.5042168513803682,83.86354369134834,0.4137993154386599,0.4137993154386599,4.124262068465162,2.2253677614077074,0.5171721646354734,0.7868852459016393,1.0071094830109089,0.7941176470588235,0.7868852459016393
HMSTR,1781275904,1,-0.041597337770371556,26.8259488587892,0.7638932705286355,0.4522666195972955,-8.835798255593485,1.6009551403390037,0.5122894518220332,-9.827456864216055,7.157856786658299,-0.09027023160619077,48.3481215336,-0.1086046841176999,0.007156552624509649,-0.054053877593262786,229.3278462872,0.0007031610379761022,0.7685496603719815,0.06242978412298293,335.1560926688,-0.029031692759854885,0.6727706473211834,0,,,,,3.574516092,-7.55283644114495,0.09445701357466074,0.09445701357466074,0.0,1.7736666549604666e-05,0.524201153649219,-30.976871139923023,0.8573784654048533,0.8573784654048535,0.05839451288725657,0.13878399823413076,0.5270896777312615,-31.026963884178983,1.0034141602769053,1.0034141602769053,5.625791795708049,0.7770019128508094,0.5016358567014123,1.2044817927170868,1.0236412353089226,0.1441441441441441,1.2044817927170868
ORCA,1781290343,1,-1.4154870940882747,4.21016625402,5.399092020913819,0.5003207106215066,7.423971377459737,2.374945181723577,0.5689802523587671,10.589318600368314,1.6664856765399998,-0.19789209488110077,67.1743454,-0.4352788839684288,-0.2942792998877206,-0.1996473075879707,139.0941897,-0.5820710511859681,-0.21809038408814307,0.0757848848339996,246.3510182,-0.2753197420384074,-0.03921957375773921,1,5.126263531435948,6.3283473092563085,3.705824326778352,14.451219512195124,0.2841369856,3.695065093980543,0.12885375494071138,0.1288537549407116,0.0,0.0,0.6249313576918273,3.437751231690478,0.07019927536231885,0.07019927536231885,0.0,0.0,0.5236855933055707,22.566986380318287,-0.06118513323983177,-0.06118513323983166,0.0,0.0,0.49154312866151334,0.8623188405797101,0.9673948135675721,0.5421686746987951,0.8623188405797102
ENJ,1781298402,1,-0.43209876543209846,10.213684379505999,0.6215086009762744,0.46569091588590344,-1.5795868772782495,1.1890923027184255,0.5159292288520215,-8.783783783783793,2.024168913011,0.06953737502140327,72.47845987000001,0.023681021964682608,0.45520838790281415,0.1811356862143351,121.4862765,0.12613127383714517,0.40904230415462184,0.45187556053916605,272.9573092,0.01919338497771067,0.153324705703884,0,,,,,0.17547979872,0.5924783389252397,-0.06056311413454274,-0.06056311413454274,0.0,1.8765692826297313,0.4882318565323788,4.414509853074389,0.13065099457504492,0.13065099457504514,0.001654344272774192,1.8765692826297313,0.49530313157053785,49.53309177592955,-0.163197729422895,-0.163197729422895,0.41084602060113423,1.8868159264777165,0.4595231437279087,1.0892857142857142,0.8544355788210349,0.5432098765432098,1.0892857142857142
AT,1781310440,1,0.07931665649787423,2.2492300691800002,9.57128717288065,0.6799217168425586,6.98433420365534,3.07505266107417,0.6472090129630134,8.831341301460816,1.1527501516,-0.16796219964138442,79.12121343,0.11110910394546591,0.2636726810906085,-0.08193197624861091,111.92781497,0.07518101012427604,0.29416900642999533,0.001495602190601442,237.27159002,-0.08070342017830556,0.381266249708897,0,,,,,0.1988087212,7.438869154557826,-0.04424778761061954,-0.04424778761061954,0.0,0.0,0.5102574316586167,3.59972857811679,-0.24653531474369672,-0.24653531474369672,0.0,0.0,0.5346087621962885,-4.168981067420951,-0.20353982300884965,-0.20353982300884965,0.0,0.0,0.5169707846433279,0.8407079646017699,0.9990110223158029,0.5853658536585366,0.8407079646017699
BANANAS31,1781315493,1,-0.05396654074474316,7.85570879371,0.71831984604804,0.5945403552250048,8.553016988869366,0.43752993840200183,0.5490462397148345,8.109684947491246,0.572851297436,-0.09787668383769084,20.130713926000002,-0.1005062493866034,-0.13287896120706333,-0.07825764713700455,37.725934222999996,-0.14616095601487789,-0.13663008694420287,0.18759984031679566,88.798451882,0.10495698996708752,-0.09784937028540042,0,,,,,0.31338035999999997,3.531483317029682,-0.06862068965517232,-0.06862068965517243,0.0,0.0,0.48496195192656116,1.699890063771825,-0.0005952380952380931,-0.0005952380952382041,0.0,0.0,0.5331825037707391,-13.170788689728264,0.018834688346883732,0.01883468834688351,0.0,2.1662598766559586,0.4656438454577482,1.2166666666666668,0.9688185140073082,0.8783783783783784,1.2166666666666666
STG,1781335912,1,-13.864956922460426,18.51608845025,0.45340065718073674,0.607092203671922,3.569205229300687,0.8782021130138018,0.5483553650650688,-3.6114329857087735,2.7101446669600002,0.07055278494107317,55.6959817,0.11066359499145599,-0.20484943755050333,-0.0659978115499492,133.67635140000002,-0.03775044184381806,-0.2226245133913537,0.16347780079393226,332.6784103,0.014650422430747267,-0.20704977449458306,0,,,,,0.735564433,12.596942932864552,-0.020815592771312175,-0.020815592771312286,0.0,0.18402567324785263,0.5170878380598731,6.17800591125639,0.03690036900368998,0.0369003690036902,0.005863986629163187,0.19772690667875184,0.4875785792007609,-12.80174564475891,0.16825175798927816,0.16825175798927794,0.7000067660965874,1.8188040367090454,0.48457587239126054,0.8745387453874539,1.0067504679566066,0.7727272727272727,0.8745387453874539
MMT,1781373119,1,-0.371747211895912,2.3593457358000003,1.871288915926079,0.5150395367980856,5.490196078431375,1.605702094583199,0.5306156997152333,8.642972536348958,0.6314010649699999,0.06739825466284388,44.0127089,-0.07840264757665874,-0.003575037500060829,0.15838306742671168,68.4662116,-0.05520040434400478,0.10252432839975079,0.1064863254196087,219.7264412,-0.11912005201530507,0.21437859400176262,1,-0.4644990046450026,1.0647617289865334,4.479977066449981,6.914893617021267,0.34995312,6.169749945846181,-0.12513255567338288,-0.12513255567338277,0.0,0.0,0.5277050229905128,6.0849319761106635,0.13897837091578458,0.13897837091578458,0.0,0.0,0.46917556195125504,14.841384770963796,0.3703120902176764,0.3703120902176764,0.0,0.0,0.5042524973147582,1.3414634146341462,0.9809907615100939,0.6363636363636364,1.3414634146341464
RIF,1781376144,1,-0.17225747960107896,12.1487234377,2.24165604108573,0.5698107081073941,7.71484375,1.6591394608136723,0.5165213888066906,13.477366255144041,3.359404409,-0.18394853850884366,56.50180013000001,0.18195816446202331,-0.2524331884468478,-0.0558301862421445,97.37503435,0.429503097618962,-0.41470859293637286,-0.04265526890186443,348.33589284,0.16341985402420384,-0.28483144791919246,0,,,,,0.36925943040000003,5.989980123636163,-0.005733082706766757,-0.005733082706766979,1.5201103175400446,0.0,0.5289345427726371,36.58351648650402,-0.16303112432243405,-0.16303112432243394,1.613567348448144,0.012955579752743938,0.5256008497987362,590.1873848743573,-0.4398496240601504,-0.4398496240601504,3.919805970648001,2.4278126872179673,0.5279253423974233,0.5601503759398496,1.0583235718761066,0.4489795918367347,0.5601503759398496
TST,1781439061,1,-0.06305170239596647,5.521767518223,0.39454002064706584,0.2846181304223584,2.0592020592020477,2.3976963166538208,0.5115206332295094,14.34751261715932,2.2065869399769995,-0.3241685500257521,28.364302360999996,-0.6603232368602947,0.5125585791804543,-0.24417517999064556,37.390348298,-0.2154003297367536,0.02174665216841798,0.0760967766243144,74.828805358,-0.01659889856903289,0.4210097804467521,0,,,,,,,,,,,,,,,,,,,,,,,,,,,
STG,1781445029,1,-0.25945144551519084,19.37371294528,1.291241178812586,0.4802143723411703,2.5075987841945313,1.2174928430518819,0.4774198000470447,11.07451626183613,3.9312261423699995,-0.059537932312227364,77.92543219999999,-0.04342841388231841,0.050642585191463585,0.04920516917611453,116.14849430000001,0.06947056574776744,-0.08966228970744716,0.17354964636858303,284.2673017,-0.18891764187453156,-0.28166980667882346,0,,,,,0.6879864888,6.672550418366363,-0.09653963853215808,-0.09653963853215808,0.00038939718201047314,0.0,0.4253869439185359,-7.708483402554722,0.15946466897239953,0.15946466897239953,0.00038939718201047314,0.0,0.4823716936996072,-23.357213732391735,0.15441358339031885,0.15441358339031885,0.9650201578202853,1.703644852160358,0.4938608664163999,1.5475113122171946,0.8811636598112162,0.8714285714285714,1.5475113122171946
OPG,1781503302,1,-0.3477396920019915,73.56250029972,1.0457121687503708,0.5093654480376358,-10.652463382157118,1.746711289104852,0.48561253468387383,-26.58643326039387,21.41540828805,0.08528616551770866,43.0265399,0.13847809861414684,0.3112009875906898,0.3013994599353411,101.1350799,0.1995677218745539,0.4798899210038512,0.3425397132458371,185.1806667,0.10517576320449312,0.21392570587351334,1,,,,,0.965698378,-13.374234111271688,-0.07208958705964696,-0.07208958705964696,0.0,1.1041490016875644,0.4550872487572066,-34.5821221420177,0.28207398661944105,0.28207398661944105,0.042231405715377514,3.1877084710190946,0.485998822421734,88.81249057744516,-0.42820440429136086,-0.42820440429136086,5.605922328679732,6.522330723020018,0.4917008308344056,1.0194805194805194,0.9751246812659367,0.4315789473684211,1.0194805194805194
OPG,1781615508,1,-0.17152658662091813,19.6275518015,1.7222154446983386,0.5531442605778083,8.096415327564888,0.8819707009835553,0.5239338941540103,8.971962616822427,2.8851542701599997,-0.07240444251045675,39.333945,-0.15927567436647438,-0.07685196820043905,-0.06164514033410932,58.8183264,-0.09241773186679504,-0.1774492688914031,-0.1293265051774029,132.4620783,-0.2948276278323276,-0.24091023234613895,1,,,,,1.004529872,18.178243410968275,0.08533045857865496,0.08533045857865496,0.0003245299209977103,0.0,0.4988195561531136,14.9784160854876,-0.13413238957734142,-0.13413238957734142,0.0003245299209977103,0.010391925905813181,0.4644391001436765,17.441458062642923,0.3310395369346766,0.3310395369346766,0.02985595633934518,0.9299280449869985,0.4748637974931396,1.8847926267281105,0.7541974701386799,1.0,1.8847926267281105
SPELL,1781635888,1,-8.87728459530026,1.4058529420805002,7.962477923244279,0.47180355302858124,19.50078003120126,2.252111491664044,0.47015730742585354,17.846153846153868,0.5276895944082,0.0882178087225406,28.586403841,-0.11977053377470505,-0.3608087610742394,0.21028979107867768,45.7334693008,-0.03455361684752181,-0.2589024304781816,0.25434881560000266,125.6865751233,1.6210155744711408e-05,-0.10977774759173042,0,,,,,0.033978864000000004,-12.630678456519707,-0.17022058823529407,-0.17022058823529418,0.0,0.0,0.4885398487492728,-18.12937239728898,-0.16950464396284814,-0.16950464396284837,0.0,0.0,0.49150215909526873,-23.037715846843476,0.13421706710853365,0.13421706710853343,0.0,0.006413987236300778,0.4586423943227399,1.0882352941176472,0.9442016834488398,0.7164179104477612,1.088235294117647
STG,1781652712,1,-0.20226537216828655,11.44698005776,0.7105294257035323,0.4969481655319326,-4.371373307543525,0.7454521605403943,0.48490800569650105,-7.3463268365817065,1.42219600262,-0.008959329230364797,93.4028892,-0.03368794992235086,0.2206143484142551,0.052194301511163214,152.456516,-0.021476440113440513,0.11788241045219139,0.25116022795729853,290.4374325,0.03691723316258916,0.13255559677000917,0,,,,,0.5681494131999999,-1.5498959997083728,-0.08990679699931792,-0.08990679699931792,0.0,0.00208001622908303,0.37600133315495343,-8.708487361173134,-0.15042376677596803,-0.15042376677596803,0.0,0.003798261425362676,0.4472922216522991,39.37220086290034,0.0739326226985122,0.0739326226985122,0.7511248099270237,0.3622291341301697,0.476176170698624,1.9748427672955975,0.86582066232232,0.9375,1.9748427672955975
BANANAS31,1781694068,1,-0.08319467554076532,2.037613433861,6.287387415256877,0.6348025678191751,7.098307098307077,1.8686528384116172,0.6108941932798849,7.364033346566101,0.634598687795,0.023642257735639105,42.34712709,0.022314468570370827,0.08709066652555753,-0.021769622048903,72.96824346,-0.12094763158069238,0.05098166947002114,0.08769489024243762,134.456619566,-0.08997108698452846,0.18259671864664284,0,,,,,0.40666212,14.33764493604257,-0.06455520941502269,-0.06455520941502246,0.0,0.0,0.7030848329048843,12.787487194085712,-0.10125722052327557,-0.10125722052327546,0.0,0.0,0.5672532998114393,8.631061188133703,-0.2619537526944935,-0.2619537526944934,0.0,0.0,0.4883104553186439,0.7098765432098765,0.9648342992179147,0.6666666666666667,0.7098765432098766
STG,1781752559,1,-0.23032629558540352,6.40409631861,1.793366162314807,0.44543650394631695,8.49645980841316,0.933201269742481,0.4563232226948978,8.677513558614947,0.9960518026799999,0.03940832257020885,84.1847838,0.07431013359194917,-0.02895257294416398,0.09407159793726726,130.8325362,0.1292387843526242,-0.08175427304733673,0.23364140531751493,249.19926930000003,0.06290975918270397,-0.06414859170763865,0,,,,,0.6946557120000001,9.447927516332966,-0.12361585068598091,-0.12361585068598091,0.0,0.0,0.5440470166280484,10.755741035103949,-0.13792176367791364,-0.13792176367791364,0.0,0.0,0.44497631082501693,23.035508638925005,-0.2570074860229318,-0.2570074860229318,0.022390948107542517,0.644193997500736,0.4665332629657562,1.3988439306358382,0.9925131677655944,0.9206349206349206,1.3988439306358382
PORTAL,1781793978,1,-0.1299545159194282,7.398398096236001,1.5413486681287984,0.4732489556731181,-2.7795325331648857,2.2103870114748077,0.4756980057155826,-11.653272101033307,2.7255538429399997,0.0006399190157152373,47.729443417,0.06737136640962364,-0.08023185553400014,0.05836575053797499,84.162216709,-0.011963978348138074,-0.15985214087098643,0.2987351525518102,122.66079890399999,0.02010441099906668,-0.040833140167636284,0,,,,,,,,,,,,,,,,,,,,,,,,,,,
GENIUS,1781812273,1,-0.3838280450358278,5.68259676624,0.6200054013706164,0.45289355291455874,1.0341261633919352,1.393150004151754,0.48273821166467423,10.676862078731219,1.31945161808,-0.2369789733001338,27.2150289,-0.12048795868408772,-0.2224393243105095,-0.06162498676429491,35.9452404,-0.01155533912838233,-0.18133945404826735,-0.06047169874677116,85.38853350000001,-0.016743303172566032,-0.07237746921235255,0,,,,,0.369905928,0.13062736476654457,0.11031211750305991,0.11031211750305991,0.0,0.0,0.24539877300613497,-18.20374137476808,0.5783658040127946,0.5783658040127944,0.0,0.0,0.5856172959737332,-1.633002149360252,0.01754385964912286,0.01754385964912264,0.0,10.239980528238519,0.43886872647796443,1.5526315789473684,0.9568663115499545,0.8382352941176471,1.5526315789473684
AXS,1781931695,1,-0.512820512820511,10.01442309142,2.632933224140547,0.5813955270339911,4.838709677419328,4.679531063259189,0.5330096251381425,18.301314459049543,7.81046732282,-0.2331256101870264,194.360476,-0.39667896590376506,0.03646306554488521,-0.07768826944923188,373.201364,-0.2725369808202832,-0.01683718170832771,0.050429468433841225,757.365687,-0.18709598197121985,-0.05572713052630385,1,-0.4527355042818759,27.723240830890575,3.005110102333648,14.960629921259837,1.08138535008,3.9159331966479805,-0.15371137304874172,-0.15371137304874172,0.00242938375279973,0.004460855697409931,0.46568670601283946,95.89027088264122,0.07876712328767121,0.07876712328767121,0.03038510739725593,0.03779393349186438,0.5056995909721611,98.34696055170562,-0.012928082191780765,-0.012928082191780765,0.03423588362581491,0.03779393349186438,0.5056811010177011,0.863013698630137,0.9798466934702283,0.5227272727272727,0.863013698630137
BICO,1781937089,1,-0.4199475065616798,19.274446242082,1.452791447154919,0.521013376802639,1.061007957559701,1.1977428106327945,0.5493984966638086,10.755813953488369,3.847638235897,-0.17737679332855888,106.67944401999999,-0.1967350709109652,0.2722449580248292,0.12197593253435791,164.45425351,0.13509737530456067,0.1100641202894952,0.03475597788866078,668.00379071,-0.027445212936221527,0.441142281320285,0,,,,,1.155570596224,23.815774674763524,0.04023998437971499,0.04023998437971499,0.1774263065968983,0.0008121431118675506,0.5114841407816901,56.18806534559213,0.06151727205844604,0.06151727205844626,0.4595413949050177,0.3909200462318045,0.4905718677286267,601.958366360351,0.28754522753911216,0.28754522753911216,5.428110135803511,2.0719243419861897,0.497507612686863,0.7085308056872038,1.072854940809435,0.4230769230769231,0.7085308056872038
RARE,1781954800,1,-0.38461538461538325,4.5685218696300005,3.2411400447644616,0.4838206150246309,-1.2658227848101444,5.281185213884953,0.5328668569296657,13.868613138686126,4.0212016912,0.07503072322878868,39.161313549999996,0.031075725312684738,0.4747813789796558,0.19242623757445826,67.57017246,0.16382589098776443,0.4897623919855669,0.20194326529577977,203.03664308,0.051675086917748636,0.1460834093239487,0,,,,,0.1257220528,-8.190879676090312,-0.14448250550526043,-0.14448250550526065,0.0,0.006763332136746657,0.4897587502253553,166.4841614867481,-0.19419924337957128,-0.19419924337957128,0.0,0.1038846384474562,0.5044815947851974,225.23462868766381,-0.04278288684526188,-0.04278288684526188,0.0,0.10388463844745621,0.5108454594423559,1.0327868852459017,0.7230078075091594,0.548780487804878,1.0327868852459017
BEL,1781959326,1,-0.08823529411765563,10.994802472019998,1.721340099495475,0.4879486234898795,-2.3549684089603673,2.5548193888415778,0.5187304931572289,11.329404060248871,4.681622422,-0.0668875615870843,36.46163955,-0.04871483218976204,-0.09940133699982545,0.05747166829693203,72.68300636,-0.10288110514294824,0.09111898626558923,0.044004032846554804,155.18051946,-0.01916110364080357,0.04821396536652589,0,,,,,4.06049246092,-3.1634579806849916,-0.06729803415124114,-0.06729803415124125,0.0036683597232009405,0.016275918902956456,0.48801595687880184,5.455398504516151,0.12716763005780352,0.1271676300578033,0.07233834191960271,0.021274507176508202,0.5117119508644461,131.72058582719265,-0.23540798094103632,-0.23540798094103643,0.08124746201973057,0.03664582570516233,0.47528239197866406,0.4710144927536232,1.0471645576883608,0.0373134328358209,0.47101449275362317
ALICE,1781980293,1,-0.9187279151943395,10.388288874932,0.6534167559583228,0.5865826438628929,6.151537884471114,1.197982490341121,0.5192687283136626,8.180428134556571,2.074164696129,0.11486607850646822,53.62867447,0.07711539590375274,0.06030534329844239,0.09011744240786167,97.3716244,-0.05409533072711405,-0.03631120976044344,0.19323411057505177,239.25642626,-0.0228645700320253,0.04019401267598832,0,,,,,0.21339063306,2.6755025122520593,-0.04736557574749445,-0.04736557574749456,0.16856846752915294,0.0,0.5099419234553438,92.61803267969455,-0.09180200749579959,-0.09180200749579992,0.18746579185016082,0.0,0.4909291681849876,270.0991022867842,0.014579486852995593,0.014579486852995371,1.0070820162925103,3.408260445037924,0.46506082483516886,1.1942446043165469,0.9896325359194497,0.6125,1.1942446043165467
VANRY,1781991057,1,-0.22857142857143353,1.6957892053219998,0.7496104908337505,0.5293374426979734,0.0,3.291003909287356,0.5044991169896778,-7.1125265392781305,0.930141484007,0.08371177717003651,23.530569641,0.017130098428157575,-0.038864022759484085,0.20492437125517124,51.621675256,-0.11407879961194092,-0.04933148857003533,0.2857078342924182,66.94605888,0.027412785151337493,-0.15467948880145954,0,,,,,0.11962372956,0.3971382008689073,-0.10319479785128627,-0.10319479785128638,0.0,0.0,0.14230702142790055,-2.773645168822536,-0.09053497942386823,-0.09053497942386834,0.0,0.0,0.43853324543569505,10.956385323434281,-0.03703703703703698,-0.03703703703703709,0.0,0.0,0.488045720910433,0.962962962962963,1.0066034796417838,0.6184210526315789,0.9629629629629629
BICO,1782023495,1,0.1890359168241984,34.148166951398,0.7709437123272064,0.4691784058462674,-6.205673758865238,0.903337525593453,0.508371789796507,-15.629984051036683,5.141220106238,0.03714361321630673,160.95095268,0.07021808071377608,-0.12037233367541356,0.0856254714572341,279.04837626,0.19324378213819587,-0.17038426370249282,0.11737327804690599,647.5558519,0.30031318867074663,-0.007805638829372685,0,,,,,1.5518907594000002,-2.424882305252296,0.046654218968566585,0.046654218968566585,5.4232167754216997e-05,0.20641530775262115,0.5192276668305699,-11.739721997931607,-0.0723328041681931,-0.0723328041681931,0.6166047828456449,1.2286875489465587,0.5123256977810416,33.852032917956734,-0.18527852999794436,-0.18527852999794436,5.573091738006002,2.30714723624251,0.5006740340653175,0.5802968960863698,1.1527142757275401,0.5,0.5802968960863698
TNSR,1782037291,1,-0.8366533864541892,14.6174859397,2.073551104626003,0.49292981383990164,-0.7905138339920903,4.078956172350092,0.5095861614799194,11.308203991130817,9.93734741633,0.00789264242185224,81.592283774,-0.3964667639209921,0.3104252554306295,0.08619000403727788,170.072710333,-0.03802187318535774,0.44018336751039566,0.009130378899847733,671.05470486,-0.27851564030400466,0.5854477545115175,0,,,,,0.5911031099999999,18.05725783748786,0.1063354794906759,0.1063354794906759,0.4446295757097268,0.8817186446540606,0.5747394868455359,291.3873302666994,-0.1010752688172043,-0.1010752688172043,3.0583892681600005,1.484822720692503,0.5195392647509637,1072.7552202312006,-0.41680315438277227,-0.41680315438277227,3.0927547733592538,1.484822720692503,0.5223308894166684,0.8874734607218684,0.911773789690997,0.4271844660194175,0.8874734607218684
LAYER,1782140209,1,-1.0063694267515966,13.391750577386999,1.487736136031848,0.4302147230461786,1.2903225806451646,4.0020732801694265,0.4833021543950782,-14.4880174291939,8.932461193408999,0.1917601961082292,169.735081868,0.017142039978297857,0.035544695053171704,0.26117472330806063,268.121955831,0.07801939740351696,-0.014573681786328896,0.20910437841018195,527.750378625,0.03201532225175774,0.008245859317691284,1,-1.7356559264593008,16.229356195218173,1.8245541036080237,-10.15625,0.3306929288,-0.9057828234783405,0.06466541588492802,0.06466541588492802,0.0,0.00030387707522096854,0.43188744685611996,66.74562930997885,0.07426692244450539,0.07426692244450539,2.2953659993711972,0.40040308536527747,0.4882656936184234,218.08460826823182,0.0023106546854942955,0.0023106546854942955,2.3061529218885433,1.8859892748937428,0.49488784022411364,1.0926829268292684,1.037149176089462,0.3888888888888889,1.0926829268292684
MOVR,1782207998,1,-0.16339869281045694,3.398335808183,1.764967395381372,0.5829393582139265,-2.392344497607657,2.828897644100719,0.49260258217007785,-6.422018348623859,1.602257360272,0.3002543623013595,32.83368928,0.11353378689743682,0.6879722376346147,0.3858311984374975,50.70835334,-0.06455061414868085,0.3198281935712306,0.32720406439673816,125.86310833,-0.0011395040264941536,-0.009741288448162133,0,,,,,0.13812046974,-4.943082955370192,-0.016531202644992637,-0.016531202644992415,0.0,0.0,0.3472347995947484,15.439217559214935,-0.060094626085728464,-0.060094626085728464,0.0,0.0,0.4657689809839458,24.0550692662878,-0.21341366735373402,-0.21341366735373402,0.0,0.0037514207776397617,0.48992765667658367,1.0168067226890756,0.9710303774967827,0.55,1.0168067226890756
G,1782222694,1,-0.15527950310559868,3.66642580719,8.642478163234772,0.47811128878824055,1.5772870662460692,4.991931856847617,0.5126300563977001,17.09090909090911,3.05042463128,0.3619225298388746,48.902499327,0.5009121287159158,0.4058719172673446,0.2747991768520798,102.399695244,0.23507034959739267,0.3364801415942076,0.1626097665589648,363.097492135,0.1666780446316308,0.4463511484403315,1,-3.882249567882645,8.892698064974118,8.226546054459721,11.750599520383709,0.2404243424,21.892652419387602,-0.18831168831168854,-0.18831168831168843,0.004216295196571577,0.33170139597312254,0.4858612902348108,92.5082405042193,-0.15584415584415612,-0.15584415584415579,0.004216295196571577,0.33170139597312254,0.508445378906638,111.13438307080239,-0.09824046920821128,-0.09824046920821117,0.004216295196571577,0.33170139597312254,0.5015466800449255,0.4545454545454545,1.168280333984722,0.26,0.45454545454545453
TNSR,1782292543,1,-0.48517520215632937,1.99377457108,3.4990715667824985,0.536616952355312,3.9215686274509665,2.088221871846184,0.5149408492554228,7.8488372093023395,0.69390727781,0.03524896617610739,32.335644005999995,-0.06942943337410354,-0.22688218440159802,0.22689131430597478,61.17195965,0.09082167125107504,-0.09259709602452981,0.40165468069999655,183.32154595,0.0706138638463284,0.1612787818072361,0,,,,,0.3242488407,2.5494489364544792,0.09565631808278874,0.09565631808278874,0.0,0.0,0.47238669021155777,-0.39093382040912283,0.0567716333845365,0.0567716333845365,0.0,0.0,0.4681753269822275,-28.287662734024334,0.1473429951690821,0.1473429951690821,0.0,0.07832838799105689,0.4465324401535533,1.4513888888888888,1.001087029686124,0.7341772151898734,1.4513888888888888
PUNDIX,1782412892,1,0.0,3.6521713882599998,0.32242617744207824,0.32241168045866053,-2.4173027989821905,3.5342197152170183,0.5142273829020649,-16.901408450704213,2.1512626872899996,0.13688330996004114,10.4993431,0.10633883820244967,0.30065250405801214,0.0483262550537437,20.3447409,0.06948816382031889,-0.10064115014697494,0.052353892652181204,60.2848197,0.07447836877703602,-0.29817119044666596,1,1.0152027880195869,2.4643563104560897,0.29926666437103794,-16.312056737588655,0.0219705652,-2.6664903337773938,0.03805175038051756,0.038051750380517335,0.0,0.0,0.5408754317354083,0.25744646791652226,-0.26828240252897784,-0.26828240252897795,0.0,0.0,0.5093797740612688,-5.035372225181833,-0.15068493150684925,-0.15068493150684936,0.0,0.0,0.535428462912796,0.8493150684931507,0.9914194982088904,0.6470588235294118,0.8493150684931506
TNSR,1782464499,1,-1.0900473933649346,12.341086245110002,1.3010367074326274,0.49675519960418696,-2.7649769585253448,1.1333491852844055,0.5249735844967379,9.32642487046631,2.33112667357,-0.016378684729679325,50.212510359,-0.1742134040150599,0.27869428282017794,0.1940651488105945,72.403437931,0.05132557251594319,0.2040744655614284,0.2194712375052572,161.733185015,0.14485396071021683,0.062317134210706726,0,,,,,0.26886279408,-14.219839964177993,0.021693856299896064,0.021693856299896064,0.0,0.0024334493816400788,0.5214397317060688,-12.912563396507338,0.10066631826495964,0.10066631826495964,0.0025468864234009596,0.0024334493816400788,0.5219971765721552,-1.3612096430128173,0.029272579772850138,0.029272579772850138,1.3438821731968216,0.8202872017106874,0.49871633301931867,1.180232558139535,0.9491028818953721,0.7088607594936709,1.180232558139535
HOT,1782608215,1,-0.30030030030030463,3.7230169322799997,0.6815958707762206,0.4987821779398327,-1.1869436201780381,3.2123883461388814,0.464922994042157,-11.671087533156498,1.993296034289,0.11056552990085589,25.0201428543,-0.1614031188316808,0.4369848083728731,0.22703538393274605,46.577740861799995,0.039768569492706574,0.40923175817134005,0.2679375138241708,172.8899311673,0.022979442258599186,-0.03424260292297876,0,,,,,,,,,,,,,,,,,,,,,,,,,,,
MAGIC,1782681403,1,-1.3983050847457656,7.3846553535,1.3782047581213501,0.509082538681444,-9.055876685934495,3.832898365124766,0.48815911284448144,-2.2774327122153326,4.71743890524,0.08687602159171325,73.87242878800001,0.25353434242821504,0.1355543368295502,0.12544834524943263,111.260594632,0.14859063854685006,0.042018530754718286,0.358472978609671,212.21742993400002,0.22519437117534202,0.007117265058625755,0,,,,,0.21198494271999999,8.287594880361171,-0.14271674271674262,-0.14271674271674273,0.17521895906098064,0.6093034644003228,0.46820130756669454,57.84065457003918,-0.20747088551966597,-0.20747088551966597,2.3312489493782103,3.2592409448278,0.4797134366730678,105.97899034679924,-0.13648648648648654,-0.13648648648648642,2.4810921957542322,3.2592409448278015,0.4834555737394654,0.7675675675675676,1.048299200299019,0.4831460674157303,0.7675675675675676
AIGENSYN,1782809170,1,-1.8197573656845711,29.98592163067,1.1877668557437697,0.5677900174101197,3.1277926720285842,1.979565791841019,0.4819600093205933,-7.184986595174269,9.89318411615,0.39169036810482355,28.823885129999997,0.2318956164452475,-0.34757466661104885,0.3027897796017427,65.64923318,0.11401801216186394,-0.33271433661384253,0.2462328721785633,233.81302775,-0.03548981034115947,-0.11430275097527542,0,,,,,0.643635128,6.814831175329039,0.04403305969732507,0.04403305969732507,0.10666913133429846,0.0,0.48652031619355895,3.6910176832640307,-0.042124704491725784,-0.042124704491725784,2.031645482221101,1.9196992927334442,0.49895041746803787,213.60711338273182,-0.31514820876523,-0.31514820876523,8.799448870354384,2.0390137873270335,0.49941381524760814,0.9539007092198581,0.921278957705586,0.4752475247524752,0.9539007092198581
OPG,1782849397,1,0.0,5.10167150909,1.000734932812377,0.5187622612067231,1.505546751188569,1.0180827847668412,0.5001315157861943,9.114139693356037,0.86565398949,0.05096159888249555,21.977111400000002,-0.10078686536431083,-0.31108783319440125,0.2670210566782653,35.2167563,0.038645375160010986,-0.18207219468186964,0.3828598966797131,69.4381454,0.02201866464762786,-0.1084132825031402,1,,,,,0.585525924,-0.7583405057328241,0.05252780586450956,0.05252780586450956,0.6109568941989322,0.0,0.4463451789326474,7.631172555975718,0.09494127343910952,0.09494127343910974,0.6109568941989322,0.0,0.4646156667660072,-7.001991171542732,-0.13151682077513294,-0.13151682077513294,0.6109568941989322,0.5399262219515323,0.4775368837148146,1.184782608695652,0.9996449387634647,0.5783132530120482,1.184782608695652
ONG,1782866778,1,-4.885993485342022,3.28906946183,1.8336060184525567,0.46002754994146994,10.501799703578229,0.565122627366412,0.47508928955951124,13.014291901255959,0.30978792931000004,-0.296072169910602,51.36771701999999,-0.17986408743452148,-0.4489483261516223,-0.08016340892986491,97.01337318,-0.04614338608822501,-0.2292507515821951,0.06080144894894528,224.1840124,-0.064956197532498,0.17660343769632436,1,-2.9711168116863362,23.92046822796946,3.2910422442036946,4.850213980028539,0.11536825599999999,5.535935553977378,0.17027491408934714,0.17027491408934714,0.0,0.0,0.5372050930755792,2.0212926405132503,0.1383838383838385,0.1383838383838385,0.0,0.0,0.5210348706411698,57.81063805048867,0.5467171717171717,0.5467171717171717,3.382421244193897,0.1092466891412487,0.5019680763772915,0.8166666666666667,0.9177916620179255,0.3131313131313131,0.8166666666666667
BAND,1782934333,1,-0.20380434782608647,0.46096580535,1.0121698295728043,0.46666288534656536,-1.008742434431742,3.3141501836997374,0.4827986660071178,-8.057464084946908,0.25461831808,0.10026135913130496,24.11675063,-0.009946474629616994,-0.046489225034336834,0.2969950379649554,37.088778070000004,0.07402968285809053,0.06081034656533646,0.4390203586498696,99.3756185,-0.04894769843536961,-0.00691081944900529,0,,,,,0.0964452324,0.2942181958129231,0.044581370061616665,0.04458137006161644,0.0,0.0,0.6784212135723476,-3.78752397532911,0.09913453973249409,0.09913453973249431,0.0,0.0,0.38281602619225413,9.747692228198424,-0.19954988747186786,-0.19954988747186786,0.0,0.011475839421586588,0.43791035240674214,0.7096774193548387,1.0054106317112192,0.3950617283950617,0.7096774193548387
SHELL,1782941777,1,0.16949152542373724,1.12642651547,6.562541115996018,0.5674930317810676,0.0,5.077941764921405,0.46835781770293156,7.762557077625565,0.95332137467,0.11636847602463345,8.67933335,0.12469151100043926,0.45400557416305487,0.04307292341456906,26.635843939999997,-0.002546110238876506,0.313340171130863,0.049358044292100854,51.904915800000005,-0.0811321848213355,0.08556077041207977,0,,,,,0.0905509696,-5.141259755836735,-0.13690721649484527,-0.13690721649484527,0.0,0.0,0.4804619735268257,3.865366196431408,-0.2463829787234042,-0.2463829787234042,0.0,0.0,0.6118898390729587,8.900412499040588,-0.3467999999999999,-0.3467999999999999,0.0,0.09795842097752645,0.5878603303344057,0.92,1.014470147024659,0.6571428571428571,0.92
SLP,1782952337,1,-0.3680981595091892,4.601945137576001,0.850690059638145,0.5522008540437999,-3.740157480314965,2.466256717077728,0.4976282041305135,-18.090452261306535,1.8915963511949998,-0.1376711257147825,17.798119767200003,-0.5729335107057625,-0.3539566646169715,0.30376709673952224,42.301216978199996,-0.14027509679760652,0.01832859148367305,0.3380718593095325,120.7893065321,-0.08256892084068895,0.07344142055525782,0,,,,,0.030071212511999998,-12.92440896646262,-0.028301886792452824,-0.028301886792452824,0.0,0.0,0.5070165017028953,-32.10625043513945,-0.10236220472440938,-0.10236220472440938,0.0,0.29068415503737305,0.4532297136964217,50.84971826301572,-0.22222222222222232,-0.22222222222222232,0.34666235343320634,1.0419401607932077,0.5064179982231718,1.0,0.9772096654478581,0.5454545454545455,1.0
TLM,1782953209,1,-0.6033182503770718,17.050338119112997,2.3414606708693753,0.4825920901780577,-11.304347826086957,3.4082729816556356,0.5074395156062692,-18.249075215782984,9.685367789911,-0.4515233032021628,47.278721996,-0.3110510293623566,2.552909945648418,-0.3634471256288427,63.397821459999996,-0.5493654268197949,0.41660582616386765,-0.09612244425971064,109.053539645,-0.2025990492786946,-0.12444910529859166,0,,,,,0.14380643706,-44.516184114355795,0.017007010057909167,0.017007010057909167,0.0,2.066225557594661,0.47667265301019024,-34.006191226896355,-0.12023382489703738,-0.12023382489703727,15.43780420881808,7.281063932229517,0.48704364166741865,148.86487507566017,0.18825561312607952,0.1882556131260793,16.550668659616118,14.350272577429783,0.5044566384044136,0.8911917098445596,0.8506853950963315,0.4767441860465116,0.8911917098445595
MANA,1783080693,1,-0.881612090680095,3.334005479399999,3.921995202225402,0.4689082981692989,12.146892655367235,1.7418537433373127,0.5018348546993634,15.23947750362844,0.9678916541,-0.03565422041303544,63.8489922,-0.094925423819056,-0.4493454071328167,0.08996596643800592,135.6425002,-0.03688124480045446,-0.40152132282321606,0.13471766922029965,371.2013994,-0.05548113158768561,-0.13150703362472604,1,-3.100448602792727,6.763351342702838,4.719747983670535,10.576923076923084,0.255488527362,5.803306738163805,0.028368794326240954,0.028368794326241176,0.0,0.0,0.46409825227420887,7.888003410078426,0.1463390270702225,0.14633902707022295,0.0,0.0,0.39269849555276115,52.317701402551165,0.03212046459039963,0.032120464590399855,0.4436766768763321,0.0,0.5638765341495444,1.0709219858156027,0.9764842521996749,0.4,1.070921985815603
DOGS,1783156875,1,-0.3602161296777928,4.68451733077172,5.328094632340199,0.4737398691694879,8.795993903766597,4.9563004651562945,0.5135324949327623,15.085214187010587,3.8696459042561,0.052126496004916256,38.2901867125,-0.1874913807206936,0.35005913359056917,-0.09376537665122596,125.18269546123,-0.26346830818987615,0.34560245178633053,0.11657930913561998,256.08378638664,-0.14093158537563988,0.25849795486467086,0,,,,,0.136961268411,13.619293693261447,-0.14472543352601153,-0.14472543352601153,0.0208681953165268,0.0,0.49009300506733056,10.501225958887094,-0.23475433526011558,-0.23475433526011558,1.707096599152275,0.0,0.5102430232437777,34.306411869304185,-0.21903973509933772,-0.21903973509933772,1.707096599152275,0.0,0.5011040818043394,1.1125,0.9594314561619453,0.4827586206896552,1.1125
OGN,1783183892,1,-2.099609375000011,9.369402663899999,2.566240705986657,0.49565339198060004,2.5025025025025016,3.4941913906593336,0.51146603378636,3.121852970795591,5.4564143539700005,-0.02398256131742269,38.03192717,-0.17879687573046543,-0.12052575755359618,0.03569614851125569,64.27427283,-0.08784088439590389,-0.23596323142683695,0.1788182597477891,171.73230861000002,-0.03885434540034491,-0.04484567561289898,0,,,,,0.1848712032,19.645991071445824,-0.13396045640623633,-0.13396045640623633,0.0,0.0,0.5341321126655069,47.66207165929559,0.0869367835659971,0.0869367835659971,0.026949616347820688,0.431334900296684,0.504558089852829,148.09985547211247,-0.020866773675762396,-0.020866773675762396,0.029500013553219524,0.6091127230787666,0.4995849872081487,0.6853932584269663,1.0793199133383151,0.4175824175824176,0.6853932584269663
RPL,1783236119,1,-0.9313725490196156,6.414875969899999,0.7964548089742172,0.4996875181105646,-9.333333333333327,0.6521063037895667,0.4822706274073017,-10.526315789473673,0.697196843,0.057308565405671315,62.2663822,0.353368886031889,-0.06587014017828807,0.1647992708033024,116.5694433,0.32769759004491605,0.10852775090978173,0.16365268222814813,288.3320438,0.029959621918524193,0.041772743550028135,0,,,,,0.32022709308,-6.924909719859773,0.040894604732492734,0.040894604732492956,0.0,0.6642297844138427,0.5028005087175929,-7.437260062528028,0.046510290904909546,0.04651029090490977,0.012286668070952592,1.8443427485145756,0.5221696522091871,190.73823325140387,0.0009767792922790175,0.0009767792922790175,1.5445901102329054,2.751014889236492,0.4874809605504301,0.7488789237668161,1.0421405345734054,0.5647058823529412,0.7488789237668162
BEL,1783339272,1,-1.7588652482269374,11.94886025344,1.115354931275824,0.4844125731295409,6.818181818181812,1.9596054542021237,0.5117263669405833,9.557109557109534,3.90250862069,0.06353947334947552,77.08522262,-0.04172168636081566,0.42339203432850403,0.02873009286811127,112.8676717,-0.1279758633808673,0.1365656825937931,-0.037028606260035166,297.21932968000004,-0.09672583284210698,0.09527790240315182,0,,,,,0.5175201888400001,5.963582679171453,0.061855670103092786,0.061855670103092786,0.9492231986178141,0.04651319990811433,0.44561528536653294,2.164530517229313,0.13853915332309708,0.13853915332309708,1.1129316100517752,1.0394048185940523,0.4734689542068724,36.7129197620081,0.09770733959070621,0.09770733959070621,1.7904974124332749,1.8512988665186314,0.47322056431984183,1.268041237113402,0.9260465365312052,0.4660194174757282,1.268041237113402
HMSTR,1783368090,1,-0.050813008130079496,17.613628261872,1.3567685133250411,0.49680132084934664,0.6907137375287808,2.2908087345823436,0.5196420696736425,12.48928265218634,6.724908911663801,-0.14787934437616773,87.9125578831,-0.19335100682497272,-0.006212997130035092,-0.17263508236116684,157.4184518836,-0.2657992915137537,0.05900093639508408,-0.3188687962147573,415.334943491,-0.2013953055187744,0.03984724365473569,0,,,,,10.696843379039999,0.5998574331100404,-0.09237983587338794,-0.09237983587338805,0.0009497451388235391,0.0008540135324314578,0.48277306639397727,24.08694045479214,-0.04721450480977685,-0.04721450480977696,0.32981230471345085,0.008627707981668382,0.44482851826888475,52.614154857841996,-0.036588757573517317,-0.036588757573517317,0.4832594275549662,0.1438880219575705,0.47346744404724417,0.3704572098475967,1.2858834100240577,0.0545454545454545,0.3704572098475967
BLUR,1783379732,1,-2.1257349615558696,10.820186171712002,1.5441155361315255,0.5128595994187419,2.837209302325605,1.7876270101082354,0.5186059373314138,7.278020378457062,3.2237428424920003,0.04085233808790391,127.50036066000001,0.09102639415530782,-0.09660703172014551,-0.038620195184525204,244.74900694,-0.11986781366085789,-0.025132434874190923,-0.18363100376047406,552.47374993,-0.17836757229211447,0.0681740924668488,1,0.9128924834662655,9.328481150315481,2.4891108394730592,8.609271523178808,0.53461853072,23.689070150069824,0.2861830113014947,0.2861830113014947,0.002418518861025386,0.0,0.48646795177564794,46.23389851002357,0.16624730409777122,0.16624730409777122,0.1198126090274778,0.23309475231277857,0.49155917308232,231.87296518789222,0.16063348416289602,0.16063348416289602,0.6004008083440567,0.6550976291980185,0.48879434601095223,1.2115384615384615,1.2986054293297744,0.6538461538461539,1.2115384615384615
OPG,1783415159,1,-2.5273224043715903,17.152301443909998,0.9916738542464978,0.5953148774192766,0.1367989056087593,2.94539609350426,0.5249039781118294,-14.084507042253513,8.420053611249998,0.04725444483678722,36.919286699999994,-0.07673321473620057,-0.3519070469743433,0.27801394043174366,58.1272344,0.11764426917143306,-0.30254516670403886,0.21982429172515383,206.34123749999998,-0.005769635627040887,-0.14740812939084047,1,3.246904928754968,11.037415832121034,2.4629322823883384,,0.69507438,12.053575545207252,0.02554280373258977,0.02554280373258977,0.0,0.0026542483122453738,0.4676446502579366,13.9883880073564,0.2634905201750122,0.2634905201750122,0.0,0.8450944487408671,0.5109550691154667,52.355643822065254,0.17634793700632878,0.17634793700632878,19.95223906828504,1.033789649965231,0.5180149337319336,1.8449197860962567,0.8873739117954422,0.7875,1.8449197860962567
SPELL,1783454545,1,-1.1439466158245981,8.245878975940599,2.537759258722492,0.5076800942647788,-3.7614678899082654,4.646779532813097,0.5126185647492885,-2.7803521779425355,6.3861302759091,0.13461119034356325,32.748593147899996,-0.06258140056217018,0.05127500367864468,0.09907656966711989,87.08943449280001,-0.054420677204615214,0.04269313541782038,0.16618032423702764,275.997905775,0.13636324878611217,0.04252839934182928,0,,,,,0.0965594254,1.9277332377768408,0.17831885229339273,0.17831885229339273,0.0,0.0,0.5058180348443915,72.21719312684367,0.22576702114655922,0.22576702114655922,0.0008061357001405686,0.09343489734560911,0.505781855473184,152.76505014235576,0.07920792079207928,0.07920792079207928,0.0008061357001405686,0.09343489734560911,0.5110404582539859,1.0792079207920793,0.952791547616775,0.5375,1.0792079207920793
MMT,1783512988,1,-0.4361370716510993,1.95662776269,5.299432704309852,0.5441393996099001,2.818705957719425,2.4782591279669273,0.5584723099261403,8.592692828146165,0.8081717688199999,-0.08345450900510619,33.667188,-0.15755504168384848,-0.1525286188885272,-0.04465933272632423,68.8605511,-0.13481256730750302,-0.1762020052737081,0.13617348197512094,201.8673941,-0.02735965059452866,-0.009458097465260384,1,1.3649927201505152,0.9022771288148668,9.0883276860924,9.009009009009006,0.207821012,-1.2478801089908065,0.14597739922415243,0.14597739922415243,0.0,0.10695982945170145,0.38694002400588534,6.020972195030927,0.08347273335563732,0.08347273335563732,0.0,0.1076710183665163,0.4749923388332446,24.698208643532272,-0.10365646258503403,-0.10365646258503403,0.0,2.3884995805910143,0.4900030775034498,1.2959183673469388,0.9434169969176573,0.75,1.2959183673469388
SKL,1783642280,1,-2.735426008968622,4.355123171160001,2.772079011226768,0.5152761811767992,9.31372549019609,1.8929297447273346,0.519419532866561,14.948453608247437,1.3739903654399999,0.09319523914876848,27.428972874,0.024465468711521582,-0.06452732598938826,-0.028399759394700293,57.370760967,0.0014892119640097373,-0.27889395767067715,0.17272367774221453,214.385244649,-0.059036457460015346,-0.02482188243549066,0,,,,,0.0826555194,16.656195831528798,0.10084033613445365,0.10084033613445387,0.0,0.0,0.5445154958356435,22.553306045887943,0.056534335604103036,0.056534335604103036,0.2363718737940687,0.0,0.47703610266310914,49.71191699443147,-0.17981467568244436,-0.17981467568244425,0.2363718737940687,0.005874017894079073,0.4736541182059534,1.323232323232323,1.0146002744821903,0.6712328767123288,1.3232323232323233
T,1783783899,1,-2.5369978858350795,4.908021598582,2.6936903718621887,0.4720567517288418,-1.6632016632016633,4.113150850918107,0.5191177874960439,15.085158150851585,3.3645722024219995,0.14181309973582862,119.620464324,0.08258165969833797,-0.14689859093735969,0.020871244204118296,267.17122846200004,-0.0907593711938994,0.0017620883270375032,-0.08316182772508333,959.132630625,-0.11835276458755485,0.22236367352517417,1,7.586367540654226,26.14422069088554,5.06686263771786,19.19354838709677,0.725074676,3.8975014522522056,-0.18898071625344348,-0.1889807162534436,0.005715962972067721,0.027114007219857725,0.4788084496051405,1055.1125694681655,-0.2974545454545454,-0.2974545454545455,0.2337721694199674,0.028506622399263055,0.4987814854085739,1259.0776663069826,0.05219941348973611,0.05219941348973611,0.23377216941996742,0.028506622399263055,0.4996820465196877,0.8363636363636364,1.1011989778478264,0.2946428571428571,0.8363636363636363
SXT,1783838783,1,-0.5619266055045924,24.412156025997,0.7356926433720233,0.4885769273899324,-3.111111111111098,0.5833009815034742,0.4859901098425538,-6.034482758620685,2.37327242843,0.009612707153965895,76.16217014200001,-0.09923956802568613,-0.11312484323367378,0.12400223657467828,142.35968082800002,0.027285674695335965,0.03948831974450617,0.16166673475774873,384.21339374999997,0.029580413449968812,0.12009212554604032,0,,,,,,,,,,,,,,,,,,,,,,,,,,,
ALPINE,1784117466,1,-0.21021021021021546,4.50640126455,0.5581845322713807,0.4917221194021794,-2.346041055718473,1.1821279306231414,0.48135319773978635,-7.499999999999996,0.88785713357,0.17657769948023913,19.12134326,0.22587390675254115,0.18819510814732165,0.38490297619657016,39.93423085,0.27036528944943994,0.42950374834403626,0.34111220064662945,77.9435564,0.0313047466721017,-0.01894127273830226,0,,,,,0.0777628522,7.292938536108595,-0.08641015675605646,-0.08641015675605657,0.0,0.5878572956972893,0.4592514371128347,-23.71929591600165,-0.4418467002071619,-0.4418467002071619,0.0,0.5878572956972893,0.5315411064687617,70.60996767621353,-0.24036393713813076,-0.24036393713813076,0.0,0.8480437398359728,0.48152157988959393,0.8817204301075269,1.2535015703344536,0.5526315789473684,0.8817204301075269
SKL,1784456186,1,-4.434389140271488,1.3967543850500002,14.409170831963802,0.543807310023923,13.917525773195871,3.831542796014506,0.5487668307440562,15.404699738903393,0.8919540336399999,0.05250318567873831,66.405660917,0.02472456409103993,-0.2187588752329912,-0.18169222751677905,146.683206929,-0.24616020792830012,-0.24023109338178772,0.17244842588068407,331.734002917,-0.21555822974338743,-0.018945873709173444,0,,,,,0.3993136422,7.559558246281073,0.02618762816131226,0.02618762816131226,0.0,0.0,0.48015972620303443,10.278354565695658,0.00588744588744583,0.00588744588744583,0.0,0.0,0.48539095478465755,16.796799215062475,0.09474418199250412,0.09474418199250412,0.0,0.0002862411596314853,0.462676868227835,1.0194805194805194,0.9898366253219305,0.6363636363636364,1.0194805194805194
TLM,1784534497,1,-0.15174506828528056,21.774658795681997,0.8223417006406949,0.4573814207359473,-9.103448275862059,0.8881441881615619,0.5090751165619762,-10.380779691749776,3.2231727764310003,0.13726737137832332,53.030640471,0.11211831948922076,-0.11471810082163258,0.13024453222002522,110.111845491,0.13852893160568697,-0.0879861332496209,0.11243892953720845,221.490633477,0.10230185072263404,0.036846162739113675,0,,,,,0.846347396,-6.721283194379668,-0.05929039852026241,-0.05929039852026241,0.0028936108406245986,0.20856602316526776,0.44903573465956487,0.23168943673823605,0.20914134284369812,0.20914134284369812,0.25977668950020616,0.3031971430558995,0.4601641555138083,120.59724234098836,-0.023429179978700865,-0.023429179978700754,3.289959311814318,2.0159797235318724,0.48579003649084523,0.8274760383386581,0.9062316745110658,0.5,0.8274760383386581
PIXEL,1784538704,1,-0.12605042016806678,1.01880218928,7.75344883678203,0.5683266866853783,1.7094017094017033,4.723064432934333,0.5640002955565926,7.692307692307687,0.8019780640640001,-0.10984030830839088,28.681808761,-0.18775536217906336,-0.0835150362257594,0.0436144738786609,65.39118336,-0.1916346880563618,0.16421151356105157,0.17431325138679143,114.140743873,-0.09054924691559624,0.08329982734733865,0,,,,,0.143507962592,2.959037381566798,-0.10829493087557618,-0.10829493087557618,0.0,0.0,0.5333368627474524,4.0317579576196305,0.01270339708821,0.01270339708821,0.0,0.0,0.5664705559373417,15.360200836996096,-0.11443615035990418,-0.11443615035990395,0.0,0.7508154812728596,0.5483405437211223,1.0403225806451613,0.9960200741377013,0.6666666666666667,1.0403225806451613
ALICE,1784550385,1,-0.30464584920031346,8.250639567757,1.4096966372930466,0.3681070191994525,-7.274011299435035,1.9770806828528802,0.47739187731298466,-10.680272108843536,2.718696685099,0.28599765370476454,53.611685449999996,0.37142581403636765,0.6798178657688603,0.238758505595198,98.32339228,0.20708423820663205,0.4239885042259217,0.3765409401804029,201.40215895,0.16286735364865065,0.019460356058359718,0,,,,,0.1042008506,-10.745468171375272,-0.11862977602108049,-0.11862977602108049,0.0,0.0,0.4352573581923779,-9.947107218751562,-0.01739130434782621,-0.01739130434782621,0.004431940788782774,0.3306755252149544,0.49413028418271887,66.97807101592655,0.020689655172413612,0.020689655172413612,0.004431940788782774,0.6289888290028989,0.48551256473002463,1.2869565217391303,0.852909301184658,0.4742268041237113,1.2869565217391303
ACE,1784553957,1,-1.1871069182390004,32.01763272945,1.3333713816116148,0.4513397854178244,-7.153284671532845,1.6060131609612387,0.493043954077755,-10.232886379675366,8.57012325772,0.08172580325729305,65.5106845808,0.12414999304601618,0.0338037826362978,0.056217675360757176,129.196245635,-0.05021675581607204,-0.16975075070929424,0.157432072360506,320.5112410744,0.08720826688166759,-0.15137834506251313,0,,,,,1.2961723008000001,-6.234164423521971,0.15578302450687387,0.15578302450687387,0.039483731420902154,0.9444975696860687,0.45050704066696656,-6.211939627545293,-0.1670419254658384,-0.1670419254658384,1.1989052628580905,1.5338515109240634,0.474317000502248,895.7288394910793,-0.11499028182701654,-0.11499028182701654,3.7335598022061975,2.194490718745037,0.4903756985542542,0.8910714285714286,0.9624390176925472,0.4455445544554455,0.8910714285714286
ERA,1784619364,1,-0.9307359307359264,14.85768875344,2.033404794680807,0.49243846186028933,-11.06833493743985,2.7318074364522262,0.4949650065101837,-14.046511627906977,6.764724104189999,-0.21273915937947743,117.30533034,-0.1391902319053945,0.16959118278503538,-0.09686746789985548,174.98665999,0.09673672903960873,0.011878708100794055,0.05177172211583735,389.85859369,0.06613712284119669,-0.10997685968088033,1,1.8292882896468354,25.548462282526994,2.484048084819892,-12.25806451612903,0.5559756659999999,-1.210524685373826,-0.13586677061389696,-0.13586677061389685,0.0006669356640511674,1.0423303310544532,0.4593840691502444,-12.933113919353378,-0.2651439920556107,-0.26514399205561057,1.0470235220690398,2.1607310777518816,0.4657066042187715,479.4913315142345,-0.6195457063711911,-0.6195457063711911,3.7356892162974638,2.708248565684528,0.4792433500352861,0.8199445983379501,1.1266452317975197,0.5,0.8199445983379502
DEXE,1784667678,1,-3.9596655189375274,95.97998092923,0.3482182703453901,0.6280855414938624,0.18479733891829664,0.6470872348150848,0.5693506327522513,-21.414766138384234,10.35123674285,-0.3542649894424368,79.46167883999999,-0.5078393670946807,0.5467791154312063,0.026204157084448412,115.99243553000001,-0.19965766979762656,0.3162693957224376,0.011960005040692421,293.16000606,-0.24083455055055022,0.02328409192101022,0,,,,,0.9605940988,-3.498808844203294,-0.04079380683214551,-0.040793806832145285,0.11696223216481828,0.015441568940023558,0.4979075250901501,-7.452065364095494,0.05870743329444239,0.05870743329444239,1.1302968562438145,1.3051657422903167,0.5104825938809123,-77.04295040423138,1.737811323443828,1.7378113234438284,11.882981702947767,8.14763557237876,0.49787828511820015,1.0271565495207668,0.8644724805359764,0.4787234042553191,1.0271565495207668
DEXE,1784776019,1,-8.122205663189263,31.69091688363,1.0758033468930936,0.37584550110294535,-5.270588235294127,0.7637516745021227,0.47571981768284716,-9.263015551048015,4.0339984727300005,0.4450145921911877,32.04744962,0.1618935250284727,-0.35860327715455387,0.36508015425557105,85.13231354,-0.08891845211363042,-0.20087793626017902,0.2395737259844045,178.58018158000002,-0.020937517298319303,-0.3917816339553901,0,,,,,1.2975093876000001,-0.24516159090555156,0.04753820730152092,0.04753820730152092,0.0,0.2700046823152557,0.4450126399769887,9.11190114683369,0.20243738499002784,0.20243738499002784,0.05526091809834702,0.41989649956040137,0.5013569914375752,18.525830984124525,0.6036644866604379,0.6036644866604379,3.5024580888820385,4.081398300936654,0.49581430676795607,1.9013806706114398,0.5718154990789261,0.4742268041237113,1.9013806706114398
RIF,1784785254,1,-4.002403846153846,8.3169533942,1.6473660461238993,0.54396079431757,9.762532981530336,1.837514243046929,0.520284782234651,18.349928876244647,2.5470867201000003,-0.022367022259291103,58.78534502,0.023931119403469855,0.427421812287188,-0.1235066264064869,123.17885048,-0.10379930931356841,0.2977977213187857,-0.08201464620492167,392.60024403,-0.2570129278244675,0.40791575399666,0,,,,,0.3254469504,46.06862379290082,-0.1104340071343638,-0.1104340071343638,0.07022182869408139,0.03385067823330263,0.5550624888366342,56.150369433117106,0.1247517602455317,0.1247517602455317,1.2874285332372253,0.22861529324073823,0.5055410188208666,126.21519265738846,0.5915948275862071,0.5915948275862071,5.02299520087929,0.6443620373220741,0.4956192750047827,1.206896551724138,0.8542086578848129,0.5057471264367815,1.206896551724138
DEXE,1784862666,1,-2.2611644997173386,55.95365634437999,2.2710151479443597,0.4552148688636804,-11.638361638361639,1.5132694050018876,0.4818288595636447,-3.3333333333333437,14.112159373990002,-0.01623199026694578,29.950642639999998,0.04662120899035479,-0.2155732865198502,0.2652181129914472,64.390104,0.2639776192589881,-0.024753149152883847,0.26548767428078124,172.36185959,0.16218659302841357,0.12925065120739876,0,,,,,1.2716498515999999,-14.999089336105097,-0.03386472682247321,-0.03386472682247321,0.8038865248273979,0.7054088425924367,0.46694880153792795,14.140796470292848,0.010199997713004949,0.010199997713004949,7.022167893751988,3.200505512487727,0.4902984115544567,0.00372652627720349,0.08984327660955183,0.08984327660955183,16.440258962556072,18.891433321659814,0.484979757859996,1.9377289377289377,0.704992709346475,0.4583333333333333,1.9377289377289377
HOME,1784865998,1,-0.2411575562700996,3.4670351072500005,0.4374174465175514,0.5022052978591877,0.8103727714748654,1.3187415227550259,0.45519731049977563,5.245346869712342,0.7620205261299999,-0.33684950586737294,59.582138268,-0.7226706391003209,-0.16547308423388385,-0.29702272514263434,117.74730395600001,-0.49263041811518854,-0.17484184042134876,-0.04617027823204917,211.58065526800002,-0.06077013209092269,-0.0525436240365611,1,,,,,0.676615632,2.410521487150219,-0.01700808118774666,-0.01700808118774666,0.12741502844852987,0.0,0.37708116042801404,23.593866741080905,0.053706816059757356,0.053706816059757356,0.12964302899818314,0.14248237173450348,0.45891730523548585,23.342229591716766,0.2257100971229613,0.2257100971229613,0.12964302899818314,3.05223305866513,0.46529678876779657,1.8647058823529412,0.8811962383036968,1.1379310344827587,1.8647058823529412
BANK,1784878275,1,-0.00719424460432494,67.15117467264,1.914574058183717,0.547358770127452,16.07515657620042,1.2897557244300557,0.510698687279299,4.668674698795194,14.434768656040001,-0.3529574087784489,253.78607274,-0.20624273104810747,0.8509980488004998,-0.4101749250572631,469.39899388000003,-0.5691525309159073,0.4554100899021427,-0.3317060847901778,1257.64357925,-0.6901001964753153,0.45090716748837845,0,,,,,21.539142072,8.337280724675121,-0.11616579358514845,-0.11616579358514845,0.015000551039589242,0.013570628719700845,0.5497663630515017,-9.464888373434121,0.10168970814132083,0.10168970814132106,0.01632512097392697,0.016589709042520863,0.5586687961999798,-4.3430932715422195,-0.18505869383368523,-0.18505869383368512,0.59790051325866,0.06432515256961438,0.5228041265935701,0.2921146953405018,1.428862118855852,0.12,0.2921146953405018
DEXE,1784954183,1,-0.34805307809441244,142.31800211349,2.656109055932349,0.5158447641248024,3.2801617614019563,1.4487084424152192,0.5161049783460901,10.160555954948492,34.36288186158,-0.3398679110349713,234.42371046,-0.1784353986796553,-0.27292911522295915,-0.24943735643055415,331.73514155,-0.1470330184050503,-0.2728154717661234,-0.07086407041299074,453.19962684,-0.05432382864357238,-0.4476572432805752,0,,,,,3.1670663292,17.305390376445917,-0.07255689680002997,-0.07255689680002997,2.561606728978514,0.693517053858109,0.5071649203277425,33.69173055272299,-0.11665620366544871,-0.11665620366544871,3.4146626549282697,1.2877403521353443,0.5082828791138219,114.65229875243685,-0.3687013931418175,-0.3687013931418175,8.373270823380139,4.589537751699577,0.49338912273765784,1.3395252837977296,0.8713582085588063,0.6117647058823529,1.3395252837977296
BOME,1785045681,1,-0.2510137092102682,1.4858014551501,9.61474707795008,0.620198934801833,8.075959933222032,3.187508537418652,0.603660031508517,8.96276036187671,0.7893341372,0.021213540531414818,100.0667735008,-0.17925302923530861,0.03303365961769944,0.14532916927653847,142.8324863557,-0.06114540460212026,0.07188617778473394,0.23014956781461982,250.7719867429,-0.06428247567660866,0.1680983851994402,0,,,,,1.212630692,139.52965622224713,-0.4426084203861982,-0.4426084203861982,0.0013076116335013562,0.0,0.36739132149797643,146.22800468173384,-0.4991181657848325,-0.4991181657848325,0.0013076116335013562,0.0,0.37060772574554846,200.91464709585205,-0.48056698673982623,-0.48056698673982623,0.0013076116335013562,0.0,0.4004994450610433,0.5843621399176955,0.7038262423949885,0.5061728395061728,0.5843621399176955
DIA,1785061282,1,0.06934812760057696,6.354099258620001,4.414188897693044,0.48151123834914,2.7065527065527117,2.1571455400834987,0.49280893536397935,5.563689604685207,2.2844528128299997,-0.08038126803029524,60.4023157,-0.1618168097951397,0.627201983204781,-0.036191427467110404,107.12175260000001,-0.145702653231611,0.4913858857756166,0.06509486194127596,297.9513534,0.0686612893094755,0.2738612066268542,0,,,,,0.1506606288,27.741345993193445,0.0455534709193246,0.0455534709193246,0.0004951525862740856,1.1756654768455341,0.4690036976181206,34.91403567127258,-0.04161909704203426,-0.04161909704203426,0.0004951525862740856,1.1756654768455341,0.4556914879506031,325.68080135384577,-0.17896737408932528,-0.17896737408932528,0.4673862744425238,1.36057310813507,0.4544399525712985,0.7902439024390244,1.0429797664999874,0.4343434343434343,0.7902439024390244
EUL,1785065495,1,-0.07416081186573109,44.19274212568,0.5541092186938652,0.5736236090886196,4.742436631234659,0.6935544549540302,0.5304404220784285,5.824039653035928,5.108345529650001,-0.1654398542928182,124.03147238000001,-0.11140304384592528,0.09509532617426464,-0.2724036816977093,341.01742185,-0.22683564966287825,0.29894590975365554,-0.43300888936382753,1253.4503559099999,-0.32043702160620813,0.359755610303651,1,2.63865837076811,46.542744588172845,1.7791160879680594,8.969628157820031,2.43517617,14.497643542370842,-0.07860359640997794,-0.07860359640997794,0.028940628964844044,0.0,0.5483554670809386,24.973497886973494,-0.1759464090979903,-0.1759464090979903,0.2895543282193009,0.1363233157788334,0.5078129211855547,245.27498782970318,0.19157251908396966,0.19157251908396944,10.088407907671009,2.5373616193032964,0.4988404170210449,1.099236641221374,0.9296355761332238,0.8181818181818182,1.099236641221374
LPT,1785074493,1,-0.5291005291005346,7.3171714864099995,1.2199527195473219,0.4849408807615429,-3.0147530468248807,4.15740085510625,0.49440478988894665,-10.426540284360186,5.0700691657600006,0.26869026408771496,89.9087692,0.38318614766662723,0.2106738748070487,0.19329149688085656,199.6326459,0.21083426709112305,0.22264064494829805,0.32882459659238894,408.1372257,0.12273053939414025,0.05759416076645163,1,-1.768799183911396,12.96922288144258,0.7633632128939842,-17.828571428571426,0.2210470722,-9.789703902208501,0.15279823269514003,0.15279823269514003,0.0,0.0,0.5366998426872835,11.889552683119975,0.4499299719887955,0.4499299719887955,0.0,0.5609908277265118,0.4736865791993728,40.53252057274583,-0.07594797178130508,-0.07594797178130508,0.0,0.5609908277265118,0.4846879875582698,1.8035714285714286,0.8978179845812982,0.8550724637681159,1.8035714285714286
DEXE,1785079884,1,-2.6422216230789886,104.82766563132999,0.6192726188018651,0.4366825914989359,-0.13462574044157405,0.8174962520686699,0.5084960840811605,-1.7483443708609214,14.28270396112,0.061734821857495376,91.10707832,0.16990787372083105,0.2326418697941628,0.0753278072760115,155.68214241,0.1356806197574167,0.11503896550792136,0.05286188663727702,390.48282794,0.15181292658976486,-0.047089021156037525,0,,,,,2.6888103312,-2.789606528182309,-0.03783234829786375,-0.03783234829786375,0.0341228903115128,0.04022764593876238,0.528046526324615,-3.8583176140248643,-0.03479349186483094,-0.03479349186483094,1.4047072737608646,0.6501483908014525,0.4948232079753871,-15.298639210302978,0.23015729795134288,0.23015729795134288,5.197361642746726,5.724429414525005,0.4840891920182618,1.809762202753442,0.6371300899519959,0.5578947368421053,1.809762202753442
BANK,1785332524,1,-0.09803921568628526,100.40429008133998,0.5460112847001601,0.5412933955599334,2.0000000000000018,0.5268208855174256,0.5340633616777936,12.3623011015912,8.8158461684,-0.013996298788807492,144.48636191,-0.272880831125192,-0.30341777146585813,0.13774184742983667,234.80190728000002,-0.13979960633400548,-0.10801680802722591,0.12356775995003004,626.75803765,-0.04945597485517077,-0.09380152975532385,0,,,,,8.104299568,-1.2311920185398173,-0.09277231818890852,-0.09277231818890852,0.013132300836982089,0.0013426329948320588,0.4955295763230467,3.879469814887826,-0.10835912272389714,-0.10835912272389714,0.07635545734801988,0.037638823372773925,0.49569870787376386,-64.00646884873866,2.326902972562479,2.326902972562479,0.6692608108190307,1.7281328364637767,0.518358065826398,0.9392764857881137,1.0565279983850662,0.3780487804878049,0.9392764857881137
EUL,1785333718,1,-1.1316259678380014,16.836414712679996,1.1876761361633763,0.5158141297165014,-1.293356848912408,1.4585526715284314,0.5048927982786132,-5.7271195957327325,4.09279960969,-0.09032284015104207,55.65026956,0.08668894830488431,-0.01972744415257832,-0.07909745849595988,103.61782202,0.12336567116407622,-0.19134057472849642,0.12314166242424746,294.86852008,0.07075091198501371,-0.029123572229017958,1,0.37361991520088456,44.055036600120005,0.3667350990021159,-8.810068649885583,0.72065862,-8.766790999718454,0.09923706324635106,0.09923706324635106,0.0,0.0,0.5685652670303184,-25.002798897657886,0.11811073541842765,0.11811073541842765,0.0055798402855432435,0.05880140585843545,0.4739146137611346,-26.56653524111675,-0.22208188153310104,-0.22208188153310116,2.815097181519871,0.6869470734978512,0.5061976303896422,1.2035714285714285,0.9276438602827103,0.674698795180723,1.2035714285714285
HOLO,1785379830,1,-0.27413587604291356,5.455098155029999,2.126720799628985,0.4792387477299974,3.325123152709364,0.9782868823907811,0.4818365110693206,9.102730819245775,0.8894418278699999,-0.30491839042737684,121.44435023,-0.27011397739010246,0.3974356165645334,-0.18497962105776147,192.9607177,-0.19192310271342472,0.3078851485224794,-0.0026215498986109725,336.20200224,-0.13789390277276226,0.18744028480608943,1,1.1298967555690487,1.9695593718781,3.9673323463663923,10.000000000000009,0.2972732464,-6.343525839062369,0.07601742207703821,0.07601742207703821,0.6220544978042801,0.0,0.5330275941474016,-2.6399255977111347,0.20714946948657675,0.20714946948657698,0.6916660092692418,0.0,0.5684260260145607,1.5201215963298154,0.12090522630657685,0.12090522630657663,0.8499836532884851,0.05523302281264421,0.561436913887885,0.8763440860215054,0.9253116087622979,0.5232558139534884,0.8763440860215054
BANK,1785419156,1,-2.109090909090916,74.13378754791,1.212526726166093,0.45295109897745023,-7.303370786516849,1.6782376998187987,0.4690899852388349,-16.24365482233503,20.73568618221,-0.07462599047310449,103.06243897,-0.25862604405961803,0.13923730319732264,-0.00370212930870622,199.30085584,-0.11412108191084422,0.31487588316051296,0.09920250772732714,577.65701462,0.1259690641436604,0.03677149054345685,0,,,,,3.449711856,4.98932520892772,0.13636411598362375,0.13636411598362375,0.06258482128717245,0.04138551448918463,0.5069207563230334,-3.470220360043863,0.2874124381636216,0.2874124381636216,0.6379816900278525,1.6244303101006587,0.4982755492078959,-55.361495709144236,1.488667063636464,1.488667063636464,1.2974847137493795,4.895234821026744,0.5040986782662924,2.2810077519379846,0.8554172016789495,0.72,2.2810077519379846
CFX,1785490291,1,-0.5700712589073564,9.859912703469998,2.0357444356577283,0.3930714182059287,-5.984814649397052,2.945148383680957,0.4346702189014394,-10.558742298704061,4.8398176603100005,0.1449796142899711,87.70737211,0.1284856024571307,-0.009661200756761246,0.3902323797605001,195.03171096999998,0.20841646886296408,-0.1390870768353596,0.39694528430064235,400.83532614,0.09805078592236594,-0.1438833620003681,1,-0.39210355471286373,7.815161011628868,24.0,,1.2365611904,-11.601464880871525,0.0010244115082824745,0.0010244115082824745,0.0,2.20903212166669,0.510777298315108,-5.2858608810213425,0.3197827518104015,0.3197827518104015,0.08774287988522658,2.9921581388165164,0.5110783258117164,22.400104734858427,0.18055718475073324,0.18055718475073324,11.945853609736577,3.3197707981374474,0.506695627117098,1.5241935483870968,1.02614362593966,0.7162162162162162,1.5241935483870968
BANK,1785577582,1,-1.1775043936731011,29.52190862798,0.6376889720089935,0.45035505327427033,-0.17543859649122862,0.9747421731563356,0.4054741495849904,-6.721311475409831,4.796041561960001,-0.07673004044080099,94.38838886,-0.20351622444376355,-0.41436181175344333,-0.16044185777707204,189.96968472,-0.2744879763149095,-0.32747924011887286,0.0903760324513521,499.09873791,-0.1243156525410161,-0.21656354882633677,0,,,,,2.6511260159999996,0.7275041842822683,0.04980619575723155,0.049806195757231775,0.0,0.05569829540686761,0.4722985117549788,-0.049608024581604404,0.1523190119563791,0.1523190119563791,0.0,0.10772946977108161,0.4912357451537957,-3.979106336738303,0.540955040370587,0.540955040370587,0.15299812138390637,0.9538496792451229,0.4948598124763449,3.2175141242937855,0.7677796084285037,0.7297297297297297,3.2175141242937855
HYPER,1785676606,1,-2.2931785195936083,9.27965426832,1.5018175870169623,0.5188844896544974,2.529761904761907,2.564709631546296,0.5053387174770193,0.5839416058394109,3.9666031132299997,0.20379258997850014,109.95788461,0.15509979465762264,0.3477024591584603,0.11505690857184175,173.48386268,-0.012724479974673936,0.17600549187132408,0.10308845808761212,393.11652258,-0.09898491499489971,0.07298300221837684,1,3.1011074052680776,35.090110589828775,1.4062338188689274,-8.62385321100918,0.257961472,7.00030528677047,-0.03208556149732622,-0.03208556149732622,0.0,0.0,0.5777851594439902,2.6405773177236913,0.10834371108343732,0.10834371108343732,1.6345541709422409,0.13047103406201682,0.4673107041177135,105.14023986225243,0.08430597535456874,0.08430597535456874,1.7038959213258018,0.3498506939827045,0.46496439124904726,0.9518716577540107,1.0258143268612112,0.5280898876404494,0.9518716577540107
ACE,1785756930,1,-0.6240487062404765,3.32031215779,1.1889193576026635,0.46388787656676733,0.6125574272588086,3.022333334104151,0.4568606929208465,-15.444015444015458,1.67251501902,0.03044424422983447,46.6701445343,-0.19009750707403708,-0.11794324270600243,0.14774289218402364,67.74918062840001,-0.07050876876486595,-0.07238429846343242,0.30655120098711147,109.5321228934,-0.028248653430740955,0.006383481956346859,0,,,,,0.2352519668,4.998701542237249,0.02714932126696845,0.02714932126696845,0.0,0.0,0.6266429459956633,2.655531748922213,-0.014365819769749821,-0.014365819769749821,0.0,0.0,0.5134311433440116,32.93297021753789,-0.04439566115702476,-0.04439566115702476,0.0,0.0,0.49987016766372644,1.2897727272727273,0.9614615314560563,0.984375,1.2897727272727273
HOME,1785846318,1,-5.404858299595139,31.400818269189998,1.5373863925401867,0.5295701820231012,2.066115702479343,1.086802022025151,0.48999858907135535,12.785388127853881,5.6877454647,-0.06489419904155948,103.487699559,-0.30764426472701156,-0.13692558459000792,-0.07120160901678815,217.76749503300002,0.01654197021498391,-0.24365559255604807,-0.1057517752362661,701.1967981409999,0.15953033547288126,-0.09942424276100115,1,4.516323269138267,18.217248434592012,6.053428707747,10.317460317460325,1.615218972,18.975740335968695,0.05808782657031686,0.05808782657031686,0.4650768180798708,0.15976613974541654,0.49657847039843395,28.091441102762605,0.1353686635944702,0.1353686635944702,0.9478860925613249,0.89151200237388,0.5023971810096028,58.59745528305367,-0.3079217765992708,-0.3079217765992708,18.757340722964216,5.303095399748683,0.5018565893530067,1.2857142857142858,0.9002429368631446,0.4536082474226804,1.2857142857142858
BANK,1785870978,1,0.13108614232208993,45.069667963529994,0.9163783458316205,0.44182586439068855,-2.0183486238532056,1.8633275323717844,0.46642289051161423,-9.797297297297291,13.996592198550001,-0.011756325832269793,82.58190426,0.05529707926669718,-0.36781310138666856,-0.23112539411106897,202.42353667999998,-0.3525464352250762,-0.24432204784601064,-0.0187391327929181,608.51421589,-0.08316929604794775,-0.09057724593494665,0,,,,,2.192036004,-3.0369459466720317,-0.055671670150104546,-0.055671670150104546,0.0,0.01933293975220673,0.5188366658010907,-15.271974774283715,0.07115009746588696,0.07115009746588696,0.1967121430547452,0.2056010937674361,0.5048717883378236,20.488818493695614,-0.2618741976893453,-0.2618741976893453,0.9292306769975843,0.4658337263332651,0.49953696256339397,1.8421052631578947,0.8832777334525652,0.5568181818181818,1.8421052631578947
HEI,1785912984,1,-0.037359900373601374,19.47816139642,2.4756849700887558,0.46118173156517295,-13.236088600756347,2.0086589831785147,0.4974844367036596,-8.750000000000002,6.520830644119999,0.2097893601314877,54.909915036,0.1288218657993728,-0.2361639921337606,0.09679831386897074,132.401138893,-0.07998909805755973,0.007550666717124566,0.09613537207709712,290.465768118,-0.1340419345933196,-0.2177971197658668,0,,,,,2.6249752704,-19.399199334636396,-0.10904403253205852,-0.10904403253205852,0.012753268717422505,0.044449756657029424,0.5542517169195934,-24.998135530372558,-0.1620822622107968,-0.16208226221079702,0.15651950615801125,0.2559933522336013,0.5514181347217426,1681.4443896838136,-0.5567064872221381,-0.5567064872221382,1.5202643171536983,0.28423842099141167,0.4797696750894076,0.3688946015424165,1.0122511478487386,0.1403508771929825,0.36889460154241643
FIDA,1785928302,1,-0.8841321544904579,5.239693218497001,2.3933364524797853,0.4538080470380164,0.8446738620365934,2.9373935681415526,0.508767870136886,10.94475993804853,2.565173526508,-0.07471174037728295,36.65508632,-0.2527641640239826,0.15588063060385693,-0.10262128865443468,76.49658869999999,-0.4073071705844231,0.20349449770442507,-0.017969437259758393,179.3492946,-0.32166591353516316,0.011999453440707963,0,,,,,0.0956833983,14.707353997095996,0.02813625450180046,0.028136254501800906,0.0,0.0,0.3927532983728292,30.634733038279283,-0.0393801965230538,-0.03938019652305369,0.006928767286477114,0.0,0.478670686005697,131.27987975594388,-0.10934281969668613,-0.10934281969668602,0.007883739639293308,0.0,0.49609373466902157,0.7244897959183673,1.082724243108902,0.5227272727272727,0.7244897959183674
BANK,1786008730,1,-0.7964601769911539,18.794231549100004,1.1185432504244464,0.4722019089932545,3.1963470319634757,1.4245143009266619,0.49063097888988,7.3634204275534465,4.462108602770001,0.08849162852975513,97.37254417999999,-0.0005393012519002982,-0.0932309989024056,0.20251708049816505,141.09431476,0.050585849459600485,-0.1677274123593584,0.2045116858169719,504.14558644,-0.0370632992782918,0.0070417275934375745,0,,,,,1.670224348,1.0043962481106172,-0.044916922592330155,-0.044916922592330155,0.0,0.0043959962676822385,0.5065586478393701,-2.639089147080287,0.02067365715270908,0.02067365715270908,0.03501511642434756,0.17384484925494573,0.467517677117788,-17.173559473613242,0.17339099382443024,0.17339099382443024,0.11066076256241954,1.310717211506008,0.4891988490282825,2.6601307189542482,0.7880797370496371,0.6375,2.6601307189542482
RIF,1786011089,1,-1.282798833819232,1.7441814429000002,0.5119956777634396,0.5130677050565069,0.14598540145984717,1.8402278175046622,0.4809000654614373,7.692307692307665,0.5349485350000001,0.10962130554904621,26.53453207,0.0942202983125241,0.5943664480726518,-0.04189431433118695,50.372390180000004,-0.14426655838794533,-0.004981340113662025,0.2527932035024177,129.65251101,0.17716661102462017,-0.14969209010008655,0,,,,,0.2574784484,1.7306113842240567,0.05640213734415189,0.05640213734415189,0.0,0.0,0.4263404154229113,-9.93474024619243,0.09161554192229038,0.09161554192229038,0.0,0.0045684988678066,0.48582514187934556,-23.16223101588856,0.2818928184770839,0.28189281847708414,0.00027443073561724945,1.1677710576105833,0.4951219561525512,0.9631901840490797,0.9985335438465038,0.8939393939393939,0.9631901840490797
CTSI,1786018031,1,-0.43140638481450333,5.73000618095,3.3856871529698056,0.5322544713577088,8.690215692403891,4.379858703436709,0.5228182771636373,6.330275229357807,4.18276957373,-0.4985550141760638,96.19271041,-0.5028508769521699,1.2997019247257033,-0.4170919066536697,149.97593544,-0.6602779404301353,0.658392574835694,-0.0691342964008208,359.68091447,-0.32328077089807034,0.21512823779990842,0,,,,,0.18543613488,68.08059280290605,-0.10751328105236535,-0.10751328105236535,1.2308603128926474,0.14317261313271393,0.4601901442705408,399.590308226208,-0.18858367426456257,-0.18858367426456257,1.5975150808212313,0.42565256793708683,0.4817107788649609,981.3214361113802,-0.14393741851368969,-0.14393741851368969,1.5994855705547266,0.7350393982715651,0.4849696490682232,0.8305084745762712,0.7824407745744167,0.4148936170212766,0.8305084745762712
RESOLV,1786028796,1,-0.04784688995215225,3.6849283807980004,2.6651270200744652,0.5362229396347924,5.502271580010087,3.0758663436165503,0.4863155936964387,6.796116504854366,1.8890578641890001,-0.07624750343068705,24.541269810000003,-0.18361914305119367,-0.28517254792261293,-0.07677051525737243,43.66938998,-0.14970924018101087,-0.22905556922453463,0.003805659806092892,77.77325178999999,-0.07508709842575645,-0.012377223312313279,0,,,,,1.0351583726,4.855508056180202,0.04957949539447326,0.04957949539447326,0.0,0.0,0.5172048458312686,8.250214471728178,0.0121212121212122,0.0121212121212122,0.0032442571966692702,0.0,0.5187350403499623,23.236441099495163,0.0271877655055226,0.0271877655055226,0.0032442571966692702,0.0,0.4850775100732563,1.4181818181818182,0.9632783725795624,0.625,1.4181818181818182
KMNO,1786068644,1,-1.4761904761904865,1.0771955524299999,18.06059673301914,0.5898323918498453,13.32973556395034,4.551029240662013,0.5912805505510753,14.816839803171145,0.81705807617,-0.4904503536876911,10.839259179999999,-0.6390395246945633,-0.8295786324236333,-0.06998413200748682,29.52940472,-0.2194346883278825,-0.6744646990360498,-0.01301908454677252,77.47190819000001,-0.177026383633933,-0.4382906834754573,1,,,,,0.0586885026,-0.540248514316588,0.012820512820512775,0.012820512820512997,0.0,0.0,0.0,0.639939213229046,0.026887464387464144,0.026887464387464366,0.0,0.0,0.2129319955406912,-4.930149528846483,-0.03658536585365857,-0.03658536585365846,0.0,0.0,0.3351252327467115,1.097222222222222,1.637680360338963,0.6666666666666667,1.0972222222222223
1000CAT,1786215679,1,0.0,8.233297513032001,1.3877971129737783,0.5157938089838464,-5.829596412556071,2.6007821040911745,0.5009952868769867,-5.829596412556071,3.5688354715919997,0.15493984710722652,27.065399208,-0.00696141024102534,-0.34842920856323956,0.10264078866000967,59.097557054,-0.09608402996712381,-0.2757122463809438,0.29013255622327716,177.93547235900002,0.09980776935082578,0.1255948334446899,0,,,,,,,,,,,,,,,,,,,,,,,,,,,
BMT,1786280839,1,-0.24183796856105388,22.586277712872004,2.539588424909449,0.49758118959942965,8.530183727034114,3.6971848097560507,0.494334683778396,19.623915139826398,13.917607144827,-0.1118189869453048,37.05748459,-0.529032261653662,0.1990679087150391,-0.029409717809768445,67.29820260000001,-0.4625811129967139,-0.15870646049943404,-0.11411867869829015,269.03647184,-0.7263445874735835,-0.4242301924373658,0,,,,,0.5175153816,-2.1925174680389237,0.2136646576425254,0.2136646576425254,0.7944574878699605,0.2418182037664095,0.494058320111197,122.11023937538666,0.1674730298902405,0.1674730298902405,3.2132989262246117,1.8620133898644295,0.49460559344978944,480.58135918988825,0.15934740658441027,0.15934740658441027,4.238592354913688,2.2414865359433787,0.490538445402414,1.2349570200573066,0.8865755634599795,0.3888888888888889,1.2349570200573066
PROM,1786435890,1,-0.9681881051175623,12.811957854280001,1.470745807446221,0.4529785854781332,-4.7848990342405635,1.4110441537505314,0.4783485188918724,9.822784810126572,3.0130397047299997,-0.22970487728994782,16.1364449,-0.46326046609326543,-0.2914910032077852,-0.19345412089225617,53.1426347,-0.23024300115861354,-0.12389032291414137,0.15090066167640576,146.5427493,-0.0938145375440273,-0.060464277767912855,1,,,,,0.5873550714,-3.7734810137991737,0.18942731277533054,0.18942731277533054,0.37095312632725824,0.36798533038085557,0.4705032463208039,12.315594779152871,-0.048929781336618405,-0.048929781336618405,2.459505996188458,0.4241120612208951,0.4884864772778881,82.61871415427844,1.097244871684834,1.097244871684834,4.975556596513623,19.696461635080382,0.505774493702693,1.4136125654450262,0.8509629723796346,0.6875,1.4136125654450262
BMT,1786476420,1,-0.21413276231262435,9.59341726302,0.6362359180393419,0.5660284256033037,6.864988558352403,1.094584417888267,0.49179560439704556,10.506389020350216,1.750134175067,-0.0303781129722228,33.05048071,-0.027228432918538395,0.023730976304498164,-0.10479866433678876,83.82183909,-0.011632789467505275,0.06346479645738401,-0.02934810909613832,238.53629196,-0.11987373976806072,0.028014568441951937,0,,,,,0.6848404064,0.824831729500719,0.055302377140041825,0.055302377140041825,0.0,0.0,0.46762834612476656,-1.2488994840645362,0.10417921233289174,0.10417921233289174,0.1860377962651708,0.3075745210585168,0.4934621240622724,-14.036527941792187,0.186799371398638,0.186799371398638,1.0837987698501548,3.2257149393572924,0.5015624079343962,1.0434782608695652,0.9434167190951266,0.6477272727272727,1.0434782608695652
PROM,1786524385,1,-11.328842620943059,15.376869552300002,1.9543184111765497,0.5320688565291972,23.618470855412575,1.4204242439055497,0.49812825956986845,17.18693936132043,3.64027971791,0.1357745361104507,81.5265496,-0.003340052030988222,0.6755964947358608,0.07213247142718743,121.6212539,-0.09930152188075636,0.3927387775588982,-0.01003791199070114,333.13622499999997,-0.209919006404055,0.3318050853379304,1,14.831903138591752,25.913584589606618,8.074937030566005,21.3823453274657,0.7844877888,7.262547144181997,-0.09858527347666268,-0.09858527347666257,1.0806695682246419,1.012893357097976,0.520641435684359,-10.171002611425607,0.1384050592207513,0.1384050592207513,2.1441445921968696,2.9939708986328073,0.5024427591439137,39.52674073690636,-0.04184397163120568,-0.04184397163120568,16.651869368141785,6.5787782470069205,0.4905960259184995,1.2659574468085106,0.781889704551297,0.6707317073170732,1.2659574468085106
EPIC,1786531588,1,-0.2673796791443861,5.1151803100399995,1.6740486297213317,0.4537285678489487,5.6795705001412955,1.0750571894692402,0.48123071497778763,7.2555205047318605,0.91651856129,-0.06700082541033615,26.34400968,-0.148889124976069,-0.1267144004173525,-0.0006810747806448492,40.337704769999995,-0.05444164435699412,-0.22955582317061574,0.03285169553714557,93.85064025,-0.09168154800260095,-0.17108967743338188,0,,,,,0.6526152732,4.805013701584282,-0.05901295683580432,-0.05901295683580432,0.0025033431902218616,0.0,0.42054559252306584,13.315097812902454,-0.09421692058982023,-0.09421692058982023,0.191122281567835,0.17103298770912062,0.4040459836598944,-20.35517584304506,-0.08985796577037442,-0.08985796577037442,0.2023655060238329,1.7294514338681584,0.4572950040864371,1.010948905109489,0.938488460717661,0.8656716417910448,1.010948905109489
BANK,1786549057,1,-0.15873015873014706,4.501051182019999,3.679128043989085,0.46422986109663006,9.883720930232553,1.5246845671770695,0.48125894867822544,9.565217391304337,1.1437805455499999,-0.0324867518795482,109.01201109,-0.05943709658844605,-0.08042236911194445,0.04900651050522182,157.77832468,-0.08643599038646282,-0.05858467994188343,0.17866524016050533,392.07629467,-0.1041946245281089,-0.13320295433134666,0,,,,,0.965744056,0.224371967544168,-0.001388888888888884,-0.001388888888888884,0.0,0.0,0.5023923444976076,-1.8353240981077823,-0.04866444163615358,-0.04866444163615358,0.0,0.0014194236987361793,0.4442480282839271,-11.877229054459438,0.025922517821366897,0.025922517821366897,0.0,0.11449762420282501,0.47904374419157536,2.8307086614173227,0.8816441146066376,0.8219178082191781,2.8307086614173227
ONE,1786559482,1,-5.421686746987953,12.764240099696,0.3196872794143996,0.4993101105449739,1.2195121951219523,0.5517386623100052,0.5133541072221343,5.063291139240511,1.173754126335,0.14679203911333416,28.907899253,0.04298635184789988,-0.0971399023695022,0.13954228624533455,58.35558305,0.09189623019951838,-0.04425513413143867,0.3121501641109291,173.38681837200002,0.02951295189111336,-0.003940119196413461,0,,,,,0.8226504259199999,7.460449550337267,0.01208345133578792,0.01208345133578792,0.0,0.0021754647461569993,0.5001266557202328,58.8015824999492,-0.18507305515334993,-0.18507305515334993,0.3291366970328791,0.01126311214102629,0.4683998198512003,2378.0801578162564,0.03379700065203228,0.03379700065203228,1.6537708899603751,1.3948191526391864,0.48707821630284925,1.411214953271028,0.9567735496139462,0.4320987654320988,1.411214953271028
AVNT,1786630242,1,-0.5100182149362364,3.92741309651,2.621979310572322,0.5088479135007962,3.878902554399244,1.953559539605834,0.4936337241894406,8.605341246290799,1.2787392201099999,-0.19498237376850952,67.89840538,-0.03630486017821391,0.2587863669792796,-0.2065261994361305,135.66295826,-0.053702100795661095,0.058105611868318086,-0.01847228249723188,277.13618374000004,0.04379453090015159,0.000548774552082687,1,-0.08929681290047453,5.59716833996705,2.52100089603098,8.450704225352123,0.319060588,0.998569042907338,0.03311357506742563,0.03311357506742585,0.0,0.0,0.42913044128870065,14.668774503864391,-0.011087035030696968,-0.011087035030696968,0.0,0.10145972651438855,0.34949446125766065,23.84986691074198,-0.006708892407700673,-0.006708892407700673,0.40601191395033726,0.7376871630412716,0.38045495823645054,1.3873239436619718,0.8921734972466875,0.5925925925925926,1.3873239436619718
HEI,1786720320,1,-0.17076502732240595,10.73915280236,4.274822625113539,0.4768899187251203,-2.008032128514059,4.691779000228715,0.500057952056413,9.253731343283578,8.397621933060002,0.03428131653612522,35.877401481,-0.09838741633816715,-0.14235479161347642,0.07191795846483863,56.239698314,-0.2377458744223902,-0.1789897320629068,0.09391527944084437,135.407357903,-0.13577238101136085,-0.031950132751707105,0,,,,,0.40873707647999996,1.2732312944825352,0.06315460629079728,0.06315460629079728,0.004296346235881361,0.0,0.4634680105104917,6.1565635236695115,0.07334789543027509,0.07334789543027531,0.1006334374024243,0.8902693049863446,0.4490519090804366,3.856991935212628,0.15265931627487683,0.15265931627487683,0.21981877634826302,1.0215647197849234,0.44941606177072874,1.4593301435406698,1.0260933863755437,0.92,1.4593301435406698
ACE,1786722070,1,-0.21276595744680327,47.12966936136,2.98937242029687,0.49984544642577156,0.7630813953488413,3.082504315638335,0.4763190437933807,12.494929006085197,24.212901533500002,-0.09621687609777607,77.2295819777,-0.009464495789035368,-0.05475478318368954,-0.17641622630674267,188.2521818833,-0.14443813136261027,0.07879581092530108,-0.17845148262350496,562.5660196269,-0.2588130739746107,0.07105654410042472,0,,,,,2.27225980656,-11.385111279826422,-0.11859960000860204,-0.11859960000860192,1.8294528565786314,1.4070321068787421,0.492610184138896,9.432009012258625,-0.2644532156953797,-0.2644532156953796,4.066423190395862,1.9545285724714634,0.4928064841538388,232.27866396685712,-0.36255194705248583,-0.3625519470524857,8.211362805931548,2.063122744356044,0.5000155735771954,0.6780821917808219,1.093925822457241,0.68,0.678082191780822
EPIC,1786729522,1,-0.08198961464881416,2.9470949307500005,1.0093505981373279,0.5057668100001402,2.7808988764044917,1.0144004034709528,0.5536844098285009,7.428068115091002,0.49825571447,-0.035380803331861825,23.50034527,-0.024984019931090347,-0.0323696709677892,-0.03113570907497759,51.78903777,-0.07421552217826327,0.042256680156565585,0.07736265427097364,88.599194,-0.07660708222371326,0.1167249908569381,0,,,,,0.46209924939999997,2.2751337211366573,0.03356201237557177,0.03356201237557177,0.0,0.0,0.5968038971068734,0.2946635087086369,0.03862660944205998,0.03862660944205998,0.0,0.0,0.5685967324783509,-20.528094439124533,0.047275340582427106,0.047275340582427106,0.0,1.098506307160429,0.4919660776397086,0.9603174603174603,0.9945930145155094,0.9402985074626866,0.9603174603174603
RVN,1786731627,1,-0.7692307692307554,2.300271858244,0.3171336743739876,0.6634982601482062,0.7380073800737907,1.9892555386219142,0.4366141659135995,-8.695652173913048,0.7626380890579999,0.07828647330020885,32.967293403000006,0.020465395234470954,0.2730732684410724,0.1974672455185565,41.806347523999996,0.013013037313162723,-0.21244031579658496,0.4710639068398089,101.48978211800001,0.010799318444182915,-0.08005770934496925,1,-11.375051371098532,2.343452172073326,0.09263928833835315,-3.4188034188034067,0.30976937448,0.8195634927673723,-0.0313757991948852,-0.0313757991948852,0.0,0.0,0.5310862983195297,-11.723571215996841,0.006934812760055475,0.006934812760055475,0.0,0.0,0.3032933744278851,4.608287664096089,0.26873786407766986,0.26873786407766986,0.27724138367185436,0.03205357539513988,0.41999201176947465,1.5728155339805825,0.9865328044664488,0.7733333333333333,1.5728155339805825
ALICE,1786751805,1,-2.416356877323411,11.700973349186002,1.616208209201296,0.5223341165327818,12.630844382414509,1.1317748806500156,0.5302372583375835,15.285714285714258,2.207144619294,-0.15396912170145272,65.91530771,-0.21228999766888268,0.22111926267770277,-0.08717445025255392,90.5243492,-0.18124131221912826,0.04849398603591171,0.2259000785348951,221.34288457,-0.11432058471412712,-0.08830337490010787,0,,,,,0.16848248208,27.793502882522027,-0.10143993122716533,-0.10143993122716533,0.0005327556841035826,0.8414412599446672,0.4492244259958303,26.74385440651792,-0.23360184119677796,-0.23360184119677796,0.0017873252832126128,0.8414412599446672,0.4528447638314487,125.80030054585075,-0.19502719502719512,-0.19502719502719512,0.0017873252832126133,3.01498105754877,0.45389550769395487,1.121212121212121,0.9382612791521705,0.6097560975609756,1.121212121212121
ONE,1786774300,1,-3.8481012658227787,1.973403266741,2.4946476582184123,0.5625200007691,1.2820512820512775,1.052404470946167,0.5392858415285633,6.756756756756754,0.346136403483,-0.07400270641514312,24.721353119,-0.5305106451408288,0.02589866136862784,0.15776547690757667,41.0403940317,-0.16614247218923137,0.1729114527024136,0.39479634583289924,148.2536491512,-0.021621585175300828,0.014441707402466974,0,,,,,0.5482446241,2.7422607818468947,0.05932565087494668,0.05932565087494668,0.0005260607898772464,0.0,0.41225530189505,12.445991073801022,-0.08323894684550415,-0.08323894684550426,0.000715669580242766,0.0,0.42727527720516023,-29.076967348216197,0.42805662805662803,0.42805662805662825,0.038469495318121084,0.7948912252726638,0.5477768245886695,1.7696969696969698,0.9147454009796518,0.6666666666666667,1.7696969696969698
COW,1786799171,1,-8.065458796025716,15.79271936724,6.342455335302091,0.5027238748616077,-0.926462072958878,5.521201087654008,0.499618035489977,30.114068441064635,14.53246322457,0.15721243206670832,53.9163132,0.5149213719259824,-0.4244268252767118,0.3276916108243726,100.2864414,0.7055711231033488,-0.2934366229755432,0.14821551204775882,505.7847084,0.33861264311960837,-0.02052352941255975,1,6.1045165455606565,19.214626387048884,6.205548464819895,17.41293532338308,0.921119556,27.125187698542106,-0.09168014904152577,-0.09168014904152577,2.6745380487828876,0.7857499010693029,0.5074031290984456,1390.1913099051956,0.22648491950903593,0.22648491950903593,4.722507921653549,2.0460010730680875,0.507832905139808,3274.0840825440737,0.15291199421218526,0.15291199421218526,4.72250792165355,2.0460010730680875,0.5082840005456583,0.9273422562141491,0.5952813429409769,0.2991452991452991,0.9273422562141491
ACE,1786808516,1,-2.4197120708748687,116.91853213842002,0.31262125153955034,0.462552910359545,-2.4311183144246185,0.5708932201160116,0.45971694514496936,-12.879884225759763,11.124666217289999,-0.38093670227441795,82.5893556695,-0.4231556726783521,-0.03439430274406763,-0.2828441025094368,163.0369297438,-0.2035703859902887,0.14693196238265038,0.0009720942186625325,418.08425009859997,-0.046537588448646125,-0.023650637806599595,0,,,,,1.9349298489000002,0.6176883496455066,-0.0013277826468011122,-0.0013277826468011122,0.1209521896274676,0.08486149567300728,0.491134849864234,-14.982373311389486,0.01622138954618557,0.01622138954618557,0.7476600305806569,2.435420404868405,0.4867671613655713,-17.51445582283987,1.2661447852760737,1.2661447852760737,47.306612287798075,22.633084291348542,0.4962675252397622,1.6058282208588956,0.7683851523468066,0.5604395604395604,1.6058282208588956
PIXEL,1786864559,1,-0.38596491228071184,2.834773755531,6.010193905343457,0.5464377006752509,10.679611650485432,2.500997249463378,0.5281131027606595,12.204724409448819,1.181626894239,-0.3537956453782517,100.27132517199999,-0.3742564244713591,1.0547544466166832,-0.16598991660983445,137.565988681,-0.3243884078674981,0.6276148335187142,-0.13140415981829473,239.193369508,-0.5672202375836596,0.10060321045222165,0,,,,,0.22167224184599998,16.213928769850796,-0.15236933797909402,-0.15236933797909402,0.1130628625004464,0.0,0.6207234143318862,17.050844408540257,-0.11457688808007271,-0.11457688808007271,0.1130628625004464,0.033918365860275045,0.5581265104751515,48.72856688458293,-0.10857142857142854,-0.10857142857142843,0.12650699188345862,0.08694319748608514,0.5251857485752219,0.8742857142857143,0.9571255342047265,0.5402298850574713,0.8742857142857143
ACE,1786934747,1,-1.9948186528497391,12.71626825212,1.6250507026096188,0.5367728406043211,11.39971139971141,0.7018676764491847,0.5149173696622821,11.39971139971141,1.48752294187,0.014709543794967807,67.45016943009999,-0.018812892061345683,0.34006046793733224,0.012417042005531464,122.1535941889,0.06780088461723206,0.1999653959257348,-0.09145414671741636,325.6545050679,-0.18122671641525162,0.07364036966119247,0,,,,,1.9043888471200001,16.904472660483272,0.07648799164636255,0.07648799164636255,0.14868502639480002,0.000656365952725639,0.527767623749076,13.97378288222404,0.1278187565858797,0.1278187565858797,0.15134325767338358,0.09315945914527868,0.48942443014780457,48.041646691336325,0.7861859718008208,0.7861859718008211,1.7968647170849432,0.6876988835450139,0.4914173635783279,2.673076923076923,0.7528301419396201,0.6385542168674699,2.673076923076923
COMP,1786998378,1,-0.3835616438356171,1.78962918361,4.992652189084516,0.5991064522082253,2.069351230425065,5.041070383274447,0.595051531232099,8.825283243887894,1.5036077790899998,-0.18274101319357014,150.28782034,-0.08824614436075032,0.18558677924491307,-0.13300638832294404,281.87037001,-0.07456366756288338,0.03148253069473794,0.0991459763161161,462.65375984,-0.16246206191438672,-0.016669801572387066,1,0.25825277563218396,0.5072374306520657,6.504870887995906,8.484592655128754,0.3321223164,3.250467305520499,0.045454545454545414,0.045454545454545414,0.0,0.0,0.6140081406957991,10.320697972809455,0.01328671328671338,0.013286713286713159,0.09229009460202597,0.0,0.6092404214273575,15.196939226324414,-0.05521885521885528,-0.05521885521885528,0.09229009460202597,0.0,0.5917860411634344,1.0454545454545454,1.019571142340208,0.7424242424242424,1.0454545454545454
HEI,1787063767,1,-0.1400560224089631,3.6467481231999996,4.891916296809078,0.5040071917060694,3.1791907514451045,2.0728285992801037,0.5202875897190092,8.18181818181818,1.2598473006900002,-0.10438605651037731,35.461535204,-0.30515702019779467,-0.01769819202254097,0.05609956593656103,52.296421507,-0.1311432784695351,-0.03368887890281391,0.09967872954468295,107.405732369,-0.1611230097072387,-0.0480239762048571,0,,,,,0.39956319900000004,-1.8269060704987239,0.020242914979756943,0.020242914979756943,0.012593902573094574,0.0,0.4546071716960254,6.096253562158904,0.03393619183092844,0.033936191830928664,0.012593902573094574,0.0,0.4408500463356854,1.3343708213953809,0.05421448357736436,0.05421448357736436,0.012593902573094574,0.002401767736372538,0.46085495497669365,1.263157894736842,0.9613693460625353,0.8518518518518519,1.263157894736842
EDEN,1787065290,1,-0.4698364968990787,12.821555042876,0.7675948421177154,0.549691774571387,0.4151726740894368,1.2899642512159792,0.48645874323841126,-9.04273504273505,2.756557941718,-0.1053623240896128,84.90517505000001,-0.0790619826577236,-0.008172740320890881,-0.007117376302885326,133.60686121999998,-0.09358087524819488,0.044993599268389195,0.11211441226184417,220.46702377999998,0.013071365686128406,-0.08455385947684069,0,,,,,0.3798172532,6.5959908414011,0.026961163546340705,0.026961163546340705,0.0,0.0,0.4663180258212126,3.5334134060760913,0.07834612105711858,0.07834612105711858,0.0,0.4131037457568555,0.49007985128226794,69.2903351492396,0.3104480922803905,0.3104480922803905,0.4987871361921586,0.42211944994393424,0.5011663642605756,1.5108695652173914,1.0201094066222207,0.971830985915493,1.5108695652173914
ALPINE,1787081142,1,-0.5289672544080748,6.0656980984699995,1.444929339501869,0.6241494192843828,2.5839793281653867,4.955648985313355,0.5285767930663849,7.880434782608692,5.0099117711500005,-0.10592576043766236,64.34028719,-0.15264684050451308,0.41632210913974377,-0.003985541953198394,119.6816625,-0.10945482671319834,0.1916413373654935,0.0331800521410378,262.51658379,-0.07571571344820929,0.2971438124308632,0,,,,,0.2296320516,3.072262095984546,-0.06885630498533735,-0.06885630498533735,0.0022735502137542192,0.00034002222013854096,0.5910846131592519,285.17564234807173,-0.27926455566905006,-0.27926455566905006,0.11438316130952514,1.5917454355923195,0.4868652349481741,403.69464298257105,-0.08249660786974222,-0.08249660786974222,0.2708826558252115,1.5917454355923195,0.49194863871455713,0.8909090909090909,1.1851030275722234,0.39,0.8909090909090909
EDEN,1787152003,1,-0.622338683262369,5.858385059410001,5.092140922912357,0.5087656409691086,6.916476974260211,2.1970206258893885,0.49100440166482645,9.36772344617589,2.145165468321,-0.046484947703520664,67.45968133999999,0.0604613195369983,0.12952110861702226,-0.16289941747480383,121.87343393,-0.09309803361398045,0.11296685693375075,-0.13441813619239568,241.86113451,-0.15949079463191665,0.07652825461515422,0,,,,,0.3699180348,-1.27782475752789,-0.0275894619411311,-0.0275894619411311,0.005098643003495973,0.0,0.4675167627762587,0.5748895797015985,-0.04379562043795615,-0.04379562043795615,0.005098643003495973,0.0,0.4736130553611306,-6.150276324768134,-0.04535680152914934,-0.04535680152914934,0.0052396472127884475,0.0009847586917381623,0.4744163837941551,1.5232558139534884,0.9444467390855396,1.125,1.5232558139534884
TREE,1787169721,1,0.04796163069544779,10.02286916828,1.298501370532548,0.49263337707748167,-2.1126760563380254,2.993541387475667,0.5096994611298453,-3.9170506912442393,5.00064561275,0.00695735532528091,42.915643839999994,0.14247495183479733,-0.09330829306986832,0.8343161688739241,98.91728134,0.8659416329888767,5.338306065324943,0.7529899420967809,168.88712821,0.021251578063066434,-0.035206924585578725,1,0.5839797786106438,17.757726823338594,0.6283735295811146,-8.412698412698404,0.23137364600000002,-5.297258857884191,0.07040935672514603,0.07040935672514603,0.03840990602706758,0.021940355298718853,0.5296510349593241,12.371262600026034,-0.10925925925925939,-0.10925925925925939,0.35342430485795256,2.439048006357647,0.4833840847059873,38.92347854402986,-0.04323232323232329,-0.04323232323232329,0.5572372749833401,3.2270491601277707,0.5125979989313718,0.9244444444444444,1.0390723796771555,0.5402298850574713,0.9244444444444444
PORTAL,1787226148,1,-1.0327022375215211,6.054632644698,2.103934201163973,0.48517962397227876,2.6501766784452263,0.9271259923591934,0.48754332663828165,8.093023255813957,0.935567883181,-0.002196336067180916,34.439324261,-0.22247592220108578,-0.15171735090479255,0.028535829079439464,66.53935921,-0.19864317367298778,0.0447844532161179,0.03407171747070679,155.300532993,-0.18542795016906066,-0.03914449034864864,0,,,,,,,,,,,,,,,,,,,,,,,,,,,
ROBO,1787228491,1,0.0710732054015839,4.389760379549999,5.490756375907434,0.7325571257314957,6.671721000758146,1.8883081566082518,0.6660349235531577,7.322654462242562,1.3815367217099999,0.17086798209768628,20.60615953,0.14443147531742087,0.7572600955060891,0.010925329615095427,47.66638731,-0.512992017855815,-0.2957574585042694,0.06715421818745498,198.28469439,-0.3234225882456107,0.011037722257016158,0,,,,,0.47243,15.71258845682786,0.0015883569739953973,0.0015883569739953973,0.0,0.0,0.3795471502748466,49.86446596869916,-0.12552442313455192,-0.12552442313455192,0.0,0.0,0.363209243773042,94.76880419770866,-0.24291867902362618,-0.24291867902362618,0.0,1.5882175137057344,0.44846366566483187,0.7712765957446809,1.0804784001045682,0.5,0.7712765957446809
HEI,1787239293,1,-0.12274368231046662,3.70795452171,2.046102254097002,0.51463534955383,5.725190839694672,1.0855713947116246,0.49616276290926986,7.8660436137071965,0.67087489361,0.1145316449891295,33.259746491,-0.06639555542371016,-0.10560447380972504,0.17296680730993252,42.115775541000005,0.023975578211821613,-0.26491734384557875,0.15962927217822365,101.572700376,-0.01872710791887594,0.023709963661663558,0,,,,,0.33822643871999997,2.9581759128469276,-0.01612903225806439,-0.01612903225806439,0.0,0.0,0.4425555934784321,4.084286809313453,-0.02868697080753191,-0.02868697080753191,0.0,0.0,0.5169322481844448,-20.40838332359638,-0.017225535242936796,-0.017225535242936796,0.28069513536342633,0.6238142819304201,0.44837320970908795,1.2642487046632125,0.9612147318407511,0.974025974025974,1.2642487046632125
ONT,1787273142,1,-1.7567057045712153,10.570226412320002,2.051609773982151,0.5105861570848025,5.5843637814120495,3.156901006665947,0.48897612263392254,-16.088128071009656,5.561526400289999,-0.12913790594477037,75.130846956,-0.2471761060019118,-0.0602956445780114,0.0032728391950687967,130.154422746,-0.2553309815918305,0.02362947037173191,0.15108284662256194,332.59922821600003,-0.12706115701945525,0.055949261181933,1,-2.886520034161588,13.480064916144954,9.368332277636368,-8.19022457067372,0.26830285768,0.15806970078573457,-0.1578947368421053,-0.1578947368421053,0.002140569820858868,0.0,0.4485064903589003,3.5850038033313547,-0.06926406926406925,-0.06926406926406936,2.669980384086679,0.20658918984049188,0.477044208591024,113.6585724377793,-0.10533910533910529,-0.10533910533910529,2.8716428168608092,0.20658918984049188,0.4792568881319279,0.5714285714285714,1.2342386373888896,0.4939759036144578,0.5714285714285714
SANTOS,1787282143,1,-0.15686274509804088,5.811070868530001,0.4992030346953638,0.5939638294828381,-0.9708737864077666,1.0420198826781417,0.45293230446682725,-17.475728155339798,1.00920856411,-0.055306867442748577,17.34175953,0.009771922701675158,0.05818486281496815,-0.009059883797363593,33.85484439,0.1386780088432731,0.005250574388453888,0.2103077627182989,58.96940801,-0.02989903292544524,-0.14566275334217182,0,,,,,,,,,,,,,,,,,,,,,,,,,,,
ONG,1787286688,1,-8.865936503535277,31.54767253931,1.5776073558866905,0.4638441676559278,-12.643817367082477,1.6713863400660636,0.49800562165423534,-1.810509120609849,8.78805815718,-0.12460971694068257,103.16987902999999,0.06615538175086283,0.47961121337390455,-0.09317232013428275,201.42602216,0.12182373352427561,0.26832130574635715,-0.0023380985926831064,551.06684628,0.045273374810059594,0.022257683925418936,1,-26.479822967835975,38.79600871134503,1.5761435900886853,1.526717557251911,1.0433174976,5.109465627562759,0.022853744530818565,0.022853744530818565,0.3860156864295266,1.4312108092070783,0.4963996279796395,67.56043177217977,-0.3299510863383005,-0.3299510863383005,7.9241389021251285,2.1152175680715812,0.5152450317249064,943.0218342866784,-0.010621468926553579,-0.010621468926553579,19.787539044912116,20.347389666936227,0.5131663110927366,0.6745762711864407,1.2159091377229228,0.3211009174311927,0.6745762711864407
BICO,1787323266,1,-0.2005012531328232,4.6865723261444,0.9355676317040805,0.4479267621069275,3.2608695652173836,0.8965688502969101,0.5177963209746598,8.130081300812986,0.7003057937141001,-0.011028895783579858,49.13249104,-0.07027366672485244,0.06128631424230435,0.10341033693930862,89.39596485,-0.057029653181005835,0.04590714820734587,0.25524917869886715,135.75180887000002,0.08816352310488526,0.17283772718679602,0,,,,,0.340708130956,4.317320293414895,-0.02061122956645356,-0.02061122956645356,0.0,0.0,0.6156429893429437,9.438794445740427,-0.04886282871357506,-0.04886282871357506,0.0,0.0,0.5594010141356727,-1.1927543401714535,0.03950009122422915,0.03950009122422915,0.859858408362534,0.008586495989371636,0.5064515137442236,1.2619047619047619,0.9729543428616363,0.9848484848484848,1.2619047619047619
KAITO,1787358959,1,0.1236705416769679,10.14076219812,1.571484745696373,0.5837668263202657,3.0326197757390316,1.3311912963073564,0.4947129006048958,8.653587745229775,2.2498823960100003,-0.4768137114480139,385.96693397,-0.3814648970220104,0.6555995895006634,-0.2628991158986452,576.16424492,-0.17727417244439952,0.3168009818423374,-0.022663639068947635,955.4990745399999,0.028421979116115752,0.028810704485739747,1,0.7905138339920903,7.938674690304315,3.9244420687465955,9.784735812133082,1.294178448,8.120640262497169,-0.01826211506326092,-0.01826211506326092,0.0,0.0,0.5157902944922413,22.870049112870827,0.07454582360702333,0.07454582360702333,0.169590345395707,0.026257460903104143,0.5123078370438245,59.995148686306464,0.07899984257753045,0.07899984257753045,0.41332368100136996,0.1424781105611488,0.5264014788983141,1.4830508474576272,0.9137387457367836,0.8450704225352113,1.4830508474576272
NIL,1787366520,1,-0.0802568218298716,2.566666828393,0.9871741221927074,0.5434323255547137,2.193971703916353,0.7441798239095555,0.5777985542987265,7.9722703639514725,0.31834361139800005,-0.19858783387165208,19.31831107,-0.4603320923989887,-0.11142803849261584,-0.13615066141639676,38.178201776,-0.26710247566605483,-0.16462992068723648,0.2720046479528696,110.580971421,-0.03044599141431714,-0.035787177930260095,0,,,,,0.6418349496000001,1.0032466396072914,0.017401639594063267,0.017401639594063267,0.004202884248795042,9.951000648968086e-05,0.4309441340227672,7.290040464808656,-0.06808980493191019,-0.06808980493191019,0.004202884248795042,9.951000648968086e-05,0.6110897674161948,12.783867908441238,-0.0019412166780587992,-0.0019412166780587992,0.19572804048500506,0.007878872914526621,0.4824049791079893,0.7464114832535885,1.0265219083220423,0.4931506849315068,0.7464114832535885
GAS,1787375475,1,-1.6769638128861342,3.6263082205,1.7145045269049817,0.49686095459757984,-9.360000000000001,1.0743682396811862,0.48257099210022764,-13.971146545178437,0.6493317298999999,-0.5917671704357247,7.0349445,-0.630794098563376,-0.9188171302882144,-0.6581471785679651,19.6882716,-0.7832552383298274,-0.8805270701059708,-0.6076495877557835,38.8523855,-0.8903710991630456,-0.8908617250587231,1,7.824232159783251,22.368657320900525,1.3092324425728123,-8.568269762299618,0.10394753999999999,3.4604585073930494,0.0368686048400193,0.036868604840019525,0.0,0.0,0.7374656230167125,-0.3378698077461939,-0.06789875451988747,-0.06789875451988747,0.0223555074030612,0.2849850992144692,0.46638623031799936,13.431581775859215,0.1408743927827898,0.1408743927827898,0.8924241978213242,0.2849850992144692,0.4589928787699386,0.732824427480916,0.9704003058270985,0.5609756097560976,0.732824427480916
MET,1787396469,1,-0.22603978300180794,3.6140725954199997,1.246930601458018,0.43784223121645566,-2.29681978798586,1.516926421856474,0.4900826410530512,-6.863157894736838,0.91371370175,-0.023910771143294433,54.9062622,0.029432379201939852,0.04161239537193384,0.14302892485118784,97.6268338,0.017413339532539013,-0.0006569467497338222,0.3242793133574068,159.7805282,-0.037798786024428765,-0.012015597706622194,0,,,,,0.2479618812,-1.866415770382046,-0.0483968542044767,-0.0483968542044767,0.0,0.0,0.416164984642387,-4.7769288909607415,0.028037383177569986,0.028037383177569986,0.0,0.0,0.433296456517824,-8.76019748196908,-0.25811359026369163,-0.25811359026369163,0.759221696048336,2.0340223164914426,0.4489380620593595,0.7586206896551724,0.997877432808976,0.90625,0.7586206896551724
MOVE,1787400661,1,0.12195121951219523,6.0850719475699995,2.0832458906557854,0.4602558467231944,-7.86516853932584,1.2412199264786283,0.48703160068492646,-12.765957446808507,1.25881875923,0.057945497623756954,79.548385392,0.11828797419586631,-0.17365695547175497,0.11312184021361305,112.563392603,0.13434590503460012,-0.1662527586820527,0.20251360083310718,227.020943697,0.17658966763239764,-0.020947489897465976,1,0.4649839522746779,24.953417172883412,0.8434769821759373,-13.740458015267166,0.6165278897,-7.463557246561193,-0.0018518518518518823,-0.0018518518518518823,0.0,0.0,0.46841665600161897,-20.441788971627084,-0.09600000000000009,-0.09600000000000009,0.05973126376800144,0.000935993342135419,0.46819667932307835,133.74728559926496,-0.39831460674157315,-0.39831460674157315,0.39739162022210783,1.2381813130488784,0.5098854863772342,0.7,1.000588144994593,0.375,0.7
PORTAL,1787424408,1,-0.1481481481481417,9.018121353388,0.6991630412140369,0.5429717316180419,1.9637462235649439,0.6092175042255304,0.5301198340063887,4.651162790697683,0.915666230619,-0.03275465956339083,26.249636289999998,-0.02379400968601195,-0.10064897565037478,-0.06367077084043463,59.530847215,-0.10080928067844999,-0.04760468693018183,0.05284249562987491,142.770761697,-0.06940916993811996,0.01894502599300707,0,,,,,,,,,,,,,,,,,,,,,,,,,,,
ONG,1787564170,1,-0.3564827039873375,5.2051022864,1.7663257461091653,0.6795872433442468,3.328785811732593,1.2270289184532635,0.577087245783637,8.230923120891687,1.0644685048200002,-0.05726920796837926,110.94144812,-0.05507205840249653,0.2462476268533358,-0.005320746652237996,174.15387963999999,-0.0031623769560218283,0.08931521986518254,0.1771328878275313,312.66371281,0.025871173088903077,0.06750509079946587,1,2.296547848582975,7.802797156971085,1.8138929880434171,9.50413223140496,0.8168980379999999,3.208267202941606,-0.006635273972602773,-0.006635273972602773,0.0,0.0,0.41824146981627297,5.032357986011338,-0.053713049747656894,-0.053713049747656894,0.01215936327172327,0.001244047546604586,0.40431795076980864,12.183881542026786,0.057614826752618864,0.057614826752618864,0.020708765614638434,0.019376689946218235,0.43938436798177466,1.4383561643835616,0.9251972528288495,0.8028169014084507,1.4383561643835616
TUT,1787643103,1,0.10266940451746365,76.64560519699,1.363441517854229,0.5477642523534413,10.305775764439407,0.7385422703471981,0.5194170941636702,8.826815642458108,9.434336545719999,0.017477686229452272,79.16465219,0.2726866895973514,-0.377115519909732,0.038862038715659804,136.85386594,0.17448402272719984,-0.235971827358475,-0.03586583489715171,310.16074805,-0.16623798015852076,-0.31858511341260887,0,,,,,1.3845243414000001,6.299755564704279,0.061228482003129914,0.061228482003129914,0.2743519479158505,0.007626164224258687,0.5184134484484924,1.0358850495429062,0.1544938016528925,0.15449380165289273,0.2798230398811535,0.37603292656707926,0.48317416293130205,-45.88065706823245,0.5888803251121075,0.5888803251121077,1.2398774789789335,7.575085324534547,0.49546438886088623,1.6953125,0.9179286721080409,0.6436781609195402,1.6953125
PORTAL,1787713940,1,-0.1266624445851794,3.35571593371,1.390213156681087,0.4554722947874066,7.4149659863945505,0.6265546285824861,0.4493958321184269,8.224811514736107,0.350423225079,-0.11618994122352498,47.363857538999994,-0.4050168635172849,-0.28696277147913996,-0.6842414594498663,380.287064147,-0.9162558396240932,1.2374626856177442,-0.455816183092555,452.512560017,-0.617829753442001,1.0677018611598559,0,,,,,,,,,,,,,,,,,,,,,,,,,,,
BMT,1787753727,1,-0.6067961165048485,34.297663223784,0.5302439322883278,0.5228077101467006,2.4026512013255896,0.7825299892094195,0.5028603888948442,-6.363636363636371,4.473158338736,0.082149379707956,48.557069860000006,-0.15372121470887007,-0.2708245803538032,0.2110731846657393,110.82438524,0.1434119807342779,-0.23259323192734604,0.13240079040462363,343.76250127000003,0.006269108052549349,-0.13408036498186549,0,,,,,0.9645992848,3.1740233865453105,0.010342049366439454,0.010342049366439454,0.04545651307329271,0.00032883084716962667,0.45168543756568674,-6.945324280142751,0.1819121101299317,0.18191211012993191,0.22278183634000556,0.07017610428151544,0.49529165815252973,213.764982653344,-0.005351886540005402,-0.005351886540005402,3.6220926088748016,3.0742583959253627,0.5045675080507075,1.2402402402402402,0.9219202657137642,0.8243243243243243,1.2402402402402402
BICO,1787763989,1,-4.404945904173097,14.981924553458501,1.4412499949351725,0.449541181460838,5.203252032520322,2.5335050253857188,0.5160551168455922,10.74026529738983,6.3261301910228,0.037216142698202524,89.14038543,-0.10619645896124522,0.16611742941618424,-0.061449861625900645,178.22340333,-0.012918265544249151,0.1323942351310432,-0.04029618919652462,330.65838637999997,-0.0018886790021076932,0.06945392660208394,0,,,,,0.609710254754,4.895146741150991,-0.06699378157792457,-0.06699378157792468,0.0,0.0,0.4634696445201527,14.256625581923355,0.02743598270701697,0.02743598270701697,0.05652467566566528,0.014588374774160133,0.4871483640855327,65.46516614422693,0.2964274947241483,0.2964274947241483,0.25697554170745573,0.08893716232783151,0.4837598392454081,1.346774193548387,0.8641465496753977,0.6049382716049383,1.346774193548387
ONG,1787771794,1,-4.788225065209284,52.79932667529,0.8479314707244625,0.5050977889584233,-5.731514548328553,1.248930050722807,0.5319989735711221,-4.348342639895442,10.99044429045,0.3311483637952425,64.17978772000001,0.547048326834685,0.034995177728457394,0.21417564463454036,183.24770608,0.4476699687320024,0.08797932682807841,0.21048539910119987,544.35740981,0.2618829789139422,-0.05156386368206711,1,-11.309619058389709,81.52827074185913,0.6116326699542325,-8.695652173913048,1.1262272690000001,2.2721257836761932,0.16307629559257286,0.16307629559257286,0.34528759931846403,0.02497348516962609,0.5109171226696976,-27.34578101186852,0.04361754945255947,0.04361754945255947,0.8448978338491999,0.4480960760682842,0.518725896717658,-2.2552118117754927,-0.0033637409644191596,-0.0033637409644192706,6.260628910415771,1.9287764466303288,0.5111070145743605,0.7365491651205937,1.1097876206518111,0.45,0.7365491651205937
CATI,1787773556,1,0.0408663669799747,4.148086589837,0.6965708847079639,0.4749894012336195,0.24580090126995469,4.5370122770878645,0.5118881900964902,-1.1512825691779471,3.136653297419,-0.005802982585706429,19.0915611,0.10143985070990993,0.009165918943030649,0.1141183720836503,48.562928500000005,-0.1254440901905719,0.016689027180265104,0.2300884843080127,104.95319912000001,-0.0931160524456468,0.14274611861712394,0,,,,,0.051312560039999996,-0.2937337628523329,0.0009309253397877804,0.0009309253397877804,0.0,0.0,0.4748834393452161,-26.878453744973385,-0.23772399978344427,-0.23772399978344427,0.6374579630114281,0.001311024044552816,0.5177078373393642,-16.829626287953502,0.15888514113261154,0.15888514113261132,0.6374579630114281,0.001311024044552816,0.5153141869613175,0.9770992366412214,0.9769353947764632,0.9824561403508772,0.9770992366412213
HEI,1787788296,1,0.08409250175194227,12.34914753158,0.6779038760328836,0.5616148783604157,-1.3821700069108545,1.8456882203223473,0.49514913521610643,-13.724304715840386,3.79877935501,0.24180750862532155,18.917857847,0.2334852915833184,0.2285126064990528,0.32854107238107616,36.909102558,0.08922984341890686,0.07566369129826378,0.18114535797591041,120.942747324,0.02298084466979486,0.058675068242517225,0,,,,,0.39073464924,-0.6267093297130377,-0.00742857142857134,-0.00742857142857134,0.0,0.0,0.4605703877875478,-14.096073753071014,0.040348964013086075,0.040348964013086075,0.0,0.0029207187082582677,0.4636873327408798,34.43119720408505,0.03539823008849563,0.03539823008849563,0.13173189554629017,0.1378690963414187,0.49190251536337,1.2857142857142858,0.952415519802633,0.8918918918918919,1.2857142857142858
GAS,1787811077,1,-0.3816793893129833,4.666080891899999,0.6117834058461022,0.510861298823064,-0.7575757575757569,1.111563241263919,0.5182011384425766,-8.96455872133426,0.8644406667000001,-0.0032887841832854653,68.8348098,-0.06763217497591159,0.054438129394543955,0.17588874145140868,123.9994508,0.16500675962715058,0.11632398278455924,0.298412272730522,182.4440965,0.08358322412251973,0.04348858999267469,1,0.7336639520547639,23.087801064048982,0.2651008372922859,-8.165322580645162,0.06736464,-1.9134728494779707,-0.004781915664396452,-0.004781915664396452,0.0,0.0,0.18986764034687356,-29.889722339336387,-0.0022032693674485238,-0.0022032693674485238,0.0,0.2279504499690045,0.36378698777186597,-41.336009954774546,0.4523116126683655,0.4523116126683655,0.24107603039220576,0.2279504499690045,0.4495273222086944,0.753731343283582,0.9861967574631437,0.5526315789473684,0.753731343283582
RUNE,1787812301,1,-0.35593220338983045,4.6169533517,1.9374674916969443,0.6057628758393381,2.430555555555558,3.25211097835143,0.5409348521702125,9.057301293900167,2.5024741136000004,0.06472473777553646,93.7848363,0.05656593655051225,-0.2041158766675638,-0.005077135767359115,236.1528209,0.07534976466335322,-0.11953486231121302,0.15754571222064892,387.0851504,0.014907639651064702,-0.05111346101647096,0,,,,,0.3396463455,2.3760988697346663,-0.0971428571428572,-0.09714285714285709,0.0,0.0,0.42674412306359005,-8.725115647839587,-0.09259259259259245,-0.09259259259259245,0.0,0.0,0.42176274502684424,6.021560461621167,0.10416666666666674,0.10416666666666674,0.00017262072969956334,3.8982854417316264,0.43727210516898607,1.0,1.0394148281758075,0.8571428571428571,1.0
BEAMX,1787835076,1,0.0,11.548408090164001,1.3116725534066997,0.5567439648458983,-0.4663212435233266,3.9958732327875914,0.5113241651526317,-5.879470847623713,7.690995794799,-0.15449347260933596,111.45377136,-0.31994708693121254,0.27652202093301237,-0.029436338186453123,179.76280577100002,-0.3051343657497034,0.2038397168660515,0.1328436969583824,459.654355154,-0.14664574045518583,0.23432930620450465,0,,,,,0.17715473499999998,-3.0915669474363083,0.11354825545806979,0.11354825545806979,0.0009810068017656996,0.0,0.39899320538503114,90.51864066291411,-0.20594036431140494,-0.20594036431140494,0.33438440129754365,3.015893704449954,0.48525298140825907,349.0265071499484,-0.020967326987393786,-0.020967326987393786,0.5841130918685294,3.0158937044499545,0.49934818611878357,1.047337278106509,0.9811181482433202,0.6375,1.047337278106509
MANTRA,1787900478,1,-1.8201284796573902,1.78981770178,13.072216280670068,0.5103447136259217,13.625304136253025,3.8370556059927456,0.49996739480454105,10.663507109004744,1.14460500772,0.12817984637045035,24.839234618,0.2827412311568556,-0.3108506934988393,0.024594724742456494,63.093134268,-0.08101665510229,-0.25396261501261874,0.0795128493677889,219.792026023,-0.2681876715802318,0.0006287285468709047,1,37.57477575153965,13.682837944743484,14.86888275979496,49.74271012006861,0.22569528020000001,8.342476919151952,-0.044839955849889646,-0.044839955849889646,0.0036112407812770907,0.0,0.5796058837287604,6.520748727978565,-0.08262108262108259,-0.08262108262108259,0.0036112407812770907,0.05649652925263078,0.5084889691952377,-1.3918914285330763,-0.11694975230007076,-0.11694975230007076,0.0036112407812770907,0.05649652925263078,0.5191345679136734,1.1180555555555556,0.9602647823406973,0.9076923076923077,1.1180555555555556
DEXE,1787968569,1,-0.18818216033119617,36.24654867543,1.4062195932621528,0.6163202039132145,8.27220863895679,1.0629614267323872,0.5363724338139243,8.89344262295082,6.42144718236,0.022872171963001793,97.51372051,0.08047566619621532,0.7480386202094347,-0.07582848457252879,157.53723086000002,-0.07146227420152872,0.350934432338486,-0.0023947179958604074,287.52435803000003,-0.14566746765375482,0.1437959676687406,0,,,,,1.18501047,12.16320693638373,-0.032169057975718895,-0.032169057975718895,0.002997543135631536,0.001599884598487978,0.4849927567840413,12.830959408727448,-0.10424122752889864,-0.10424122752889864,0.005821205951032653,0.013392286736504529,0.4691967770482329,104.43906760607184,0.04436697585846794,0.04436697585846794,0.44429892674281607,0.6793852800304794,0.47564225955996475,2.2945205479452055,0.8128731099953057,1.2105263157894737,2.2945205479452055
TUT,1788024076,1,-1.1420204978038084,24.423744267449997,0.9127218526976268,0.47317775286583985,-2.623324779013392,1.3465186583012654,0.45631128544797345,-8.909042411309686,5.481171226949999,-0.008219702716461528,78.11911563,-0.046455770483990105,0.015746859946249137,0.04974523517401831,119.22582095,0.03430849631984314,-0.19325938756869754,0.22670023797796948,201.30871659,0.18696995176242465,-0.06758303735983673,0,,,,,1.1132602924,3.754799327843683,0.01587023468195814,0.01587023468195814,0.0,0.0,0.5166430780521046,7.302979905852003,0.0771518264840183,0.0771518264840183,0.0,0.023590996803974397,0.4908425408705391,1.2946203932187483,0.4520877873676987,0.4520877873676987,0.27485935866834665,0.8520205350674557,0.4961541596898416,2.2363013698630136,0.7526984524696527,0.9142857142857143,2.2363013698630136
NIL,1788026772,1,-0.40216821122573965,11.398776129873,1.7397741133899214,0.5770758871643352,5.380504882992443,2.2365945386450927,0.5001784915508474,-4.540143548656317,4.249073406552,0.12767862074401107,100.676730226,0.2729494261004842,0.048496469315812085,0.20601435635323984,158.797505362,0.21878692468102615,0.05313627094096729,0.16631268331775828,416.226097109,0.06201382381673172,-0.05031300420175033,0,,,,,0.55024818248,9.81289702083501,-0.17766726943942135,-0.17766726943942135,0.4977551343569502,0.28003661058090046,0.44895012770446563,3.6927760532522225,-0.133491158566045,-0.133491158566045,1.726706268647301,0.7067287332914263,0.5187513930853958,50.993758889602006,-0.04173259493670889,-0.04173259493670889,2.144231238860811,0.8976102397538629,0.4995194404250392,1.0759493670886076,0.9794792509269669,1.0350877192982455,1.0759493670886076
AUCTION,1788079606,1,-0.2848191398462041,1.5923720208199998,11.786854436399095,0.6423575562632715,3.325485579752785,5.527463720423498,0.657559921101376,9.787367104440282,1.46696309575,-0.11556871381777285,84.44697237,-0.2832279798894822,-0.014564820904139797,-0.013188400453831694,119.81523419,-0.022674269808631853,-0.07533706779407612,0.18776962602769426,218.94624252999998,0.023868550205459887,0.017017886155156203,1,1.8941620917113378,4.706726742032567,15.452339658577621,10.701519213583556,0.1560587322,-1.88037323907696,-0.007072135785007094,-0.007072135785007205,0.0,0.0,0.5125941098317095,15.920587676248932,0.1366459627329193,0.1366459627329193,0.6484673979685195,0.0,0.48363959377403015,64.40339303295404,-0.11688311688311692,-0.11688311688311692,0.6484673979685195,0.0,0.46269005847953215,0.8571428571428571,1.0073634113475856,0.4567901234567901,0.8571428571428571
WCT,1788084071,1,0.07363770250368162,0.7306676825849999,12.000889961775371,0.5067282056554356,4.46153846153845,4.656862990849697,0.5490698195229666,8.901363271852446,0.5671032149399999,0.19062092259461932,32.1236382,0.144878549522399,-0.11350885054371518,0.14882652497256674,47.45102498,0.07494475470352316,-0.20205620864335105,0.1695289582433475,102.49767707999999,0.11662468214390292,0.01890363152919261,1,-0.5102780128067974,0.6613427624333879,18.117666497163192,7.648183556405352,0.100884404,2.949834645781646,-0.01941747572815533,-0.01941747572815533,0.0,0.0,0.7675312924144171,43.30753779572729,-0.141509433962264,-0.14150943396226423,0.0,0.0,0.45728092783505153,45.223236848998404,-0.1523809523809524,-0.1523809523809524,0.0,0.0,0.45019771605874326,1.0,0.9977225773917004,0.5405405405405405,1.0
ZKC,1788102127,1,-4.796747967479675,18.642307007569997,2.8887120402411814,0.5252714589234867,12.671755725190836,1.9044745356947042,0.5063838533136015,5.730659025787976,5.91729983042,-0.12864766589803184,226.43507850999998,0.06044538648645803,0.365009576981703,-0.4255486680186844,663.2722425300001,-0.26908454708182517,0.8905712636993155,-0.34300261660934606,1313.47805415,-0.23631232049815604,0.6664914958055339,1,-2.6550975836536095,72.28662539938539,2.2358203952024507,1.4957264957265126,0.5740612344,15.439387142761207,0.06162279849150498,0.06162279849150498,0.15454539460886477,0.0003479942348115468,0.501872530992805,9.523930466977237,-0.08985219579626413,-0.08985219579626413,0.3226453885073554,0.24447191621758463,0.4846912017361425,847.9344489034443,-0.23249783923941214,-0.23249783923941214,1.0291942994853442,0.6553766871111337,0.4760747454839766,0.8314606741573034,1.1958321623900214,0.4545454545454545,0.8314606741573034
TNSR,1788103909,1,-0.27918781725888575,4.767070565829999,2.4176632041932744,0.3665540091148725,-5.9665871121718395,5.7273907278035585,0.5427614464223034,10.36414565826329,4.5504792929199995,-0.022757913562609672,60.935080005,0.14464883968530895,0.297674392008632,0.10139933265565203,103.70447775999999,0.16583304700026874,0.18389538283519857,0.16359956309181153,208.65074007500002,0.2231711012860524,-0.06426555810452905,0,,,,,0.13967204921999998,-10.115289506770464,0.05678829717291256,0.05678829717291256,0.0,0.0,0.4663446323426517,33.847245570040045,0.2765251989389921,0.2765251989389921,0.0,0.03290645498270438,0.516380295996047,39.98197390162692,0.34039049635379914,0.34039049635379914,0.0,0.03290645498270438,0.5172407309905277,0.9871794871794872,1.0562782643266448,0.5632183908045977,0.9871794871794872
TUT,1788159697,1,-0.8782556026650457,10.73260484242,1.706534764154252,0.4233459138747974,-3.675612602100342,1.146125482697486,0.46173273220378586,-8.073496659242762,2.05015198427,0.06896169355410545,94.3986378,-0.08818959066411136,-0.1531364008312005,0.2032308177509203,147.65244313,-0.03943308772841503,-0.08599341600712274,0.4325745645741861,197.89923282,0.01439043825958819,0.04667227828019671,0,,,,,1.1762248793999999,-1.6815548521529333,-0.05697375193000509,-0.05697375193000509,0.0,0.0,0.4496828102730347,-4.274326534300177,-0.06073082861554302,-0.06073082861554302,0.0,0.02137193358197215,0.42752501349091904,-6.786634287064508,-0.05648463321987085,-0.05648463321987085,0.22242602973459943,0.39572162445452863,0.4697312041428422,2.5172413793103448,0.7221809890808044,0.9154929577464789,2.5172413793103448
0G,1788223591,1,-0.6048387096774244,25.408324591416,1.4920077429907905,0.49893836803906727,10.320284697508896,0.8833926893780728,0.484850395698999,12.72727272727272,3.7409213655670004,-0.14108941549546739,193.6302464,-0.18957817193502555,0.12036917397812208,-0.14867431430195896,406.7212738,-0.23731589474694265,0.03656382615509002,-0.1438446700515676,886.788779,-0.27626610331810686,0.0923918018491825,1,-1.2258576594055826,66.5367942401981,2.0723058886508703,11.627906976744185,0.8444448288,-2.074689106559746,0.1901877649909145,0.1901877649909145,0.22731965837576815,0.008212685735615462,0.4069874091538756,23.07618979828714,0.21399152029073298,0.21399152029073298,0.2696413338495655,0.2896668102611276,0.4688683746061849,34.479817363909504,0.17664670658682646,0.17664670658682624,1.2256811868583732,1.501399862678631,0.4787558807547108,1.547244094488189,0.9186327992348361,0.5,1.547244094488189
TUT,1788258698,1,-1.2488577520560429,12.522781086810001,3.0604827259631464,0.5834606714712223,5.460970125281062,2.648650967024865,0.5266183774811813,9.106015287470925,5.52807937257,-0.24412683786199144,68.26206814,-0.3442703207058652,0.3065062929396696,-0.20400972951459903,117.58746898000001,-0.33178223362013204,0.09409641534347468,0.07360387968599419,225.54845303,-0.2619355144451952,0.11717261018599245,0,,,,,1.152655352,4.385332002271447,0.05240293239207161,0.05240293239207183,0.0,0.12516200072265835,0.5237750907216219,5.095185852058592,-0.020645552523498423,-0.020645552523498423,0.0,1.3648275586196212,0.47139258833805986,4.505319615119374,-0.08889916690934219,-0.08889916690934219,0.2669748589342429,1.5946894939676641,0.4689553445883229,2.475095785440613,0.7466099992084417,0.7125,2.475095785440613
FF,1788282705,1,-0.059235857439043915,7.2875822982430005,1.438269033214903,0.42369499145608014,-0.07891881227187758,4.643946134623744,0.4766975958906633,11.811458218346393,5.640523274113001,0.19230748443571477,43.09125948,0.2459937545451909,-0.06985435352066016,0.2016746700737516,92.70797715,0.2304646735568581,-0.03618463093031998,0.15190710151505302,319.59286491,0.14480542462552184,0.03137071992930851,1,0.5680669284051643,5.839218742869566,0.8001821874659347,11.023622047244096,1.5562489488,-0.9638493605839904,-0.004736900084456264,-0.004736900084456264,0.0,0.0011081003468819824,0.5505295438314795,13.075271699807779,-0.19194526384791855,-0.19194526384791855,0.24435122689928335,0.011604210247933053,0.5060899247023974,18.63769382398006,-0.10242061426340432,-0.10242061426340432,0.24435122689928335,0.01405890748833642,0.4960045281868748,1.0707964601769913,0.973817470118926,0.55,1.0707964601769913
T,1788342355,1,-3.507625272331172,5.853655240524,3.949423791404993,0.5257922740548571,3.6117381489842115,4.868914057820851,0.5510490340779008,11.95121951219511,4.750157381704,0.14086821230458815,76.08190622999999,0.10025965268986822,-0.08845013516901401,0.1700015668651084,129.250767569,0.08788409661216842,-0.18267983768396823,-0.08670822346469799,592.731062054,-0.26541505332004484,0.17127577497611024,1,4.928262074344714,20.48344380015901,4.2380604815214165,19.887429643527188,0.3067769576,59.51331108677218,-0.16381578947368425,-0.16381578947368425,0.33475682399165946,0.0,0.5235280227341199,160.75136228935975,0.34073226544622415,0.34073226544622415,0.9593300693193912,0.010765247904655535,0.48078297403918474,176.81192748965705,0.6680747922437671,0.6680747922437671,0.9593300693193912,0.010765247904655535,0.4874893389507713,1.4276315789473684,0.9827352607584658,0.7468354430379747,1.4276315789473684
TLM,1788363068,1,-0.07057163020466328,3.1630748519309995,1.0594227991368128,0.5209372265324637,-2.208419599723943,2.364142172662415,0.5087786267431371,-6.714944042132975,1.246326442123,-0.005545517721727365,36.720972116999995,0.011136138479524826,0.19192463144577676,0.14631282276211757,60.654386112,-0.010067819957326585,0.08837503468541441,0.05564796338447109,111.628328722,-0.10073183746313077,-0.14633298415897744,0,,,,,0.33505932386,1.862577657688691,0.10163934426229515,0.10163934426229515,0.0,0.0,0.401165127476387,-2.766903304436874,0.24712643678160928,0.24712643678160928,0.0,0.0,0.42372893226808106,23.62901233439354,0.07988980716253447,0.07988980716253447,0.0,4.1156890789172503e-07,0.4816918647461618,0.9333333333333333,0.9910943368323278,0.449438202247191,0.9333333333333333
ANKR,1788410794,1,-2.7352297592997843,4.558066469917,2.6308334868443373,0.5106458399500342,-4.192872117400414,2.431773276227329,0.49875690727178545,-6.35245901639343,1.8473640388019998,0.06767503786713125,101.79434775899999,0.11365101585326895,0.37837234100844475,0.09879903310706718,177.99729463,0.15723274951591998,0.16418159187157033,0.2779907098393646,331.000505786,0.11001693199108162,0.15097816951717902,1,3.405256161161674,21.584399367736957,2.398351579212875,-9.064748201438844,0.1328453679,22.072847648432358,0.2077317554240632,0.20773175542406297,0.03544735563188575,0.0,0.39496439285778134,21.31924307969577,0.614153846153846,0.614153846153846,0.49215272638798563,0.0,0.4458733177024844,274.4319609201638,0.23716283716283715,0.23716283716283715,1.701074908160196,0.00047670461530634965,0.4785039070087059,0.8820512820512821,0.978618676233926,0.4468085106382979,0.882051282051282
NMR,1788633086,1,0.021074815595367724,3.1100478044,1.1810106035037635,0.3444366273926917,-1.4537902388369717,4.419754965037217,0.5310605348871762,-5.478087649402386,2.2909415375,0.1532464674854495,47.0101782,0.008940088686299863,0.055798955515065085,0.2711065545950537,82.625158,0.04853099841215458,0.03265138617579466,0.3611720796486623,143.4423295,0.031256439805805114,0.04362336729364902,0,,,,,0.2332441956,-2.2977853185462638,0.0007619047619047414,0.0007619047619047414,0.0,0.0,0.2830271407901083,-5.475878543555157,0.10925553319919512,0.10925553319919534,0.0,0.0,0.4328906362895244,23.40806439395273,0.06480331262939965,0.06480331262939965,0.0011565561119583976,0.0,0.4391637012789101,0.5285714285714286,1.0093820716539206,0.4615384615384615,0.5285714285714286
SUSHI,1788640594,1,-0.07827788649705791,8.11983079998,4.939476862599007,0.4524180993072273,-4.841713221601496,5.430179082028236,0.5242670944798227,17.687701520036867,7.34868922661,-0.07996379548208941,128.4481686,-0.09215218123851428,-0.22951047998269125,0.11891340918575326,350.5708932,0.05793912252057049,0.03836980191678996,0.2376499455419756,693.8788217,0.05053558272745126,0.04293609881120153,0,,,,,0.9519687656,-12.401554801365211,0.08410237250140118,0.08410237250140118,0.007796096120151948,0.0018828663972712176,0.47566212190209173,76.63208150103402,0.3243156668608038,0.3243156668608036,0.7078569742519711,0.011358744520556569,0.48413060161965843,96.67290983846759,0.14167572826646846,0.14167572826646824,0.707856974251971,0.011358744520556569,0.4907331927451879,1.3811881188118813,0.9790624800298146,0.4252873563218391,1.381188118811881
HEMI,1788753663,1,-0.1067961165048592,12.738070468304999,1.0599917819802018,0.3880355823585353,-3.5580524344569264,0.936173057441785,0.4514896415736087,-9.569798068481127,1.9875063960370003,-0.9936810572038551,716.456489233,-0.0008637101827984051,0.13668586829514906,-0.9936966129052842,718.2301875520001,-0.000861156675804664,0.13661808530315378,-0.9938242548352795,733.121691969,-0.0006350421699452546,0.10282842847419826,0,,,,,0.60206976,-3.812999536475181,-0.060148790699075194,-0.060148790699075416,0.0,0.0,0.43609675849764823,-12.17908419932664,-0.0012681436210848496,-0.0012681436210848496,0.0,0.0,0.477504512027584,-15.443191906633857,-0.1666179129879799,-0.16661791298798012,0.0,0.18930739853135956,0.4579907738298921,1.1302521008403361,0.9785241436533848,0.9411764705882353,1.1302521008403361
CFG,1788835289,1,-1.066260472201075,11.1154129321,1.4555279917021844,0.5181167000436957,6.4019448946515345,0.6443792861149967,0.499536434402827,11.271186440677972,1.1937569750099999,-0.05679796887353574,45.491992100000004,0.07759000160637167,0.057886703885288826,-0.005801318499536298,104.70664690000001,0.05138264758010662,0.10728452890562035,0.06581076281928508,301.7026273,-0.06683819981086822,0.28696165847959487,1,2.188885936765539,16.809521053577175,2.26730488882091,11.111111111111116,0.38072460960000004,4.994642558241269,0.0797962648556878,0.0797962648556878,0.0,0.0,0.4418938307030129,29.904845402440138,0.18996415770609332,0.18996415770609332,0.0,0.0,0.6309842972041363,30.41160668428806,-0.26693548387096777,-0.26693548387096777,0.0,0.023515685023372337,0.4797750006148484,1.1612903225806452,0.960300820106002,1.0483870967741935,1.1612903225806452
DOGS,1788895547,1,-0.3655988857938719,6.694103503906381,4.248791301166233,0.5103944241830275,2.791696492483897,4.070433792627901,0.5158258855936306,11.925175370226015,4.541317518941561,0.9995879237603389,0.2586055164,7.581860520788908e-05,0.1839916935523802,0.9996015555919593,0.2586055164,6.837454102393004e-05,0.17160371596155422,0.9996124788650381,0.2586055164,4.203981041628335e-05,0.10848391642031596,0,,,,,0.2907443980976,13.64263665216765,0.20088923882083254,0.20088923882083232,0.0,0.0009205397997389974,0.44963953626170267,64.26802979610366,0.09284643110842161,0.09284643110842183,0.019896342209345396,0.0775296644664263,0.43984536166951177,93.17263192786787,-0.20839775802087357,-0.20839775802087357,0.019897187797434487,0.0775296644664263,0.46201447172050664,1.2964824120603016,0.9987470220841224,0.953125,1.2964824120603016
HEMI,1788932510,1,-0.41614123581337203,14.502035849576,0.7176410935677201,0.5527235931887173,3.3898305084745672,0.8307875471254096,0.5492813550426017,8.77914951989025,2.008018465299,-0.9946460660890774,846.002021559,-4.7659422839241294e-05,0.008901757778879915,-0.9947281385487998,859.2079522319999,-0.0001245732647913167,0.02362984421051273,-0.9948215908053385,874.754644309,-4.65273883205608e-05,0.008984880601663026,0,,,,,0.82850478,1.9294928339885553,0.012262156448202832,0.012262156448202832,0.0,0.0,0.5376843782439708,7.598892552093073,-0.04494680851063837,-0.04494680851063837,0.0,0.051455201018876434,0.46864734913511474,-7.713184276229679,0.36329222827645524,0.36329222827645524,0.007128383737267031,0.6229705518415959,0.5145561471305266,1.5545454545454545,0.9288841010222006,1.7045454545454546,1.5545454545454545
VTHO,1789022837,1,-2.2831050228310557,11.432551519561,1.1683063318548583,0.5413551869591197,2.0186335403726607,2.0525114878751975,0.5357480241910879,-3.665689149560114,3.910907221604,-0.013032956006513819,88.5402248133,0.20048679705844646,-0.20738063579068988,0.1787104929135964,149.9335333727,0.2333033456739263,-0.006714999493516394,0.14218169258206875,545.9345225188999,0.018192087623319766,-0.006234709139586347,1,3.727290271000472,64.06556593859186,1.3946529909812189,-6.230529595015566,0.49342524498,8.874055076968212,0.10806722689075654,0.10806722689075632,0.04442546509935564,0.007745848107457326,0.51521238078667,23.541872861447022,0.12642857142857133,0.12642857142857133,2.4179074502934244,1.250909353097688,0.48572666350357474,994.3245893864638,0.40884353741496593,0.40884353741496593,5.397824156945915,2.4822696354939144,0.49916269327346835,0.8142857142857143,1.0056748523004562,0.4311926605504587,0.8142857142857143
REZ,1789136188,1,-0.2447980416156681,3.4602736944595,3.4852847133075686,0.518264433787666,5.283505154639179,2.6488151388775285,0.5184099423316954,7.358738501971107,1.5276042244239998,0.06615628217381417,51.420574645,0.059023903237815326,0.32686455727156205,0.13659732336728553,85.162638403,-0.03829946488935526,0.20289340191480365,0.2957073683485227,119.49963782600001,-0.04372816839498117,0.010057493556091313,0,,,,,0.3135346076,11.371462906325158,-0.17716942148760317,-0.17716942148760328,0.0,0.0,0.5945931767413525,16.92388710702557,-0.15145596590909094,-0.15145596590909094,9.63211054472444e-05,0.007087763028810859,0.5054057758858926,7.8789346082231315,-0.13506245662734195,-0.13506245662734218,0.43809546592457244,0.033733309636725405,0.44980996083796887,0.6704545454545455,0.9247869361290911,0.3,0.6704545454545454
MET,1789146969,1,-0.10842067220817597,12.42863770617,1.190904829803842,0.47629554953956726,0.9117432530999281,1.2792810821580902,0.49253545917789365,8.128175068386078,2.64995351575,-0.27165474051876437,186.9947629,-0.19588665928572124,0.16714389707916588,-0.16721360348315342,326.3510728,-0.07619653641076486,0.06769550776203026,-0.26406021332884394,980.3941966,0.00868246236596415,0.0890035680234007,0,,,,,0.3523865504,4.872923152652775,0.12276194299478105,0.12276194299478127,0.02058654052422087,0.0,0.45470038772027,20.508429037212615,0.15386338185890258,0.15386338185890258,0.027120104297828497,0.03418070294206098,0.4548967953676424,113.50704612928051,-0.23495208705538406,-0.23495208705538406,0.6607257846126922,0.34720783145984674,0.4745918729895839,0.7829787234042553,1.057162752857793,0.7236842105263158,0.7829787234042553
LSK,1789194687,1,-1.4754098360655776,6.37155077891,1.160894731261229,0.5345688006220655,-1.8048780487804783,2.8726149428650003,0.5082666080212617,3.923593185338148,3.05050199612,-0.16899976667945651,145.05030254000002,-0.3924023102739857,1.0840544886998855,-0.19330638779345277,243.75420115,-0.21090394375049157,0.5017261090216412,-0.13428412948700977,674.58074188,-0.10252746167686458,0.24427494596241517,1,-3.1649371590529274,41.214006243149846,1.436159368574045,8.749999999999991,2.6624825604,4.379718943326072,-0.06014104972179901,-0.06014104972179901,0.005121025092442892,0.0,0.5453897718921769,28.2004459745276,-0.2013738406864869,-0.2013738406864869,0.19156999470575767,0.0227425301861519,0.5221314185220508,218.46283374082964,-0.3110868448098665,-0.31108684480986637,0.5425561397040579,0.06644413474521402,0.509005072568591,0.7014388489208633,1.1462167800849818,0.4444444444444444,0.7014388489208633
PUNDIX,1789226528,1,-1.0497237569060847,3.1548225662400005,2.177621886795319,0.4904284633014031,7.31225296442688,0.8866661086787723,0.505877848065674,9.586276488395562,0.46621237473,0.18047339257661493,21.12723732,-0.02020453455609103,-0.18625782200843777,0.09152403899343893,38.75220572,0.14370909522383946,-0.4661287441790972,0.1941065514098146,138.24644324,0.025360778572025955,-0.11901071713087652,1,0.5846224586987248,8.900854675640616,3.0731827225489994,9.701492537313428,0.0390339552,-0.9148549003836548,-0.11033163265306123,-0.11033163265306123,0.0,0.0,0.524717990555233,-15.388900018455198,0.09829215116279078,0.09829215116279078,0.0,0.0,0.33531118826760636,72.55758044941676,-0.1639554794520547,-0.1639554794520548,0.0,2.6271957190748636,0.4893136720155521,0.7265625,0.9171744097486672,0.4805194805194805,0.7265625
PHA,1789276535,1,-0.5802047781570008,2.1321737557000002,1.9454558223085248,0.6470179137822201,5.395683453237421,1.0906287336964995,0.5979155765234058,9.328358208955212,0.38756832720000006,0.2049274512215275,21.45490958,0.19881036587291856,0.04291367200122731,0.11621000689001952,57.38623322,0.016554503881756846,0.0654520604845934,0.40070280309135076,101.6227914,-0.05247611448029993,0.34113186153572483,0,,,,,0.14399549416000001,81.24095613627462,0.2688743994509266,0.2688743994509266,0.0,0.0,0.7460864826080053,91.35892033228555,0.23890098844027485,0.23890098844027485,0.30009799439963253,0.0,0.6744216654767914,90.11359758032911,0.28947805851063824,0.28947805851063846,0.30009799439963253,0.0,0.5937538846867595,1.5425531914893618,0.7627760646600648,0.9354838709677419,1.5425531914893618
LSK,1789283491,1,-1.6096059113300476,111.06450178531,1.5810491664895363,0.5055655931503411,1.2974051896207595,3.6169778267413384,0.5172615286921002,-9.283878896212705,66.95297338259,-0.09753336418344799,116.36741905,0.2538435369845424,-0.07065752910909251,0.24389522974975694,169.08367181999998,0.36918872456380325,-0.022869614708508235,0.1581558852548244,638.97468315,0.37639323646485257,0.2557077531732015,1,-51.09352799103901,236.38817965608376,1.1093162161362122,-20.270270270270274,16.8658679544,7.8012105178068225,-0.009680165839934807,-0.009680165839934807,0.1586408085984084,0.08298432454138056,0.5113397941452212,-1.4708052460651988,0.6083110097134168,0.6083110097134168,8.374175596646575,1.7859578488008847,0.516835697534409,515.318922881252,0.6199151460391665,0.6199151460391663,11.078772053427194,1.9651311725912939,0.5156240144647694,1.0654475457170356,0.8021767820642814,0.5154639175257733,1.0654475457170356
LSK,1789370128,1,-6.681932177516082,85.10152460503,0.3963873439447896,0.5420413271065287,2.058758068105959,0.4556247751454292,0.5339916798044704,12.444825895046584,6.462393835450001,-0.3048915362040106,212.60968277,-0.21470093581953537,0.6723036975382741,-0.281759728444427,384.60678942,-0.25631463890425904,0.47370357581139233,-0.23533625977091474,1282.81995488,-0.19562482257863062,0.49490351515860254,1,-55.88077855811353,116.66195465947665,0.2571196509990852,1.1857707509881354,13.4308946016,3.9367957781777596,-0.1479867617750763,-0.14798676177507641,0.011148360882987094,0.0,0.5226671239958641,9.850911189311852,0.03558877056325627,0.035588770563256045,0.06881006495947811,0.025093674695343834,0.5027832056178494,-17.053074566150737,-0.02927175169822227,-0.02927175169822238,2.2988960807064758,1.677678455410983,0.5001509758818463,1.1668449197860964,0.7478327570939486,0.392156862745098,1.1668449197860962
POLYX,1789389093,1,-0.4010025062656686,4.68842690503,0.4243306016748639,0.4967995320853468,-1.4814814814814947,0.5942463585069312,0.45642122755991205,-8.064516129032262,0.46434676923999996,0.4551791969681659,34.93701918,0.4038237028985191,0.2766321172936159,0.4406808533511483,69.46455997,0.36876133726847593,0.1748166639370321,0.45201002254150424,145.15957917,0.19857993205959829,0.13042341907837285,1,-0.12400188856432903,17.02505052472066,0.5204569231619884,-9.866220735785946,0.2861213184,-4.113782487749285,0.010526315789473717,0.010526315789473717,0.0,0.0,0.4300827126079605,-14.864122909312682,-0.08947368421052626,-0.08947368421052626,0.0,0.0,0.4595723270440252,69.9152313848543,0.38066735466116297,0.38066735466116297,1.0040517833710638,1.1937657840737812,0.4988034947133042,1.8210526315789475,0.9754190956424246,2.7096774193548385,1.8210526315789475
HEMI,1789402237,1,-0.2262443438913908,3.502861394226,3.6598422479621746,0.5710256643563698,2.9503105590062084,2.172033969774917,0.5236702041014466,8.333333333333325,1.268055656612,-0.22786420421023548,48.273394796,-0.3080607968764699,0.2898223621138689,-0.1041457675221082,90.83223556200001,-0.28101485212282257,0.32871480135905085,0.13046578143793192,179.394751565,0.0368030235630179,0.20751770522687418,0,,,,,0.594513325,1.37928813590793,-0.03132963988919679,-0.03132963988919679,0.0,0.0,0.5361617784452575,16.755209319016352,-0.11268066539405519,-0.11268066539405519,0.0,0.0003041815757451694,0.5841209741830773,9.32503838772114,-0.16665386092969658,-0.16665386092969658,0.0,0.0003041815757451694,0.5185777083890373,1.9684210526315788,0.9590190798143586,1.3214285714285714,1.9684210526315788
STEEM,1789431722,1,-4.686091919495339,4.3132735322619995,3.5058958563301843,0.5136777762542065,18.807994289793008,0.9901548719991032,0.5157998572063688,19.041659216878237,0.711801467039,-0.006385440329877646,46.933190880000005,9.197657182107889e-05,-0.47452993582188596,-0.03849953201124096,99.85139895,-0.20828974973372988,-0.46429638258044625,0.1430556705282582,188.59259645,-0.1114204977004877,-0.33493790919999056,1,8.663522528987988,30.885082854134343,6.627152652674708,23.904382470119522,0.3434571388,46.326978283735,-0.09057893612475976,-0.09057893612475976,0.0,0.0,0.5356627029204177,19.686844891492903,-0.11290322580645162,-0.11290322580645162,0.0,0.0,0.5040931614146602,51.09216610313165,0.058254269449715235,0.058254269449715235,0.04774819954914269,0.0770694710043977,0.5075349506177183,1.064516129032258,1.0168659441502625,0.7123287671232877,1.064516129032258
AXL,1789470688,1,-0.17621145374450142,3.094727333061,0.45847967814488966,0.44541660983781467,-1.089324618736387,1.2251622567736136,0.42206350640807044,-11.500974658869389,0.6319238539120001,0.046619076536281175,55.666781652,0.10702867892526174,0.2513964730873566,0.0765280080912657,96.84770942499999,-0.07337998692282796,-0.02599050842309003,0.2206544395185589,156.070866569,-0.07627337508071086,-0.0714914735730191,1,0.06175054718744466,13.158493440719917,0.5768002094475254,-8.97058823529412,,,,,,,,,,,,,,,,,,,,,,,
ZIL,1789550523,1,-1.4157014157014203,1.9805784236117001,4.340074090778871,0.4142059008984269,4.893688828889653,1.6785396665997288,0.44335951647976984,9.244288224956065,0.5540799078073,-0.05779445029019306,49.156489841,-0.22848229174940335,-0.10452028162096183,0.0558036184695099,72.539647613,-0.08740213296371957,-0.15242149022274043,0.04202741192262031,242.589074791,-0.20585646662429385,0.19908597371196635,1,2.737500430063955,9.527713383315389,6.076786710295611,19.777158774373248,0.24160481532,3.761631584504599,0.07603422719310071,0.07603422719310071,0.0,0.0,0.3731372450636829,3.87542577509985,0.019559281132914164,0.019559281132914164,0.0,0.0,0.37087503162964336,30.093269475530484,-0.14725513365056053,-0.14725513365056053,0.0,0.10974230776353716,0.43149228942099815,0.9337016574585635,1.0170668643089957,0.4186046511627907,0.9337016574585635
TLM,1789560978,1,-0.80174927113702,3.0238952829260004,1.3369049439437652,0.6182947353897643,2.3117076808351955,3.221810835619606,0.5133256944977479,-7.359891964888588,1.6237364313850002,0.012847136289852257,39.454386062,0.0641609315568204,0.26868282272335575,0.13266812685804555,72.683534462,-0.0864219763629129,0.053333395882102286,0.10373509037430917,141.139057478,-0.07187740721132771,0.139105104962298,0,,,,,0.14849795808000002,5.826907601905562,-0.01834862385321101,-0.01834862385321101,0.0,0.0,0.4738162013800372,-0.6090136252564493,0.018610634648370317,0.01861063464837054,0.0,0.249589734964792,0.497863938140176,13.58910515063294,0.10649492017416518,0.10649492017416562,0.0,0.249589734964792,0.4977553976181618,1.0094339622641508,0.9966201220556822,0.9032258064516129,1.009433962264151
HEI,1789573029,1,-1.5342465753424572,9.320443052409999,3.637020178034862,0.5228084355014917,9.857035364936051,3.3369962703433766,0.47727739779401646,15.781126090404452,5.1837139506400005,0.08202610070507524,20.263410338,-0.09442470819362203,-0.20423487694210607,0.13345905754073373,47.046525034,0.030852640464400435,-0.13780144871795752,-0.043968194907340524,153.767016168,0.044490926278900514,-0.06297860216826723,0,,,,,0.29573736792,6.778093282294972,-0.060201149425287315,-0.060201149425287426,0.006785615271124106,0.0,0.5703271028037383,-0.4339920728333557,0.151681971514243,0.15168197151424279,0.006785615271124106,0.003193292774065208,0.48418630903629883,30.906595827787253,-0.009313423645320174,-0.009313423645320285,0.006785615271124106,0.125510229772657,0.5040628111502347,0.9094827586206897,0.9025265862045583,0.8181818181818182,0.9094827586206896
COTI,1789671355,1,-0.2820157189089123,9.01289655779,2.2468762456190445,0.5441550869341033,5.409356725146197,1.3973200806077013,0.4804202355543347,8.748114630467562,2.0989835574399995,-0.012663468738515829,146.04467198,0.23143625135309687,1.2519527096704879,0.019067855536632178,252.19210083000002,0.08724083647707473,0.5046829855505484,0.09095229975735425,543.4039636269999,0.018574451738794462,0.19005115495144742,0,,,,,0.4276671444,4.031377210514497,-0.010860583166096283,-0.01086058316609606,0.0,0.0,0.4147528540940413,6.964685399552417,0.026804506623746338,0.02680450662374656,0.0,0.0,0.438810603972514,11.407538006110762,-0.0604956703493581,-0.06049567034935799,0.0,0.0,0.4745871385479772,0.8680203045685279,1.0306789805214507,0.6617647058823529,0.868020304568528
ONE,1789673473,1,-8.067177371832646,29.048484522291304,0.6516757761579095,0.46398510225590905,-7.470010905125413,1.0836121701462285,0.5131479070924645,4.495073891625601,5.2462152254432,0.12145112367900457,76.86360727370001,0.238347731219405,0.6111658169958081,0.301353208849231,113.0759684113,0.43129178156006476,0.3618176322273732,0.2760399309230686,344.6266559761,0.5871856817174315,-0.00748780096716839,0,,,,,1.10613894784,4.46322209024661,-0.13667716299295252,-0.13667716299295252,0.4518796349916618,0.7902628360631976,0.5134552917503096,23.746072699506236,-0.19362914081223948,-0.19362914081223936,1.7000411988675463,1.4461538047491158,0.4960735224494041,257.7389245283725,-0.19374742904154674,-0.19374742904154663,2.779424668124703,3.004962505380286,0.5032404995298303,0.8566433566433566,1.0504525138031298,0.5909090909090909,0.8566433566433567
HEI,1789742218,1,-0.0821355236139687,3.1156975681100003,3.010628107274893,0.577757138745388,11.782708492731441,1.0365752068032479,0.5205305513186553,10.93394077448746,0.5382758085,-0.06457930016884153,18.34547997,-0.34022169738125063,-0.3408528697878138,-0.03624756250879837,32.521991211,-0.46150666019619163,-0.513621749812649,-0.2203419130822928,207.750939221,-0.36751509304098895,0.1850615992462057,0,,,,,0.2580581426,7.756293485184429,0.005674997271635895,0.005674997271635895,0.0,0.0,0.558034708136128,6.133208451104166,-0.004830655666521966,-0.004830655666521966,0.0,0.0,0.5215330316275795,6.88285132499189,-0.07317073170731714,-0.07317073170731714,0.024730624407741517,0.08292691633129658,0.5164088609057469,0.9693877551020408,0.9420785972332364,0.9857142857142857,0.9693877551020408
ONE,1789799541,1,-1.272084805653706,32.4191999921193,0.5789445643293629,0.46889527239957235,-6.368899917287019,1.245026951758195,0.4950764509402613,-17.971014492753625,6.727129624104601,-0.03650049530033705,49.3150197135,-0.057544919175999604,0.1471110130023905,0.7082900233376531,86.4327718965,0.9436724301176559,1.914922794221035,0.5127904561710852,237.8293301222,0.596450400789319,0.7021857125785755,0,,,,,1.9083958544000001,-4.95977272406376,0.027506213753107023,0.027506213753107023,0.015194514247735415,0.048642096861599635,0.4886809882017638,-25.882975983537136,0.2169574036511155,0.2169574036511155,0.19950438538324256,0.3828301174075323,0.4940609445980211,29.947642429982956,0.24550968213372304,0.24550968213372304,1.993173188481854,2.1812236142740593,0.5040081496803688,1.1223529411764706,1.0527176192634924,1.2592592592592593,1.1223529411764706
SKL,1789868774,1,-1.4822546972860118,6.23734705183,1.834617664701317,0.4956391130445401,2.350427350427342,3.439801798327891,0.5131157980560189,6.208425720620836,3.57587293428,0.07313583796167131,38.342000783,-0.03988155970129918,-0.11221055606498842,0.10692876323585934,85.561265152,0.015219206014365133,-0.026657634176622813,0.36624653159674386,195.04014823300002,-0.005220299618007573,-0.03963830374955091,0,,,,,0.1848672016,8.703974750707388,0.0772879464285714,0.0772879464285714,0.0,0.0,0.5304337486700629,78.48442989756137,0.009887005649717562,0.009887005649717562,0.0,1.9362464888417503,0.4790155545533661,85.88571852563163,-0.2037250384024577,-0.2037250384024577,2.163715340190447e-05,1.9475737009262977,0.48669884769211996,0.8511904761904762,0.8785157522035224,0.4868421052631579,0.8511904761904762
ZIL,1789889461,1,-5.949506037321628,8.555322356628901,5.895202388687236,0.5265076551696761,23.54217521019799,2.7695247407857515,0.48516005232582204,14.822283841693974,3.9490294886801998,0.06983212792715154,71.614021154,0.17774358655951772,-0.10198363431435908,0.024640672312936533,124.525137919,0.03444587476983064,-0.11553494053754376,0.029365008031684424,286.625231158,-0.18541112228308848,-0.09418762435638484,1,-7.754677230034924,32.10455417558747,8.869933480001816,4.844961240310086,0.5679942356800001,31.83110696288791,-0.03431885574742721,-0.03431885574742721,0.24065465353949378,0.0,0.5342889802217694,31.92444856020529,0.0536278335191378,0.0536278335191378,0.24510048034788887,0.009526945275283782,0.522601331606979,80.33977140066226,0.003291089497986066,0.003291089497986066,0.2596153917362586,0.014560376638503986,0.5183790443957654,0.9188034188034188,0.9516715155840778,0.5324675324675325,0.9188034188034188
ONE,1789889779,1,-0.46389035318924465,87.5462122364675,0.5372992519190458,0.4552805965131202,-4.673366834170856,0.694376851445822,0.49264880851376125,-10.539966988917705,10.131677201460999,0.1668787955044766,50.66473309129999,0.23664315856008644,0.04076780085795462,0.024138375394080324,127.77445177620001,0.10294373366507625,0.01884161982809318,0.18942448543545667,382.16059937399996,0.08860403933083194,0.02457271804296224,0,,,,,2.47541837928,-6.408732368350634,-0.056528594105281216,-0.056528594105281216,0.03339339591719572,0.18748306625039596,0.5001316009149096,-11.614696891847409,0.07167832167832167,0.07167832167832167,1.0616060868726185,1.3659166912154301,0.49221779874055505,34.00795128925176,-0.1076549458605911,-0.1076549458605911,12.62694450789826,3.9153166135976694,0.5043639748354359,1.0716783216783217,1.2430080917403623,0.8170731707317073,1.0716783216783217
LSK,1789920379,1,-1.8274231678487074,13.27023242184,2.595634586031164,0.61572081276327,10.013003901170347,1.3361683136308964,0.5705771872431202,11.023622047244096,2.95521067943,-0.5520087471311009,222.56805434999998,-0.3422480888975475,0.760057327273169,-0.4190521729627142,286.40756187,-0.3635050423439559,0.2110518008899358,-0.267298592298149,586.0218168399999,-0.46791630891121977,0.035938285978784235,1,-30.996771353013898,5.681787394350681,0.8161073814016863,3.430079155672816,10.4797615392,4.63094336335983,-0.014374399878311905,-0.014374399878311905,0.011212974604474672,0.0,0.48688451858860854,0.4081486592249828,-0.02718845124988467,-0.02718845124988467,0.021362693145505502,0.008331978707090465,0.4853705206332801,-8.85329163879096,0.041372331137391916,0.041372331137391916,0.027955425216895185,0.18136358378867187,0.4683732455995683,2.4402730375426622,0.825596845779631,0.6829268292682927,2.4402730375426622
AVA,1789928795,1,-0.4377238360525504,5.57706722264,1.6943506615161281,0.41398967427967975,4.187396351575456,0.9298165670209161,0.4540519986154198,8.039552880481526,0.8642749165000001,-0.24593006929049832,74.7775417,-0.0653791437452082,0.48334109486517884,0.05824446077435849,124.11267893,-0.09443573844414532,0.1084032850465606,0.10553042118076934,208.81073258,-0.1509143808535771,0.022434889909773048,0,,,,,0.26361821360000004,0.3289108603867552,0.007688229056203699,0.007688229056203699,0.0,0.0,0.40127219437600886,-2.27769585042914,0.1973438367924054,0.1973438367924052,0.0,0.0,0.39087555967573323,1.37989525065354,0.16557997263140956,0.16557997263140956,0.17808060133216835,0.11659004732744307,0.4589407686541476,1.4715447154471546,0.9900020586281768,0.9516129032258065,1.4715447154471544
ARKM,1789994846,1,-0.30188679245284344,2.09470859804,3.040037262671511,0.5010509623061258,5.493630573248431,2.6005114679230337,0.5152176953652984,9.413707679603633,0.90788562186,0.05634066337461193,72.8167644,0.04502348644418715,-0.002367769610925996,-0.0074852687982839335,143.248042,-0.05702444343339489,0.03364515048960515,0.019694876558665426,293.45431890000003,-0.059860349007268616,0.18535734502543888,1,2.947832864193334,1.1646407903116534,12.955493496403005,10.843373493975905,0.2762115552,13.029296661264645,-0.009053497942386857,-0.009053497942386857,0.0,0.0,0.3759729402494571,21.87300183739913,-0.10081300813008132,-0.10081300813008132,0.0,0.0,0.48082672132728455,44.0968568825868,0.038410596026489996,0.038410596026489996,0.0,0.0,0.5266394048902132,1.8666666666666667,0.9875470056012,1.1403508771929824,1.8666666666666667
ONE,1790031130,1,-0.508125429159989,52.871437009519305,0.6126735400480334,0.4803708940620107,0.3214695752008945,0.5449184775525197,0.5041424366758386,7.293713163064819,4.801770493540199,-0.05881325361462485,54.5195502354,0.1574551376885323,0.031730039648365516,-0.015357141488500186,129.7885717516,0.15126080801911984,0.06512016649593377,0.058452872128321266,426.4649609267,0.08866262821317653,0.035342611967014825,0,,,,,1.7524302126800002,3.860100137243161,0.15948114968271754,0.15948114968271732,0.10345197126152529,0.0009652196063278385,0.4950586452938607,2.0382237428060668,0.05249637330754364,0.05249637330754342,0.10468736653395051,0.02992674493998613,0.471167393789969,-6.306842553154146,0.06816357067260315,0.06816357067260315,5.292617126713299,4.5989577734309846,0.4909510934896812,1.396276595744681,0.8294557025560847,0.7380952380952381,1.3962765957446808
KERNEL,1790039476,1,-2.4187725631768964,5.302604040860001,1.7587485091131703,0.4801651890701983,11.022044088176353,0.72231322033972,0.49066546759995894,16.87763713080168,0.6383568334899999,0.012170324758252485,31.505177919999998,0.0773864037217457,0.004728638203977509,-0.11743322569814188,76.15280308,-0.17647906818499498,-0.020848731171960178,-0.024568627968569436,154.28492340999998,-0.18496297045233143,-0.14351686745961723,1,9.531042224285514,35.07635229889518,3.7142517288597157,24.531250000000004,0.1514835268,7.286751313139983,-0.06258503401360549,-0.06258503401360549,0.0,0.0,0.4682931940830263,6.2157134064089625,0.014424410540915478,0.014424410540915478,0.0,0.0,0.45042241912219244,23.05866682101445,0.08031358885017403,0.08031358885017426,0.0,0.11906984462946898,0.5108364095510222,0.7571428571428571,0.9266722453166334,0.7323943661971831,0.7571428571428571
MET,1790121016,1,-0.08971291866027853,3.2805035616500002,4.337796238661188,0.5385336886672221,4.59806068188926,1.727494383749315,0.5293703403856376,7.766677408959066,0.94450857977,-0.14442526803028352,58.5968505,-0.03883185757446214,-0.03774326799609973,-0.10743803286971465,111.40272719999999,-0.11133660588035195,-0.17909257821681035,-0.08940011319708083,259.3031612,-0.07035684520199345,0.1497430905679349,0,,,,,0.237969915,5.156404580262697,-0.13126327627139833,-0.13126327627139822,0.5531713956362929,0.0,0.6340858927836595,17.82111487188205,-0.13598233995584996,-0.13598233995584985,0.5531713956362929,0.0,0.43649009385620596,23.275468462902804,-0.19925136769363672,-0.1992513676936366,0.5531713956362929,0.2049011951783905,0.4408500390660888,0.6821192052980132,1.0190448063683188,0.7083333333333333,0.6821192052980133
KERNEL,1790128270,1,-1.763668430335097,8.07634171699,0.6273705673920377,0.4206139265337256,-6.12582781456954,0.9245904884276018,0.48005790847303514,-8.98876404494382,1.24455145547,-0.16515315819907508,138.02768208,-0.11602431879146378,0.06807285511946604,0.036377849305087244,230.29634346999998,-0.04495892900572466,0.010269826144751804,0.04691815106885956,469.02951048,-0.0667841156296134,-0.039001998972063245,1,2.590407796870986,54.64593588211188,0.6044953262810808,-9.64705882352942,0.4099884336,-6.757470386492481,-0.02690792916356821,-0.026907929163568323,0.005693209390090463,0.6444453510066045,0.5144820856222292,-2.069512591979994,0.0038161606105857615,0.0038161606105857615,0.6393801593333535,0.7004945419513903,0.45180263464881804,58.622658888967315,0.8179541755352449,0.8179541755352449,7.214189444392169,3.94880225225944,0.49379752608957406,1.6462585034013606,0.9562049318846144,0.927536231884058,1.6462585034013606
COTI,1790156496,1,-0.5768098881695161,6.8996811424599995,3.36776376818412,0.5396092176324662,5.7907845579078465,1.5329925438567207,0.5339518247961516,8.770806658130613,1.76285995773,0.38248511747265945,59.033556663000006,0.3947365305150136,0.06777074121532878,0.3011843931840821,156.74301118199998,0.12431886885341653,0.19966263612040525,0.3741726451150353,331.904284168,-0.056687702422247355,0.07864093563208274,0,,,,,0.7891492928,6.016100325875451,0.03161814731263646,0.03161814731263646,5.593998550434993e-05,0.0,0.5136635989661412,15.211192652574578,-0.10017307026652822,-0.10017307026652822,5.593998550434993e-05,0.0,0.49178959805209144,55.515940023590346,0.22280021160289176,0.22280021160289176,0.035240543524187255,0.011766385758332392,0.5175024325882333,1.2523364485981308,0.954068233149245,0.4022988505747126,1.2523364485981308
ACE,1790169723,1,0.020470829068575114,3.58822683646,4.878460537302527,0.6082751592782176,7.2447859495060385,1.9076570755189788,0.5596714953493004,8.55555555555556,1.14085105219,0.13637110664429716,57.7909065062,0.20559931297410938,0.18201014684368055,0.152381127278821,91.2298217016,0.12247516178007536,0.1263007299550789,0.14279776827941634,184.050633274,0.08515373773999549,0.20202977756749285,0,,,,,1.22992227688,13.620435872113013,-0.0003172085646312439,-0.0003172085646312439,0.00019776046387013388,0.0,0.49822808750847264,11.76280726697545,-0.0012295469592358277,-0.0012295469592358277,0.00019776046387013388,0.004616808807142224,0.48796206189559943,12.676064105826,0.07262459780681585,0.07262459780681585,0.0006887183165336278,0.00870975036501853,0.4756333911540996,1.7010309278350515,0.9138264878677081,0.6075949367088608,1.7010309278350515
XAI,1790284568,1,-1.1785714285714288,11.322626318090002,2.0814251749372863,0.5029211378659815,4.089219330855021,4.433553733916044,0.5110574467846539,20.171673819742473,8.366578698384,-0.20737047472048228,108.138235586,-0.0034719929143651185,0.047024587592727096,-0.2176282997252225,254.210385565,-0.23334235444838544,0.08340637134844697,-0.06327278463110086,460.256384581,-0.09162986835943915,0.013301306552303993,0,,,,,0.260225081172,13.609682431435498,0.04499274310595047,0.04499274310595047,0.8684858322731023,0.03590660615002004,0.585110690674472,134.02962997364315,-0.4074844074844075,-0.4074844074844075,4.482378441949763,8.606733706500957,0.45945524581313785,253.72478518644877,-0.287860576923077,-0.287860576923077,4.482378441949762,8.606733706500957,0.46640463162367024,1.1538461538461537,1.0593986660529633,0.5569620253164557,1.1538461538461537
MOVR,1790349023,1,-0.1621621621621605,4.581336000086999,6.21446367315284,0.5527767342764445,11.782477341389729,2.20651434520717,0.5339736712321462,9.144542772861385,1.684797267401,0.1289927610464414,31.9624718,0.09573673246208965,-0.12241751901372822,0.025367927632810885,81.33023691199999,-0.18191429956188476,0.15440539492749483,-0.004110568782052166,170.768296214,-0.3663307312579393,0.21919477483853322,0,,,,,1.02848050684,8.705679996267612,-0.0062678062678062085,-0.0062678062678062085,0.0,0.0,0.4879015668835371,4.248336076208625,0.02276732555370331,0.02276732555370331,0.0,0.0,0.493749870187926,13.609483580902747,1.0061349693251533,1.0061349693251533,0.0,0.0,0.5175794549583456,1.676923076923077,1.0034906031701631,0.173469387755102,1.676923076923077
RARE,1790385399,1,-0.7338225483655703,10.701523640381001,0.3511404429586641,0.560122790684599,-2.345276872964175,0.8674489358507366,0.48195502677318597,-7.1251548946716365,1.5471708823049999,0.202527377107447,48.27324985,0.2322020989490924,0.08368957161724722,0.24225395906128783,97.295193,0.13734583403313896,-0.013027029870118167,0.24406708758211923,196.90976061,0.04303730949178364,-0.07902797135360018,0,,,,,0.13729776000000002,10.888438970081227,0.14939043257627338,0.14939043257627338,0.0,0.0,0.47901679309556716,10.374909973241643,-0.05031446540880491,-0.05031446540880491,0.0,0.2602248572737093,0.4758113286644556,151.00389117589526,0.1317500451508038,0.1317500451508038,0.09821726151978005,1.5328279936977849,0.5018025842632969,1.336283185840708,0.7409530856430149,0.4534883720930233,1.336283185840708
RESOLV,1790408202,1,-0.04782400765185324,1.5081758096979998,7.778603158800922,0.6205287450375425,6.0882800608828225,2.4626191355248634,0.599173247184469,9.019812304483853,0.6190104347829999,-0.011787937640589937,22.604897219999998,-0.2782855989364231,0.1790109880290498,0.07412486401874116,37.060293640000005,-0.1720785419989952,0.13674106714424528,0.1259207564329518,82.25083929,-0.48042947325409374,-0.22953986415704786,0,,,,,0.6676766256000001,-6.833509917432101,0.11428571428571432,0.11428571428571432,0.0,0.0,0.4381831258490756,-4.503562823765172,0.1813104189044039,0.1813104189044039,0.0,0.0,0.4502213337872201,1.393954511992912,0.21714285714285708,0.21714285714285708,0.0,0.0,0.4940418695420765,1.1142857142857143,1.0189922126188014,0.5657894736842105,1.1142857142857143
RARE,1790473536,1,-0.8395061728395103,26.061424370444,0.9069544742816877,0.47665543968644214,-10.437859354268031,0.5395471482586676,0.4972836289103013,-6.509695290858719,2.3435611997720005,-0.05089086056294879,110.79050299,-0.23736357454942614,-0.01539085319531619,0.06514297608542,186.62172737,-0.12155974004952305,0.0859396202926892,0.12453103548892631,435.58744232,0.06294751209058516,-0.0366988154354525,0,,,,,0.7308357168,-7.061582795680588,0.03848996775541247,0.03848996775541247,0.0,0.821633489163922,0.5033003850990518,5.163128082506141,0.042960288808664204,0.042960288808664204,0.10421580151212444,0.8487793299376416,0.5036807673312478,393.0447926870637,-0.1579061371841155,-0.1579061371841155,1.7785225737068133,1.6901660272003824,0.5068606879263781,1.1588447653429603,0.9644493742637797,0.6395348837209301,1.1588447653429603
