sym,ep,rule,ch_bor,ch_rep,ch_br,ch_chng,ch_ncoins,ch_pos,ch_run_h,ch_run_posts,ch_bor_vs_start,ch_posts_7d_before,ch_bor_vs_7d,ch_1m,ch_5m,ch_15m,ch_30m,ch_1h,ch_2h,ch_4h,ch_6h,ch_12h,ch_24h,ch_48h,ch_72h,ch_7d,ch_4h_before_24h,r2_4h,eff_4h,max15_4h,max1h_4h,impulse_share,n_dir15_4h,min_since_ext4h,from_ext4h,range_4h,from_high24,from_low24,pos24,vs_vwap24,vol15_24h,rsi15,rsi1h,bb_pct15,upwick_last15,lowwick_last15,body_last15,qv24_musd,vrel_15m,tbuy_15m,vrel_1h,tbuy_1h,vrel_4h,tbuy_4h,tbuy_24h,vrel_24h_vs_7d,avg_trade_rel_1h,vol_dir_share_4h,oi_musd,oi_to_qv24,oi_ch_15m,lsr_ch_15m,toppos_ch_15m,oi_ch_1h,lsr_ch_1h,toppos_ch_1h,oi_ch_4h,lsr_ch_4h,toppos_ch_4h,oi_ch_24h,lsr_ch_24h,toppos_ch_24h,lsr,top_acc,top_pos,top_vs_all,taker_ratio_1h,taker_ratio_15m,oi_ch_per_price_4h,prem_1h,prem_4h,prem_24h,fund_h,fund_24h_sum,fund_prev3d_sum,fund_interval_h,min_to_funding,btc_1h,btc_4h,btc_24h,hour,weekday,listing_days,price_usd,y_kind,y_stop,y_pnl,y_hours,y_up20_48h,y_maxup48,y_pnl_notp25
PIXEL,1773446525,2,1300000.0,12700.0,102.8,0.0,19,3,54.59027777777778,656,0.3333333333333333,65,0.22807017543859648,-0.8997632202052186,-1.652698362967031,-1.6141670584547962,-2.477669902912616,-1.9904769338849437,-5.029876711292647,-12.793443533824146,-12.878157091312792,-15.731543624161082,17.675726335520146,-9.427973743057061,31.270256142185037,135.0870623478749,34.93908153701965,0.8976117394518917,0.16662496711269123,3.5218217245319927,7.330383480825942,0.5989480094813061,0.8,93,1.3397901533494627,16.21468926553673,-25.083532219570415,20.383509108341325,0.3358609794628751,-11.668152655567532,2.6312110336786136,28.665874566066222,41.550584023933474,0.12709728005374335,0.18238993710692475,0.5911949685534569,0.2824193927982943,828.806412318594,0.2963919894359544,0.5317497824228735,0.330097102089863,0.5172656737982244,0.5063063082151732,0.48888253191866443,0.5047720733218104,2.3360685474965237,0.8763736570238321,0.5688601188908214,14.225276276,0.017163569278143796,0.6568756791311747,-0.00496434678468205,0.003921549307570826,-0.23425296960635222,0.025440638337593358,0.01716802038159604,-16.77709939559432,0.026040639013771738,0.08257390543037446,13.130411276330879,-0.21210465959947566,0.04909365170072233,0.72136649,0.7519308,1.018885,1.4124373867158704,1.142343727272727,1.3427315,1.311382611822839,-0.18100590909090908,-0.16972045238095237,-0.46687425,-0.013038749999999998,-1.1777989999999998,-9.741785,4.0,237.0,0.1549745852981843,-0.3548940237251941,0.5893862239128467,0,5,999.0,0.012556,тейк,0,0.5623168999999995,16.65,0,10.014335775724748,0.7427130074546037
DEGO,1773451870,1,90900.0,28400.0,3.2,0.04,26,19,6.095,74,1.0,573,0.1902867908729328,0.04399472063352228,0.17621145374449032,3.6368608148755754,1.4092044238316115,2.3494463948150246,7.568590350047311,8.897615170960638,7.599129365004265,15.52529973582606,28.736413043478272,28.286133363420962,74.38650306748467,325.0467289719626,18.217844202898558,0.6982700189303657,0.1056100772841091,3.690045055557387,8.33014902560183,0.9329409391548494,0.6666666666666666,41,-0.9926854754440995,12.049956093277414,-3.6113936927772095,37.50151167009312,0.8792174652679332,13.335457369012428,1.8928274884937293,65.819865064164,68.54139152931418,1.057217689114684,0.21999999999999875,0.14399999999999796,2.8882833787466033,167.62474154222,2.3391454268865273,0.5474202699329425,1.4211769515926616,0.5271552352098068,0.9945247659441203,0.5361874788816069,0.5254251131654485,0.7625912984264822,1.3188413863087394,0.6311878017695811,12.23649272450666,0.07299932344071432,4.104674476574699,-0.013035188825040733,0.0044148753642785366,5.940013003723998,0.008698145258691614,-0.00255958049836158,14.641860708206632,0.0029922243442597196,0.013244810705382415,29.080526338475043,-0.03152669026910815,-0.09385847473192122,0.55549603,0.50406276,0.784444,1.4121505062781456,1.0961745454545455,1.354004,1.6455938391214793,-0.121945,-0.09450557142857141,-0.10786881651376147,-0.00088425,-0.071144,-2.125267,4.0,148.0,-0.17242157781264256,-0.524998594004833,-1.0371775343009926,1,5,999.0,1.137,тейк,0,0.5930000000000016,1.2166666666666666,0,4.091019349164471,2.3203267183817062
TURBO,1773454024,1,1800000.0,81400.0,22.3,0.0,21,1,23.018055555555556,277,1.3846153846153846,7,13.090909090909092,0.016119932296287942,1.182322243966083,2.316952506596315,4.452861952861964,5.79759570295848,10.038130708521775,8.8222397614663,11.012703524780832,8.356618931191061,4.382570659488572,34.006479481641485,38.26183844011144,33.559358518996895,-4.079744279946174,0.693479068497975,0.21565215190154324,2.0939242618130294,6.471547506651798,0.7303878220626113,0.7333333333333333,1,-0.28126004500160784,10.909090909090914,-0.28126004500160784,12.329139132796252,0.9749463135289905,6.610605925621815,0.8463902307077618,86.42017762068893,72.04411185191395,1.397814669659162,0.16199376947040908,0.20872274143301864,1.684175421043843,132.4825342203468,1.8522915133768132,0.5366122119385746,1.1286798380630783,0.5123658418289713,0.5892492306806286,0.5119808484788732,0.4963422885907834,3.547067549857556,0.6895841118831436,0.5780474523570962,6.5485573536553,0.0494295900376094,-0.21014428014026754,-0.006053612180257573,0.025669668603877316,4.592508471649981,0.021395425906043375,0.03457191645962965,3.5918845697597623,0.10127056120266675,0.03423499350461112,-27.09298557363493,0.17562905710825594,0.32083735151761683,1.31778249,1.27801621,1.155981,0.8772168463097426,1.0540546363636365,1.196265,0.4071397589360883,-0.20721581818181817,-0.16180517073170736,-0.24776811827956985,-0.0076145,-0.587337,-2.3013689999999998,4.0,112.0,0.2695467422096254,-0.3838841818046279,-1.1721362168591432,2,5,999.0,0.0012409,тейк,0,0.5930000000000005,0.21666666666666667,0,0.10637440567329293,1.1534614631799498
SAHARA,1773471413,1,553400.0,12200.0,45.2,0.0,29,10,4.023611111111111,49,1.0,0,,-0.03933910306845867,-0.6645817044566016,-0.3138485680659109,2.957860615883301,1.5181781861765886,3.6296900489396267,8.822269807280513,17.15076071922543,15.081521739130444,13.844086021505376,12.383900928792556,4.353182751540041,9.337349397590344,4.614695340501784,0.7740939377423047,0.09543657358277896,3.2928259868965526,8.586296617519507,0.9681360533956784,0.4,24,-1.8160741885625997,13.013100436681224,-1.8160741885625997,17.53006475485661,0.889671361502347,6.498470007076906,1.014234280194494,68.3375691779463,81.18798158340611,0.8254106354958105,0.24742268041237214,0.020618556701030116,2.8479743281187186,68.11256344216,2.879705081657691,0.47591244723010884,3.471355932678458,0.4747012278193493,3.605261131395067,0.4953814891528209,0.49459187589756765,1.4266098532889615,1.1067743938212855,0.5214203365183602,11.85727013475,0.17408345150331903,-0.4975503125527303,0.004319610206179769,-0.015951012377792728,3.9591697752206834,0.02268040552648065,-0.019116043496054447,22.653568018098902,0.1541001319116082,-0.160774367750657,43.56047194816253,0.13016482100168236,-0.09736370351600987,0.58224871,0.59300738,1.428477,2.453379415816997,0.8638128181818182,0.780178,2.5677709379738323,-2.591241909090909,-2.066346468085106,-0.6380382229965156,-0.261896,-1.475118,-4.586545999999999,1.0,3.0,-0.7630833924024194,-0.43954956419699487,-1.1363189667274898,6,5,999.0,0.02541,тейк,0,0.5364484000000005,1.7333333333333334,0,1.4628492719401809,0.0431879404958675
MBOX,1773484314,1,574400.0,63600.0,9.0,-0.02,30,9,4.008055555555556,49,6.512471655328798,0,,1.0089686098654793,-0.9890109890109855,-0.6067291781577389,-1.3683634373289566,-0.7709251101321479,-3.0139935414424057,7.4537865235539735,11.648079306071878,12.064676616915438,8.554216867469888,9.878048780487813,6.943620178041554,10.079413561392814,1.0240963855421725,0.13928207179161559,0.061683027510475656,8.116340710720715,16.726835138387486,1.970444905309333,0.5333333333333333,193,-9.62888665997993,21.06860959319976,-9.62888665997993,13.404657016991827,0.5259259259259261,-0.21889041994036518,1.2636557340286765,55.93424454091929,67.26062597610787,0.5608062865172575,0.34042553191488845,0.08510638297872027,-1.4851485148514976,11.5371642244,2.8314522759165173,0.49742747460091313,2.4067575418918907,0.4770977831532723,5.045893496049939,0.4840094848162927,0.48393010962625516,0.9429376407458514,1.3098710286969173,0.4868102532351585,1.5050474148003898,0.13045210985359457,-1.244142972803497,0.016365432941991553,-0.002673391983746387,-5.124852582524464,0.006708830922980358,-0.025975229873697825,24.050531942699372,0.06205453156523233,-0.1071859697713009,28.8466871716343,0.016751875625667045,-0.1505033996514823,2.14292731,2.40482343,1.271377,0.5932898395886326,1.0000644545454547,0.9159435,3.226619365432544,0.010061571428571423,-0.7251410714285714,-0.18123755555555554,-0.059879499999999995,-0.214518,0.07688600000000001,4.0,88.0,-0.30814045656311073,-0.33677704369187156,-2.605909586207278,10,5,999.0,0.01802,стоп,1,-2.038850399999998,3.2333333333333334,1,20.33179800221976,-2.5393503999999996
COS,1773486119,1,532000.0,12200.0,43.6,-0.07,28,12,4.593055555555556,56,11.7439293598234,0,,-0.4825090470446325,0.12135922330096527,2.932002495321262,3.969754253308122,7.56192959582791,3.7735849056603765,20.174799708667134,69.92790937178168,70.27863777089782,71.33956386292834,68.0244399185336,63.52824578790883,91.415313225058,42.575285565939794,0.3678963026950891,0.11912119738761417,8.487390632942038,13.862815884476554,0.6667819189505274,0.6,2,-1.4925373134328401,24.627976190476208,-1.4925373134328401,72.23382045929019,0.9651324965132496,11.832644532113434,2.4390768685767865,76.2096514169012,86.60536026504862,0.7904294260834354,0.16666666666666666,0.10256410256410235,3.564727954971847,135.147858020964,5.1903573282503475,0.5178439696431493,4.414119760288545,0.5257045557337205,5.029999222661029,0.5101580975403852,0.507822817160676,3.3875759427740926,1.0912532510679205,0.54120343644015,8.343887655455,0.06173895596747604,6.305282640755627,-0.0017573816229947692,-0.012878318292522284,20.920730887021467,-0.015207224435377698,-0.05827343020272546,128.7516363285321,-0.2911826720183487,-0.16501291814708607,482.63360214737753,-0.4018111198385548,-0.41798485626342463,0.61808871,0.62043443,1.011242,1.6360790670323035,1.0771771818181817,1.0488009999999999,6.381804934262626,-3.3987531818181815,-2.886112787234043,-0.8284471948051949,-0.3151485,-1.320797,-0.6508279999999999,4.0,58.0,0.08102198377575309,-0.08513724662460032,-2.60890457490347,11,5,999.0,0.00165,стоп,1,-2.177585,1.8833333333333333,1,23.101818181818178,-2.6780849999999994
D,1773496933,1,11800.0,2900.0,4.1,0.0,21,19,4.355,53,0.9752066115702479,41,0.8872180451127819,1.3529645841623639,4.143382854027533,4.556650246305427,7.1218281228094815,6.524466750313684,8.214133975357619,8.861661205299898,6.911991045193799,8.923734853884536,8.183491434234757,7.725926970252361,6.7626100321363625,12.566293459045387,-0.6229647458587007,0.5274343335920635,0.1861315781470557,3.00181609331025,7.574264395325914,0.896945662680107,0.5333333333333333,1,-1.1513583441138397,10.729121902306261,-1.1513583441138397,10.72308361107086,0.8926417370325698,6.714463665246417,0.6796129316641288,75.53118291219397,75.26330348401368,1.807723984181465,0.06153846153845641,0.4923076923076913,0.793433652530795,3.1469749591569998,11.81185632221408,0.48578293023695635,5.108252000839009,0.5091961745009282,2.0650062638143143,0.5059836462394128,0.49669300173736125,1.630034047890137,1.1816830483077876,0.6171237552178733,1.3794363852959999,0.4383372614015074,1.579895541855847,-0.004978846035744722,-0.040880241390073846,5.7976288559167255,-0.043689741451038766,-0.07831903533505302,12.251176695906075,-0.08910616723178089,-0.07434909323746886,14.282035519856628,-0.1318796893612728,-0.13265901392547985,2.61924686,3.3611898,1.567077,0.5982929764779789,1.0290579090909089,0.7930275,1.3824921097839995,-0.03139,-0.04144810000000001,-0.051909531914893614,0.00125,0.030000000000000002,0.09000000000000001,4.0,117.0,0.11310074165811201,0.4805980018361078,-3.451369422235806,14,5,999.0,0.007641,тейк,0,0.5930000000000005,0.5,0,5.203769140164893,0.7772974804737607
DENT,1773497845,1,2100000.0,11900.0,177.4,0.0,21,2,8.100833333333334,98,21.450459652706844,476,2.454991816693944,-2.4193548387096864,2.5423728813559476,4.31034482758621,4.31034482758621,4.31034482758621,5.217391304347818,7.55555555555556,7.079646017699126,7.55555555555556,7.079646017699126,2.1097046413502074,7.079646017699126,9.009009009009006,-0.4424778761061954,0.6673881957212909,0.10957034192578738,2.178735418490696,5.652173913043468,0.7480818414322232,0.4666666666666667,2,-2.8112449799196693,11.659192825112097,-5.836575875486383,12.037037037037045,0.6341463414634145,4.298741296467656,1.3702701720306243,70.3630298809583,64.89619721762962,1.5036738494961766,0.11111111111111077,0.22222222222222154,2.586206896551735,23.003417513949,5.217836720860472,0.5474927302385648,2.409552498072652,0.5278888519862521,1.3286759155140448,0.5268278995687287,0.49804140269448305,0.49744225470937214,1.302471899163109,0.40898791341593177,3.5802858630362,0.15564147635303133,3.5760157387793035,-0.007971309192865816,0.006817084212834779,1.6282993076744967,-0.015492133441382228,-0.015216297078691654,5.46137329700449,0.008953788890099457,-0.017631673096548228,4.728924259891265,-0.011912755460731672,0.10556665556314737,0.5482566,0.63276043,1.749096,3.1902871757494577,1.2115654545454546,1.535342,0.7228288187211821,-0.7962467500000001,-0.5147780000000001,-0.3352058875739645,-0.031877,-0.306607,-0.8508289999999998,8.0,102.0,-0.025876367523591792,0.2730105332427568,-3.764611724224276,14,5,999.0,0.000242,тейк,0,0.5285889000000005,21.7,0,2.3677685950413085,0.9456735512396703
C,1773510089,1,1300000.0,81400.0,16.1,0.01,21,5,9.48611111111111,115,1.0833333333333333,0,,-0.04612546125462025,0.7906976744185945,3.833253473885967,5.058177117000651,5.5871365924963445,8.639705882352944,9.334006054490418,10.111788617886175,19.43781003123277,22.452439254096813,25.671757200850575,28.988095238095223,33.51817621688231,11.99849312488228,0.5767168227362741,0.1267129030008233,1.4691416160963477,5.98304532116074,0.6726700671813486,0.6,4,-0.7480916030534468,10.51121984140375,-0.7480916030534468,23.710751665080878,0.9621621621621619,7.727879152422967,1.8153478456866392,74.87465042136455,75.32624675802755,1.7500528310789354,0.3137254901960799,0.11111111111110909,1.4283395552669997,24.89628095474,7.1193732747595035,0.498625150282087,2.8665547669830795,0.5113345491248442,1.3550838728206474,0.49972253374637293,0.4873340530192738,14.745373533960597,1.091970945451972,0.5500159061889806,2.84937113736,0.11444966991415273,12.712818838809369,-0.07308907698724654,-0.04909201811695141,18.798594351187358,-0.11288390580376784,-0.06936449547497381,25.15341256533874,-0.3335285516576926,-0.06674512570902524,107.70336109589253,-0.4685081443776029,-0.44075074959014915,1.1485539,1.18650794,1.693027,1.4740509783650555,1.1194034545454545,1.0365505,2.6948142542973708,-0.14987999999999999,-0.151947625,-0.18384410344827587,0.00125,0.015229000000000003,0.09000000000000001,4.0,138.0,0.10874613441476111,-0.2404388856278472,-1.2886921798863527,17,5,999.0,0.06501,стоп,1,-2.021999999999998,0.2833333333333333,1,23.72150438394094,-2.5224999999999973
LA,1773512795,2,1800000.0,6500.0,280.1,-0.14,21,4,4.014444444444444,49,1.0,0,,0.0,0.04278990158324003,-0.21340162185232714,-0.8061094611794606,-2.011735121542335,-3.6273701566364447,-10.66106228505922,-8.70753611870363,-4.45443400081732,-2.4207011686143587,0.9499136442141731,-3.0679933665008208,1.962494548626248,9.2237061769616,0.6255735290920578,0.25930177764710927,3.1306904625044263,9.36186473060756,0.8483786383460927,0.7333333333333333,24,0.12847965738758127,12.933618843683071,-15.07446422084997,0.12847965738758127,0.007177033492822844,-6.781199015450323,0.8928442539936122,32.97820237891979,40.11115993565183,0.16343067014261875,0.1851851851851867,0.29629629629629667,-0.5939753924480207,34.22716306352,0.5750806273237101,0.4767568914156179,0.7550367783353844,0.41845374440502325,1.908999223164957,0.4486716890159018,0.4901508646926307,1.5873521372894497,1.0296704255818512,0.5922530806779506,5.85276231552,0.1709975876369956,-0.23756883947951835,-0.03387029252188534,0.0022442062203105184,-4.002501512151369,-0.06514890848757682,0.00028006245738576574,-13.275135970557983,-0.06264250081106182,0.07238248734501918,13.402445418765918,0.4298181511942163,-0.11667981611935618,0.75280479,0.83622829,1.446511,1.9214954782633624,0.8442027272727274,0.7860285,1.2451982378118376,0.04376433333333333,-0.5962068857142857,-0.31895359999999995,-0.15224975,-0.655843,-0.6247670000000001,4.0,93.0,-0.15992731091426515,-0.22417846019806564,-0.8933689238550091,18,5,999.0,0.2338,время,0,-0.07189190000000001,48.0,0,5.0042771599657865,-0.07189190000000001
PIXEL,1773533177,1,508300.0,9300.0,54.8,0.08,29,13,78.66027777777778,945,0.13033333333333333,65,0.08917543859649123,-0.4070998208760779,0.7744274180260469,1.0324605600066095,-3.479839027854492,5.8772613174067345,5.067857756399241,8.545567486023597,8.238209008052388,0.31162866983762694,-4.497189256714551,12.395479187723968,-11.765130202697826,144.10297345839155,-12.0159275452842,0.6307024363508702,0.10537505587110069,5.910139227591316,12.933005099349405,1.4416383539245017,0.6,32,-7.030478072508939,22.163416898792953,-11.835087213492857,13.574744661095629,0.4710051546391753,-0.8760825943535777,1.588965444588452,60.119636897481584,50.85922220556115,0.9528562303925027,0.2478070175438603,0.23903508771929774,-1.8998132662174205,250.378475003659,1.870148933746949,0.5395690117417693,2.228868646636068,0.5283223510522281,1.0946656452319339,0.521858429370535,0.507903602421097,0.527235064927222,1.059690578954406,0.5421576272907934,11.761421527539198,0.04697457130596917,0.46252673812037237,-0.028370208600363322,-0.0156737970437808,2.75731953695435,0.057186985078948815,-0.01682321199267056,2.599154898886069,0.07532603230940693,0.032016235290554196,-17.319147366290764,0.4474268723092252,0.0,1.04879661,1.0382372,1.022145,0.9745883904029783,1.099107,1.143799,0.30415240452281556,-0.726241090909091,-0.401548170212766,-0.2523566353383459,-0.0541095,-0.6124080000000001,-7.148409,4.0,233.0,0.7016277934591031,0.7221488705014156,0.39339591370397553,0,6,999.0,0.012232,тейк,0,0.5576077000000005,11.583333333333334,0,12.480542838456499,1.382923415761936
COS,1773576077,2,536800.0,2800.0,189.0,-0.06,19,14,29.58138888888889,356,11.849889624724062,0,,0.5010020040080221,-0.4466501240694698,-0.19900497512438386,0.6522829904666239,-1.4250614250614246,-2.2417153996101336,-1.4250614250614246,-3.8811691423095263,-8.359981726815901,15.95375722543353,108.09128630705396,105.11247443762781,56.59640905542545,17.6300578034682,0.7079563386081181,0.02267877276415133,3.4625227982743034,3.5832154644035885,1.8788911858218806,0.5333333333333333,34,2.503832396525296,12.263668880940216,-15.430016863406404,17.447306791569073,0.44879518072289143,-4.662686829936757,2.4978521645341165,43.54928949927213,54.19092924715634,0.30525363899852154,0.807692307692307,0.019230769230763455,-0.44910179640720305,664.190190051988,0.36805685258858983,0.5516590952323306,0.452184085640271,0.5107721498527914,0.5507216488904256,0.5104684936865413,0.5115000976456896,10.413541286233928,1.1469968647699773,0.4775990609353354,12.873566236403459,0.019382349256612492,-1.9639988061028513,0.008131371724803715,-0.0016554615611272805,-2.3506492802282564,0.01341993735421898,0.0016123627263260332,-6.957417301562019,0.07799141399118747,-0.024308051465011915,31.056484721715183,-0.28093328946244756,-0.10757844450074194,0.4320323,0.47975352,0.887706,2.0547213715270827,1.1606903636363637,1.1755085,4.882187658165074,-1.3468669090909091,-1.7096297872340425,-3.959730031468532,-0.166546,-9.146253999999999,-3.431227,1.0,58.0,0.08279830388928655,0.5309377660289494,1.5486882115833378,12,6,999.0,0.002006,тейк,0,0.5871956000000005,1.1333333333333333,0,0.17846460618144988,2.2768267289132593
NEO,1773580598,1,13400000.0,179400.0,74.6,0.06,25,1,4.013333333333334,47,45.45454545454545,10,122.040072859745,0.17193947730398396,0.17193947730398396,-0.20554984583762703,-1.3211382113821224,-1.3211382113821224,-7.110969387755106,9.883062995096182,11.823416506717855,14.414768263943433,14.056382145653878,9.101123595505612,13.922565506452877,17.839805825242717,3.797963978073615,0.48612346341637863,0.10973013654507592,6.379546075626652,15.659543109801021,1.5911535757544968,0.4666666666666667,116,-9.082397003745324,20.905660377358505,-9.082397003745324,15.001973943939984,0.5663189269746643,-2.46470837117736,1.0591471374573924,59.64848276603459,74.97510650355957,0.5860626888506055,0.2173913043478223,0.5434782608695654,-0.3758114110010258,80.99920407729,3.9823545691619864,0.5318426185861843,4.276501291339471,0.5112966867794706,5.772894242029008,0.49864042718937807,0.49980626554601665,23.56537903294602,1.257565058962955,0.507623875501294,8.92254051191278,0.11015590354935871,-0.32108796784556803,0.060861973703824956,-0.019672595309519036,-2.119048651905975,0.09420609440659633,0.04006914939567885,101.60091245964855,-0.007907784788842243,0.15768637773705674,116.9549754731825,-0.11271607051619914,0.1625019201650244,1.28929455,1.35725511,1.059481,0.8217524847211989,1.077820909090909,0.9753025,10.280306066050708,-1.6017154545454548,-1.1402197234042548,-0.26754470119521906,0.00125,-0.014433000000000001,0.050348000000000004,8.0,163.0,-0.35746625906398766,-0.5083602907781981,0.9813223530809045,13,6,999.0,2.913,время,0,0.2719195763817369,48.0,0,3.578784757981479,0.2719195763817369
LISTA,1773593181,2,2500000.0,264900.0,9.5,-0.3,21,9,4.505277777777778,55,1.7857142857142858,49,26.824034334763947,-0.07893549842129532,0.05645889792229575,0.1469258589511746,0.3965556310899565,-0.3934352517985684,0.487638920390121,-15.937766815292676,-2.465602641717124,-2.3796408505012745,-2.839912280701762,-5.5833777304208905,-0.6725703396480265,9.00479763808586,15.581140350877188,0.6971483002979386,0.2529340111115417,7.924448111659688,11.223908918406067,0.7045860631328169,0.6,134,1.7102846648301195,22.03856749311295,-26.152179348279027,1.7102846648301195,0.04533008822634595,-14.356454456020728,2.5565060583616113,41.09168922332407,43.562685721732564,0.32492728935656207,0.6571428571428674,0.34285714285713265,0.0,22.813757976269997,0.3194781189517842,0.3718330026296709,0.3479000699672395,0.4517437187043993,1.9889860033028597,0.46385398299186914,0.4788841594819196,15.623317989072117,0.541947924560127,0.6721341516075914,1.96727254864,0.08623184968852049,-0.7484662543932097,-6.313486088549425e-05,-0.005071376562239549,-0.8656889073157537,-0.058909548229065245,-0.0014103800806637423,-16.924067321839008,0.05994241861153027,0.3156896365501971,31.633370502395252,-0.06718313587215285,-0.22453641158859794,1.84323923,2.23380282,2.143911,1.1631214034002522,0.9148197272727274,0.3956325,1.0618844859494339,,-0.03792271428571429,-0.16040675,0.00125,0.030000000000000002,0.09000000000000001,4.0,193.0,-0.07179112560928846,-0.1881449135176516,1.1220202312016037,16,6,999.0,0.08861,время,0,-0.4689588082609202,48.0,0,5.507279088139039,-0.4689588082609202
THE,1773596798,2,52700000.0,542500.0,97.2,-0.05,25,0,5.665,69,10.755102040816327,0,,-0.22251891410769442,-0.4440497335701621,-1.276970497578156,-2.3093681917211284,-1.015452538631345,-3.5698924731182746,-6.270903010033435,-19.002890173410403,-19.17808219178081,-17.87545787545788,-20.270270270270263,-17.724770642201836,-12.796577207312321,-12.380952380952392,0.834566818427197,0.09761046207531195,3.520761240356296,4.813915857605178,0.6315337181842042,0.6,5,0.5381165919282616,13.49775784753362,-54.56940222897669,5.555555555555558,0.041977943792244767,-27.305148018639546,6.722610452376735,38.39047601779669,37.643515995174866,0.36820117688286363,0.3962264150943379,0.603773584905662,0.0,253.24162547695,0.4883175197646792,0.4902974938769605,0.3694681625206842,0.4959975977209163,0.9296218232434614,0.5028261166927208,0.4928095893741184,248.62434549277606,0.904378717081889,0.5514635672843554,6.72962720508,0.026573937805072764,0.30739201205198796,-0.018311650540448476,0.01745548429733601,0.37221227720332095,-0.05779492857187507,0.02582527381066191,-14.05741561257151,-0.31180124625416517,0.2694526242288886,308.5371921212837,-0.14347267247629525,-0.23679472364966758,1.52549947,1.71709531,1.748949,1.1464763078547646,1.026148181818182,1.031288,2.2416892096847403,-0.11346414285714286,0.04194408571428571,-0.70030712,-0.016337249999999998,-0.040348999999999996,0.09000000000000001,4.0,133.0,0.1229588549981786,0.10249143804448302,1.226002755285105,17,6,999.0,0.2242,тейк,0,0.5929566000000005,2.35,0,3.7180553077609257,2.2472992899197157
C,1773605449,2,4099999.9999999995,40900.0,101.4,-0.0,27,5,35.975,433,3.416666666666666,0,,-1.441152922337885,-2.1073558648111446,-3.5014371570420755,-4.462553356616228,-3.450980392156866,-4.966546577457542,-8.350912023824296,-8.577794281470485,-19.63877706451965,-2.5979163919293113,39.542792367277535,41.9838523644752,57.316293929712444,6.277198997758138,0.7202717638146009,0.1342391017166323,1.672585705369034,4.917610710607622,0.5880703609420979,0.6666666666666666,1,0.4897959183673528,11.292517006802715,-29.21219091431858,1.6515276630883369,0.03787878787878765,-13.45969500385965,2.2351504279537435,31.40510665182788,43.93854273384328,-0.297976503661637,0.010362694300514185,0.34715025906735464,-1.6008262328944034,357.59893590299,0.5893951895755563,0.4118861069606812,0.3129726220761503,0.4732481045792418,0.39924524306501513,0.49666266946600723,0.4984133132580995,21.006959456731906,0.8705646162418738,0.5219068520260226,4.82633040642352,0.013496489843394879,-4.308433105284626,0.03168798328644118,0.010733353295332648,-9.308510691148042,0.07192985403456231,0.010017156196386878,-19.173219358809245,0.13455785760406958,0.03730216996232949,12.142352740598849,-0.2481835768646844,0.007457592249714873,0.76950622,0.89039589,1.292826,1.6800721896698898,1.033971090909091,0.7470175,2.2959431621492374,-0.0870872857142857,-0.14037347222222224,-0.7006945198412698,-0.005918499999999999,-1.764744,-0.69878,4.0,229.0,0.23603020738141023,0.09909803987435684,1.2044305382789666,20,6,999.0,0.07386,тейк,0,0.5930000000000016,2.0833333333333335,0,0.029894394800988877,2.234192874113187
GAS,1773619854,1,6700000.0,347500.0,19.2,0.0,30,3,12.504444444444445,151,1.046875,0,,0.5760368663594528,3.313609467455625,6.788990825688068,7.116564417177917,7.182320441988943,8.582089552238802,8.178438661710018,7.91100123609394,8.111455108359134,14.341846758349707,12.427559562137812,12.355212355212352,16.867469879518083,5.697445972495108,0.3897123795353722,0.268297759907845,0.9256468437276677,7.503075030750317,0.9249974179131114,0.5333333333333333,1,-0.626067159931698,9.606986899563319,-1.4116318464144517,14.944042132982238,0.9007936507936511,5.45709439124038,0.7610567056993152,85.71427572481491,82.37962617314261,4.117081772800354,0.6923076923076896,0.15384615384615516,-0.12247397428046813,23.8915542288,13.908040904440131,0.5378168395922156,3.7244822617665836,0.5402784825257394,1.1673309372389373,0.5261059080623498,0.5061426552996328,14.729715716774738,1.115828751262938,0.6558814713934253,3.105118766,0.1299672150360542,24.991069855432315,-0.0692234465878322,-0.004393446310413385,27.647186566978952,-0.08657856825344934,-0.020135523468265526,21.32488896620821,-0.05124353652265645,-0.04084646147819593,64.56260739061585,-0.28794278670920026,-0.01723957566092149,1.28135048,1.33420139,1.380972,1.0777472842559048,1.6572707272727272,1.1292975,2.6074523326863734,-0.594795,-0.22864238297872339,-0.20606910699588477,-0.016389,-0.430604,0.034955000000000014,4.0,229.0,0.08705147176120143,1.7670369376020734,2.254321778617041,0,0,999.0,1.746,тейк,0,0.5930000000000005,1.4666666666666666,0,2.0653115693012536,0.6078906927835049
G,1773636375,1,2100000.0,47500.0,43.2,0.01,36,11,4.320277777777778,53,1.9090909090909092,19,15.753938484621155,0.46801872074884177,1.0082903876316385,0.2000444543231783,0.0,-1.5290519877675823,0.0,7.71804062126642,30.553142195192585,31.658878504672906,32.27699530516433,33.88773388773387,30.477568740955128,40.34869240348693,22.7992957746479,0.6092018169465867,0.07468539428748769,6.286222271689734,9.920075223319213,1.3670188906101857,0.5333333333333333,107,-5.393494228751317,15.543161978661502,-5.393494228751317,33.09713610865073,0.8134978229317851,2.1023399920281793,1.8054141296035096,66.91338810701136,81.7857554783676,0.6413169592630861,0.36363636363636764,0.5252525252525242,-0.2448252837747522,82.986367685841,3.5077835567678988,0.48328496722711506,4.637932387471929,0.4851117780416138,5.301027120034092,0.4999631581190394,0.5017882540202422,77.14053941051569,1.1607007038594472,0.5164032487760716,6.1748289329057995,0.07440775039439808,-0.8862554188711957,-0.02307412075999371,0.009691860453370893,3.955240627171186,-0.1433075807829297,-0.03641677728197712,127.96554746576221,-0.32713621715746866,-0.08144832554703207,459.5751661911922,-0.5738937155046223,-0.15691161412972898,0.79347144,0.75021962,0.999601,1.259781952580423,0.9493032727272727,0.806619,16.58005622737509,-1.2404645454545455,-2.361583042553191,-1.1612169912280699,-0.29012374999999996,-1.135495,0.03311100000000001,4.0,193.0,-0.2081437778570283,1.5330618191450762,2.867973688109604,4,0,999.0,0.004508,стоп,1,-2.126254399999998,4.35,1,21.041481810115357,-2.626754399999997
PARTI,1773664301,1,346100.0,66800.0,5.2,-0.0,27,14,20.84777777777778,251,1.4132298897509188,16,6.880715705765407,1.1771177117711806,3.1400695301110115,4.014928749151769,3.709968425800625,5.192725609058679,7.441588785046727,10.196501317996631,10.474474474474471,13.431179082387757,15.178459611772066,14.50448207171313,12.309195261936722,6.954297011280386,4.520976831559165,0.8358996441851649,0.2177872208245887,1.4978964242318593,5.180695333943275,0.514743046497384,0.7333333333333333,1,-0.34673312384874144,10.912149981973318,-0.34673312384874144,16.065118626956078,0.9754789272030651,8.727958778168944,0.7676282253540043,81.44403970132042,84.29882432980901,1.3144735503833271,0.1957446808510643,0.3319148936170218,1.251973832618991,6.3623333679,6.454871026256083,0.5332213657950562,5.567431780722866,0.5055527201514144,2.2903260033307067,0.5104101652668999,0.5054622018448981,2.406649356737672,1.1974442174531195,0.6438374932503097,16.03584605128,2.52043474052868,1.1886181081817382,-0.011716266393470454,0.0013133701076963877,3.9503816214224052,-0.0031999267550706367,-0.0010896088494604106,9.047001638163877,-0.09617865593305874,-0.015171956941760989,15.66955755042354,-0.055152353205679794,-0.04394081489381085,0.53805073,0.62286689,0.892008,1.657851110061685,1.062138909090909,1.079458,0.8872652840436642,0.07748100000000001,0.05515423076923076,0.037521903225806445,0.00125,0.030000000000000002,0.09000000000000001,4.0,208.0,0.4338996698826092,0.6960515710936921,3.026256673001315,12,0,999.0,0.09197,тейк,0,0.5980000000000005,42.483333333333334,0,3.38153745786669,0.5505286506469493
ME,1773675704,2,994900.0,620.1,1604.5,0.0,22,12,4.0775,50,1.0,0,,-0.16090104585678722,-0.2411575562700885,-0.6405124099279402,-0.6405124099279402,-0.7993605115907187,-3.1225604996096723,-9.482129832239238,1.6380016380016293,2.308326463314092,8.669001751313488,9.920283436669619,7.0750647109577125,10.311111111111115,20.05253940455343,0.8399195691306086,0.18330245270733328,3.4210861916316393,5.405405405405395,0.5781249999999991,0.5333333333333333,1,0.08064516129031585,12.096774193548399,-10.783608914450038,8.955223880597018,0.40476190476190477,-3.074741903226419,1.1797365736141885,43.97204659127366,56.40954918971879,0.276093001761732,0.29999999999999444,0.10000000000000278,-0.4792332268370614,51.79834617886999,0.8750757603996699,0.40622921937290996,0.6814233951847383,0.5288475882641089,2.953584041359013,0.49842373484145824,0.508700112882346,20.808390064354956,0.6676480161623775,0.5809831635331232,4.60582494855,0.08891837844870897,-1.5487285662479033,-0.0016350582410598058,-0.01802805110623429,-4.443969760356936,-0.023234790450019416,-0.07691432499377804,-11.800769939145194,0.0025978280115088737,-0.0452316664160517,73.30765627296655,-0.019891625096685184,-0.25635827462043226,1.59592263,1.75937228,1.168308,0.7320580446935575,1.3314419090909089,0.8077535,1.2445273528129281,-0.39577727272727276,-1.3494971063829784,-0.5364524279279278,-0.14292025,-0.818432,-0.013038000000000001,4.0,18.0,0.29763118196273197,0.38180450575562297,3.301157868804716,15,0,999.0,0.1241,тейк,0,0.4622798000000005,45.35,0,2.959677679290884,0.5200372536663984
VANRY,1773704516,1,3400000.0,60500.0,56.2,0.0,24,1,4.178888888888889,51,19.551466359977,341,2.125,0.0,-1.6946468165980444,-2.005052099778981,-1.0678992668154308,-3.7525197705070568,-1.4761904761904754,15.328874024526208,17.467827403482204,19.457274826789828,21.420187793427225,22.45018741369107,22.5227003553099,29.826396151432768,5.281690140845052,0.6395772517416614,0.11188458210537885,7.211604404318894,21.114206128133706,1.3774140288680672,0.6,82,-6.167800453514749,23.806850084222365,-6.167800453514749,21.753628874068266,0.7310481212920235,-0.1659032625427881,1.1904971920117156,68.83985491727434,81.67463196847977,0.6648948639951097,0.33121019108280225,0.484076433121017,0.45951513230866325,27.977340347378,3.1545572013859866,0.4661700014616504,3.2480963481958898,0.4653052565171502,5.687521911706759,0.4921699004868277,0.4912486045052905,12.01180369783132,0.9171847324568309,0.5397240261331508,3.077192481285,0.10998874242788381,-0.9872839008421508,0.027420469586398877,-0.007740936083625138,-1.5052177558898094,0.035363720942592325,-0.016839769297610885,119.85669519957321,-0.29237179033796723,-0.16921995066460815,125.83950274894784,-0.34428341594399414,-0.1843540580586569,1.71435059,1.7469976,1.123527,0.6553659482218278,0.8852596363636365,0.730587,7.819014952292153,-0.7553272727272727,-2.358514195121951,-1.701033298245614,0.00125,0.030000000000000002,0.09000000000000001,4.0,18.0,-0.05883693190193995,0.6594169053706356,2.9232090013692202,23,0,999.0,0.006207,тейк,0,0.5107527000000005,2.9,1,21.87852424681811,-2.8026596999999973
DEGO,1773717403,1,714000.0,145100.0,4.9,-0.06,26,11,5.414722222222222,66,1.1306413301662708,700,3.8100320170757738,0.9911477642430055,-0.6105733432613558,-1.1478930608013083,-3.3103947844983717,0.2629009239089708,7.636480928957345,17.531038126265752,23.159254474995382,34.55645161290322,53.956170703575545,43.75875067312871,21.83278568820739,96.81509879091712,30.991926182237584,0.8745530975060901,0.14651387489566553,5.967892647806744,14.806149732620334,0.823582979719107,0.6666666666666666,75,-6.6116280696844605,27.810068854511293,-6.6116280696844605,60.66441983630235,0.8421052631578947,17.59471292363408,2.1221967148762366,65.41622370582596,78.56347123787492,0.7413288167736192,0.07459207459207684,0.023310023310020776,-2.829981718464347,174.53329037907,2.8953604716343553,0.5186507218563938,3.031714016561816,0.5277713534163574,3.0854486107554555,0.5340987975720605,0.5333383434376757,1.037887113787056,1.039190036033877,0.6265320141684887,16.01229583174432,0.09174350519013943,-1.2561780574354864,-0.015483026896065621,-0.01465364915474865,1.7347900631837776,-0.0566722236184285,-0.0610877167452627,47.17686996084225,0.0023037402897796433,-0.026889613664321077,105.77288592928524,0.0907880378802639,-0.19781900902546,0.51704951,0.45959478,0.825871,1.597276438768891,1.0977239090909092,1.0669965000000001,2.691048277977323,-0.06743544444444444,-0.090696875,-0.21998853588516748,-0.008985,-0.281138,-0.08362,4.0,43.0,-0.40844546083071975,0.7379354215726774,3.3316457372564834,3,1,999.0,1.3348,тейк,0,0.5931343000000017,0.8166666666666667,0,0.8783907701528371,2.9818825023074624
ANIME,1773722826,1,2800000.0,83000.0,34.2,-0.0,23,3,4.0936111111111115,50,1.0,41,10.286554004408524,-0.34316019341756876,0.6458727158159983,-2.129289215686281,0.6617299511580299,3.970707892595593,5.655697039854468,14.580344332855088,31.379806703680856,32.55186721991701,33.829074151654794,36.78013273388996,37.30926284117773,40.20188720649549,16.799329702555532,0.8580694746141605,0.1198913607478154,4.816556479673739,9.592822636300902,0.6654201441130964,0.6666666666666666,47,-3.416477702192,21.264894592117333,-3.416477702192,35.10255868048213,0.8801696712619298,6.000372344834748,1.6131926871905364,69.24162934214016,93.86430205238348,0.7794031549441783,0.4145658263305331,0.17366946778711576,-2.274837511606309,94.138074398674,5.8205332790649695,0.5015232599216595,7.901845041444418,0.5051352095623004,5.101994784943437,0.497790564445452,0.49969886957953963,37.77083539401018,1.141930115546637,0.5522333162142542,9.15316668088,0.09723129285730249,-0.7244543508044821,0.01869364930737416,0.014360293076486563,13.525302207873114,-0.06202888690371433,-0.019257635201170298,125.54959559900412,-0.14660120931584897,-0.14980759801585997,283.50948732532277,-0.2741203335906104,-0.4371948485095245,1.23850655,1.16073102,0.981423,0.7924245535883521,1.0341426363636363,0.8933215,8.610880013038711,-3.8916318181818186,-4.017020446808511,-1.197478202247191,-0.5,-1.9926120000000003,0.04117200000000001,4.0,192.0,-0.5008596342891303,-1.2558547189267966,0.5787188016349143,4,1,999.0,0.006389,тейк,0,0.38920950000000054,4.916666666666667,0,12.202848646110521,1.859029821302238
G,1773722826,2,412500.0,15100.0,27.4,-0.0,23,12,28.334444444444443,341,0.375,19,3.094523630907727,0.020350020350012876,0.5112474437627856,1.5286097913654206,0.799835931091053,0.14262428687856765,-1.8178186176588063,-5.625960061443925,-4.2283710054559664,-1.0269834877164707,9.05258486798315,43.966022261277104,45.97564597564596,50.351789538085036,15.553583314843578,0.9055371380840977,0.09965201273978781,3.4570379364915027,4.9516220830961855,0.8500827516999676,0.6,16,1.7598343685300222,13.768115942028981,-17.795617996320455,13.327184689877814,0.3520097442143729,-7.088435600901333,1.9242937031721732,38.52994367020275,49.88556674729849,0.2091807198763602,0.10000000000000124,0.7142857142857125,0.2663934426229586,619.380043437642,0.2052415335588875,0.6425448732766711,0.28244879291467345,0.5022990694932142,0.41620223164003106,0.49588211741024246,0.5079678204858433,48.412498282302984,0.7655794193092288,0.5603763742462482,8.738065214332,0.014107760343446926,0.22890008726896838,0.004183432849198088,0.001244377795216689,-0.91073958870318,-0.014574317197631026,0.019868306932871782,-15.701413988824854,-0.037371907674837446,0.06555357567519748,40.17688377537425,-0.2600205468583805,-0.0457579406453853,0.58866713,0.68451327,0.945422,1.6060383735032053,1.067328090909091,1.6068660000000001,2.7908861451808855,-0.7803227272727273,-1.2383528723404256,-3.0562642961672473,-0.101609,-7.606354,-1.0889069999999998,1.0,12.0,-0.5008596342891303,-1.2558547189267966,0.5787188016349143,4,1,999.0,0.004915,тейк,0,0.5273255999999994,5.2,0,4.651271617497454,1.8014585361139372
CVC,1773739559,1,316500.0,20300.0,15.6,0.02,24,14,9.486666666666666,115,1.2066336256195196,512,0.6225413060582219,1.0233918128654818,3.072792362768495,4.919526267840868,8.990536277602512,5.689813398592847,6.8997524752475226,9.093779602147144,8.002500781494227,9.370053814498247,10.986186957918399,13.988782580006598,14.593698175787729,18.079289131920696,1.734661098618684,0.6516934260561118,0.20392198825867905,3.796166356927033,8.650519031141869,0.9476658564911831,0.5333333333333333,1,-0.7183908045977017,10.371075166508081,-0.7183908045977017,11.848494658465514,0.9360613810741687,6.1450894739571105,0.562593679105601,84.99835471277132,86.8113894438804,2.0680062301598605,0.14432989690721693,0.4536082474226808,1.1985248924400782,2.35116443141,25.070411880844386,0.5711016094326702,14.19057344769004,0.5585338007672149,4.427751340282427,0.5748441748053027,0.5539268821572649,2.7148088939215747,1.2353281396685967,0.5859233044114436,1.58301454584,0.673289594165331,9.78800249140701,-0.03242935212703291,-0.049733454046904546,16.15737847078964,-0.06755975951290971,-0.06459432633366058,20.065726830504758,-0.1644092976350341,-0.15290627778992927,19.44653229380078,-0.1794704145479259,-0.2057453369659591,2.59834369,2.81771721,1.061156,0.40839708930114627,1.0992043636363638,1.373049,2.206533224729464,-0.5446526666666667,-0.34010949999999995,-0.18184717647058823,0.00125,0.030000000000000002,0.08850800000000002,4.0,154.0,-0.24331917004573045,-0.31735982488635406,1.2369746243725777,9,1,999.0,0.03455,тейк,0,0.5929999999999994,0.7333333333333333,0,6.5095224312590405,0.5931978173661341
RVN,1773740819,2,9600000.0,173100.0,55.3,-0.0,25,0,9.595277777777778,116,1.9591836734693877,13,44.67194043741275,0.33333333333334103,0.0,-0.8237232289950547,-0.8237232289950547,-3.6800000000000055,-3.987240829346095,-7.0987654320987525,-4.595879556259897,4.513888888888884,6.172839506172845,11.275415896487996,12.104283054003728,9.653916211293257,14.28571428571428,0.8619051833830391,0.15605167260629815,2.2691411202070633,4.120443740095081,0.5804451181699168,0.6,5,0.5008347245408995,10.016694490818034,-13.381294964028767,8.46846846846847,0.3357142857142858,-7.29974497726813,1.7720161419686722,35.32601838731243,50.218662008259564,-0.0277985750833636,0.0,0.22222222222222116,-1.1513157894736947,34.508635505,0.7869860097894937,0.44953798464014866,0.8256492377889516,0.3945065715536347,1.1210885966839967,0.4753217898280661,0.5113691580031656,28.42584104787428,0.6925348627965964,0.5196460484764133,2.7204535617,0.07883399392322625,-2.4976798556561874,0.007488968773897042,-0.021681984370766516,-4.629753023237337,0.01862428066408328,-0.010281695671355395,-11.234676235727337,0.04110753047895499,0.008702346023796714,98.16831212225293,-0.08596669066087748,-0.24922890925922148,1.49337017,1.60357143,1.285459,0.8607772043551667,0.6751318181818182,0.8232984999999999,1.5826239566850713,-0.15900854545454543,-0.3816388043478261,-0.5319053017241379,-0.06423575000000001,-0.523221,0.081261,4.0,133.0,-0.28592447344036875,0.3437602772819126,1.34640646165749,9,1,999.0,0.00602,тейк,0,0.5786920000000016,26.75,0,0.9966777408637828,0.8719803667774101
F,1773743728,2,303900.0,87.4,3477.4,-0.0,26,17,4.482777777777778,55,1.0,0,,-0.18363939899832538,-0.4992511233150254,-0.38320559813396216,-0.8622119051566846,-2.03178764542028,-5.9905660377358565,-7.958743842364536,-4.868735083532217,5.617382087970313,6.653585444166965,8.158465991316932,8.334843268708102,11.6735151288756,15.87584730645737,0.8080163023514046,0.15017209565276898,2.652760220385364,6.095900771441531,0.7236388388498498,0.8,18,0.35246727089628394,11.849613964417593,-13.322702232531169,7.904710341093657,0.3227708179808402,-5.078381284566092,1.148074819317023,37.78169383598657,51.17215279203695,0.09951019352019148,0.2297297297297242,0.7162162162162148,-0.06650041562760167,29.364869171208998,0.4088652830770873,0.47278274306412965,0.8893843897277863,0.41459895233146576,1.695040642165909,0.4697918101011436,0.485936276242858,5.8496940790757215,0.9835398528602822,0.548887177659677,2.71985008078,0.09262258465795234,-0.5144530418761062,0.011083415650208872,-0.001634695484474591,-2.7371935613067055,0.013270132746249441,-0.042453959528438334,-15.997737546276959,0.051746162801439954,-0.0019137418644579185,28.354037187038948,0.12578312849721107,-0.23170010153955922,1.65337001,1.93140794,1.399804,0.8466368638197327,0.8267425454545454,0.8160499999999999,2.0100832321202144,-0.156931,-0.5501339772727272,-0.4884332513368984,-0.096488,-0.7338950000000001,-0.035467,4.0,84.0,-0.7358792646324219,-0.6104795392281703,0.43091410191260504,10,1,999.0,0.005979,тейк,0,0.5762663000000006,24.933333333333334,0,4.034286670011711,0.8976873300719181
GUN,1773746740,1,153700.0,21700.0,7.1,-0.01,25,20,12.338611111111112,149,1.3193133047210301,158,0.11823076923076924,-0.44296788482834915,2.8604118993134975,4.656577415599528,6.076696165191731,5.8269570335491405,7.279236276849632,8.903694730466372,8.117859290438979,11.955168119551661,16.601815823605715,16.45077720207253,14.961636828644487,-1.8558951965065518,7.0687418936446145,0.4528375210820478,0.19693156858486421,1.7370906991108548,6.457345971563977,0.7473361946110744,0.5333333333333333,3,-2.229472539423605,11.589805825242717,-2.229472539423605,20.02670226969292,0.8797653958944279,8.454148767918191,0.7851179941933328,80.64361166103103,75.87340576978005,1.960955080618934,0.25,0.0,1.4092777451556016,8.74489436412,17.68326707367851,0.44287456431606836,5.300858777065942,0.45103921412264775,1.946317038819114,0.46399150128151645,0.4981092820014111,2.1135595645704552,1.773171037593703,0.48192423102179305,4.80285216009456,0.549217859028749,12.338742208500374,0.02735611320373721,-0.027557199273888222,15.834291458353356,-0.09472829000832628,-0.04586043678133289,18.592306090006062,-0.09791336202210776,-0.05737263526007497,23.88197736550981,-0.0804395923333523,0.1832008142987358,0.56941529,0.68255814,2.380645,4.180858929868216,1.032606727272727,0.8709880000000001,2.088156282625854,-0.08378350000000001,-0.057093500000000005,-0.06236286666666666,0.00125,0.030000000000000002,0.051141,4.0,34.0,0.33319710360202315,-0.525403239919342,0.44325494023331746,11,1,999.0,0.01798,тейк,0,0.5940280000000006,23.966666666666665,0,5.905895439377096,0.4721831324805338
POLYX,1773753100,1,5700000.0,253800.0,22.6,0.0,28,2,4.0055555555555555,49,0.95,2,1140.0,0.22302281694972503,1.6176726387197693,2.240112005600281,4.620343839541552,5.090843676920298,8.890959925442687,15.295046378527722,36.30424638357441,36.68694431445951,40.906898215147145,45.54060787244643,47.82388663967612,44.74727452923686,22.21418234442838,0.3732118264550272,0.09362233038263776,5.242836287582531,6.922320550639149,0.4955840103711773,0.7333333333333333,1,-0.7138001359619395,20.008158270446685,-0.7138001359619395,42.34892787524367,0.9764044943820223,8.285529393286284,2.0516627410165014,75.05533803999,90.27261808164141,0.8624751079053316,0.38840579710144935,0.20869565217391248,2.4968564756601364,173.77490030446003,9.298574542631389,0.5189264027729474,6.117051048081182,0.5108595708066909,5.747178150864792,0.49963370049421063,0.500171061703951,211.34466424955437,1.0904782879970636,0.5802119546813476,10.6517329370139,0.06129615334752989,9.169561075090726,0.018007737751198016,-0.0022285075921156805,30.617651125208823,-0.07171428748965991,0.031371239585320954,193.9113149890037,-0.37155374281882114,-0.10712687979627655,588.1049341411031,-0.602876446619485,-0.2872051455513851,1.02930233,1.02248175,1.03784,1.0082946183557169,1.0560372727272727,1.0822425,12.678046878055254,-7.072885272727272,-4.626613914893618,-1.540883238095238,-0.39646424999999996,-1.616983,-0.34144399999999997,4.0,168.0,-0.3865016331721094,-0.5919082939986442,-0.16104564540159183,13,1,999.0,0.05842,тейк,0,0.5930000000000005,0.48333333333333334,0,0.7574460801095473,1.784455388188976
HYPER,1773759087,1,2600000.0,13400.0,193.3,0.0,28,7,4.009722222222222,46,14.492753623188406,0,,0.08403361344537785,2.0565552699228773,4.199475065616798,2.9386343993085484,9.266055045871568,11.516853932584258,14.629451395572657,20.913705583756336,21.406727828746174,28.064516129032246,31.60220994475138,32.77591973244147,33.970753655793004,11.72043010752688,0.5925299182700188,0.10334930133149178,6.476764245831257,9.466911764705888,0.7467556518876214,0.6,1,-0.6672226855713115,15.510597302504813,-7.242990654205594,27.926960257787314,0.7365439093484422,7.201847551674523,2.8952439835397774,67.62050827263226,96.54340073897416,1.0095700830142211,0.15873015873015886,0.3333333333333341,2.7972027972027913,50.8208178504,5.432788646950649,0.482866030981413,3.9448519739243437,0.48488336832504225,2.57758813613758,0.48714841154642446,0.49525319862993705,33.51934518077646,1.0334098196448225,0.5289910170692934,3.4531740575,0.06794802216023017,5.803833006044856,-0.020659359583379944,-0.02771230422615578,19.89522573359601,-0.06237888630360067,-0.05610106974001039,27.038162966090162,-0.20605515565021126,-0.08209516838409558,182.089052303071,-0.2791992729248918,-0.17470626947994594,1.4781491,1.42890085,1.158719,0.7838985931798085,0.9525155454545455,0.8950629999999999,1.848200744853138,-0.9756666363636365,-0.49233197727272726,-0.2673963935483871,-0.03689725,-0.172246,-0.148696,4.0,68.0,0.7019382017515952,0.6631384301472698,1.493980715857779,14,1,999.0,0.1191,тейк,0,0.5929999999999994,0.8333333333333334,0,0.4776574307304715,2.2305158357682617
VANRY,1773791448,1,1000000.0,11400.0,89.0,0.0,28,13,28.326666666666668,341,5.750431282346176,341,0.625,0.22034996759559,3.8828429396748687,4.869117048691174,3.743459009794714,9.736020437127447,9.332579185520352,7.6280623608017795,12.859436578601668,29.557640750670245,21.95583596214512,50.89773614363777,52.47485703017156,61.15047936640266,13.312302839116729,0.5468323761640909,0.07062024037759353,3.1532841073454776,8.70359955005624,1.242929058274827,0.6666666666666666,2,-0.4378058202420876,18.33003199756209,-0.4378058202420876,36.60777385159011,0.9838556505223172,14.20889509009433,2.0888491407987257,69.8906654335377,70.15123494055622,1.1908375716698,0.28363636363636335,0.26909090909091005,-1.6514500537056942,120.283479993725,2.5757686707161027,0.5369775062204528,1.8896230303765185,0.5117842700581664,1.601297991023839,0.5029877587425827,0.49857216400669935,19.452135646386477,0.8609155715420848,0.4642647070834633,4.866526148958081,0.040458807387448045,9.207954600853864,-0.029063951106676034,-0.01076117388034692,22.535315727223647,-0.03896869328900121,-0.022193384524724413,-1.55975174109243,0.01796886769288486,0.004078618474900209,60.814267910558975,-0.3229754519176985,-0.0061136301363006185,1.14245965,1.14243176,1.091813,0.955668762568551,1.0865962727272729,1.3637475000000001,-0.2044754837227741,-1.5973277272727273,-0.7508464324324324,-1.2244497835051547,-0.25111500000000003,-2.801597,0.09000000000000001,4.0,9.0,-0.2868174594394812,-0.953595951907471,-1.234713076199434,23,1,999.0,0.007732,тейк,0,0.5487309000000006,0.36666666666666664,0,0.5756595964821587,2.0805267577340927
ENJ,1773817405,1,10200000.0,63800.0,159.8,0.0,26,3,18.035,217,2.6842105263157894,68,372.26277372262774,0.7978723404255206,4.31192660550459,5.571030640668528,8.234174202760581,6.212050443717887,7.01176470588234,8.544152744630074,11.744471744471753,11.854402361042782,19.747235387045812,20.76473712161444,24.12663755458515,26.544240400667785,10.32122169562928,0.22255635689098333,0.1258562639693817,3.0800381505720953,8.595988538681954,0.9428442165585893,0.6666666666666666,1,-0.5249343832020914,11.295034079844202,-0.5249343832020914,19.81032665964173,0.9690721649484539,8.903344547598135,1.2302577993037518,75.71936056618657,80.30410466879101,1.7987245608310094,0.2,0.011111111111110683,3.350637092968367,27.503172686499997,7.852038658475301,0.5332915284820571,2.8247664594526705,0.5188370673288715,2.147243707223196,0.5121526028497229,0.5095042236486522,17.787560249739922,1.1662223797533764,0.5402665029902247,3.55341806114125,0.12920029633110128,4.389397072506229,-0.04402519469193078,-0.0341144578252387,7.072857280320033,-0.09013404576086748,-0.003634373860023965,31.468663736268464,-0.1084941711603239,0.03590930024652561,79.04758033547961,-0.41242787950448145,0.3446711125052222,1.6018471,1.46383648,0.955963,0.5967879206448605,1.0999026363636366,1.1420675,3.683064275278347,-0.6747145454545453,-1.1381528085106385,-0.5626235429864254,-0.017097,-0.594034,-0.249508,8.0,56.0,-0.0016235699055067165,-0.5248990578734847,-0.18245636780828134,7,2,999.0,0.02274,стоп,1,-2.221999999999998,1.2,1,20.287862796833767,-2.8091740999999995
ROBO,1773818742,2,19400000.0,11900.0,1625.4,10.13,25,0,4.0536111111111115,50,1.1547619047619047,287,1959.5959595959596,-0.03429355281207025,0.2751977984176035,0.4133654839820755,0.4825922095828883,0.5866114561766667,2.5686136523574987,-13.398692810457524,0.30970406056434197,-6.450577663671375,-19.961559582646903,-22.45277999467944,-28.518881804806274,-30.529075309818875,-7.5782537067545235,0.7379880325132891,0.17517661455200437,5.038849241281307,11.076148521082452,0.8479069861002161,0.4666666666666667,126,4.555236728837886,21.879483500717377,-21.84986595174263,4.555236728837886,0.1348195329087049,-7.877320858910353,2.5567052207511582,44.61858394477232,36.992823682802694,0.3301835045351244,0.10869565217390895,0.6956521739130475,-0.30832476875641834,161.77913470536,0.444771320343179,0.5648779758066338,0.6411489307287253,0.518233168670526,2.2065531619738157,0.47652050140473473,0.47776475140251307,2.9298558440658247,0.8435125462328522,0.5774765144920605,12.47575730472,0.07711598487308918,0.6113271951061705,-0.002714810216750685,0.0016904375259496618,2.2241900610924237,0.01910442732522255,-0.0030569256677253076,-13.511571366353103,0.10683043310343843,0.038315086669231,4.1535773240966245,0.14695768671493115,-0.2287899732174815,0.79006672,0.82723471,1.249715,1.581784130838975,1.183381090909091,1.2960985,1.0084245946595236,-0.08973790909090909,-0.6002411702127661,-0.5987569964788733,-0.158755,-1.8068940000000002,-1.554645,4.0,34.0,-0.14638836671637678,-0.3910738702572414,-0.4638840801337585,7,2,18.945138888888888,0.02915,тейк,0,0.5855867000000006,0.8,0,1.9636363636363674,0.6961763802744418
ANKR,1773833481,2,14700000.0,240300.0,61.0,-0.02,26,1,11.174722222222222,135,1.7710843373493974,43,20.54220234768027,-0.03741114852225946,-0.5397357156151195,-1.4749262536873142,-3.0654815889715192,-3.607503607503615,-7.6391289319046045,-6.8015347052668425,-6.508047585724286,13.220338983050839,15.471045808124462,19.25909395224281,21.371791960027252,23.020257826887658,23.8980121002593,0.7214807563778313,0.11354211665674928,2.903401019370211,4.914933837429125,0.6820506980663689,0.6666666666666666,1,0.22505626406601476,12.340585146286575,-10.78464106844741,16.50316110747765,0.5395580898075553,-5.494522853404193,1.8270118985693806,34.52993981187075,52.35557927543429,-0.053768977858842756,0.5714285714285714,0.0659340659340652,-0.6130410551736909,184.24588158702298,1.03246335035934,0.4529956832023293,1.382929535104085,0.47983032042027396,1.9242455049308027,0.4913306188582786,0.49474010073190283,82.45522911327382,1.2083874708377125,0.5380184769746974,7.40330410568,0.04018165313607443,0.06549319503337259,-0.015544622786611728,0.008868363307648064,-12.65567554131687,-0.038715201383492714,0.041433810975580965,-21.170662861132982,-0.014396709785082118,0.02077760904902437,282.352199590056,-0.3041509795270215,-0.28746376550424524,0.86382815,0.95960699,1.107116,1.281639177885092,0.9651585454545455,0.8320784999999999,3.112630278095802,-1.1887590000000001,-2.632848574468085,-2.607021912863071,-0.190187,-3.2308199999999996,0.061063000000000006,1.0,28.0,-0.7812763454827842,-0.33697086631457873,-0.5639888013345584,11,2,999.0,0.005344,тейк,0,0.5476355000000005,3.6666666666666665,0,0.7107035928143768,0.666567715568862
LRC,1773835590,2,2000000.0,406400.0,5.0,-0.21,27,10,4.075,50,13.324450366422385,75,12.812299807815503,0.07668711656443339,-0.6092916984005936,-0.6471259992386735,-1.5837104072398023,-1.916572717023679,-1.8058690744920947,-13.086913086913087,-11.284840244731475,-10.677618069815187,-12.00269723533377,-11.705006765899862,-12.327846825663414,-14.088215931533899,1.2474713418745953,0.20706668377933307,0.12414008968880152,24.694013450488008,21.855188521855183,1.6925064599483204,0.4666666666666667,179,19.17808219178083,37.62557077625572,-13.404114134041134,19.17808219178083,0.5097087378640779,0.8260476222947899,2.7315550303665432,37.75056398667229,19.758972822759873,0.2632112274014681,0.5357142857142839,0.07142857142858028,0.42000763650247297,16.41766028855,1.3634160563506794,0.4713291965621541,1.1833501702717872,0.48378660298010556,5.469784779388391,0.4795869007167944,0.4761147372126779,7.379837696360376,0.7335662416052856,0.621350082394088,2.45299268786848,0.14941183120832666,-1.5511814508365362,-0.00031980501524730975,0.0006452405568793118,-2.4333237105556793,-2.902686188355208e-05,-0.02361478444047005,33.191249467520414,-0.26498625251346564,-0.3358122427241559,32.57858945082346,-0.31373364950772575,-0.29752560733252476,1.34423306,1.56832298,1.197225,0.890637967198932,1.071693818181818,1.0272655,-2.536216848625033,-0.10365071428571429,-0.887484212121212,-0.21393557777777775,-0.05384225000000001,-0.208185,-0.005184000000000004,4.0,233.0,-1.3378442384464506,-1.2643553629469229,-1.4739766828700152,12,2,999.0,0.0261,тейк,0,0.5898465000000005,4.266666666666667,0,8.506551724137923,0.7640426360153262
HOT,1773842508,2,3900000.0,125200.0,31.1,0.02,26,4,17.75777777777778,214,1.95,0,,0.22271714922048602,-0.22172949002218223,-0.22172949002218223,0.44642857142858094,-0.22172949002218223,-3.433476394849788,-5.660377358490565,-2.386117136659438,-0.22172949002218223,5.386416861826682,4.651162790697683,9.223300970873783,9.48905109489051,11.70960187353629,0.8601964103761989,0.10433375202664372,2.991676103799268,3.854389721627405,0.5341082899969398,0.5333333333333333,62,1.1235955056179803,13.258426966292136,-10.71428571428572,5.633802816901401,0.30769230769230754,-2.9431172701960606,1.3071782281245166,40.77817945995436,48.40703774809972,0.1369953367849334,0.16666666666667118,0.0,-1.106194690265483,16.331033321074003,0.3551546833193628,0.3270697780134777,0.7738261765099939,0.4600149691243038,1.4495150010011257,0.4726798368882928,0.5083786536233704,10.418080489567002,0.8587546162163939,0.5539973472632245,2.15574213051,0.13200280032055123,-0.7002526584431013,0.009600946556803658,0.001517292384344282,-2.6199595443441193,0.001891844026244982,-0.05039819125433398,-14.182139233446422,0.08133652266250557,-0.039961254396379764,61.403169546966765,-0.23210644950962167,-0.19918204737153355,1.51508916,1.61391695,1.286474,0.8491077845214072,0.9287247272727274,0.36740449999999997,2.505511264575535,0.03506466666666666,-0.5758597999999999,-0.41277629518072295,-0.00916325,-0.230674,0.05636000000000001,8.0,118.0,-0.30514994103016946,-2.7403690514729795,-2.006235339206275,14,2,999.0,0.00045,время,0,-0.12312686666666597,48.0,0,5.488888888888899,-0.12312686666666597
NXPC,1773849708,2,3700000.0,501300.0,7.5,-0.06,13,2,4.1725,48,1.0571428571428572,7,94.38775510204081,0.3316749585406287,-0.36231884057971175,0.0,0.03306878306879035,1.5100671140939603,-1.0791366906474864,-7.858665854401458,-2.5764895330112725,1.17056856187292,2.8561713702822233,4.238456237077859,5.991590749824804,9.482446615997109,11.628697721863324,0.7618007215881788,0.11376954841564337,4.120014277191375,13.674496644295298,1.568072037342376,0.5333333333333333,85,2.368866328257191,21.8274111675127,-15.972222222222221,3.2423208191126207,0.1417910447761195,-7.386821605248118,1.3201820465597112,43.646259466964935,49.25899848815023,0.2878642783339719,0.7142857142857143,0.25714285714284446,0.03310162197949218,54.461684078599994,1.2787848397248882,0.5033968594483639,1.1149876301945048,0.5205666806482302,4.302853739781452,0.49493910537643643,0.49837090808334256,45.67660574193985,0.8188003024378334,0.5379692313487549,6.930516158,0.1272548999402546,-0.8006248895504053,-0.025186732425182767,-0.008077032270275453,-1.9534712434547408,-0.02807724817880075,-0.058885235892608856,-7.5985935678678835,-0.0724256035009665,0.006652335440332946,32.6754794143324,-0.17707364111896817,0.34527015608923417,1.21197007,1.19676113,0.628899,0.5189063786038874,1.0926592727272728,0.8996955,0.9669063055546617,-0.010710285714285714,-2.0635400294117647,-0.49120901923076926,-0.07271225,-0.9022129999999999,-0.060211,4.0,238.0,0.3879972400341103,-2.016283892772097,-3.30556251142079,16,2,999.0,0.3025,тейк,0,0.5800935000000005,9.133333333333333,0,1.5537190082644647,0.11862341570247943
KITE,1773854166,1,2500000.0,14700.0,168.6,0.01,28,7,22.659444444444443,273,1.1904761904761905,1459,0.6944444444444444,1.1269873213926473,0.6006006006006093,2.5562528700443954,1.402482090606405,4.431859510573077,7.2343149807938545,8.01805674978504,6.546514709780005,4.567682863385714,3.833040603368132,-1.5574493094328457,-5.986903648269404,-23.25901038485033,-3.8743671866928397,0.8517948351764142,0.18743516912748376,2.2413055080610977,5.088912133891199,0.607753080149904,0.6,4,-0.23328535265796368,9.470767224516408,-0.23328535265796368,9.21538795913932,0.9730349971313828,4.428048400600093,0.5715084550732145,72.85592970593325,65.92878202350224,1.1241770297370508,0.21448087431694143,0.18852459016393663,2.2349511583900084,41.14649464114,3.9322221641380937,0.5894789054098425,4.154679202316216,0.5245380938918222,1.9766279818500394,0.5418589035610203,0.5106114480443115,0.7702174771173257,1.1088615584452175,0.5137240044612194,17.4291664188,0.4235881226531891,1.930490337290225,0.026435164451413806,0.0021740863933539245,5.995393206528332,0.06472706580020504,0.0005234102557298836,10.74673314147514,0.056329390345985386,-0.0188846346766256,6.140958796248452,-0.06238628507060007,-0.01584682779918467,0.48909574,0.4900023,1.093405,2.235564349834656,1.1559066363636363,1.3969915,1.3403164228992583,-3.283452181818182,-1.8761632765957448,-1.3882026794425086,-0.16672150000000002,-3.7559130000000005,-13.763881999999999,4.0,163.0,0.05967919274414424,-1.5794177079865857,-3.92282177817328,17,2,999.0,0.201,тейк,0,0.5345110000000005,7.333333333333333,0,11.35429850746268,-0.8041437393034808
KAT,1773873635,2,720300.0,96.3,7477.7,0.0,32,15,5.983888888888889,73,1.0,0,,0.7765314926660993,-2.5041736227045086,-3.4710743801652955,-4.575163398692805,-4.885993485342022,-7.959022852639874,-8.963367108339826,-5.8064516129032295,-14.682249817384962,-19.72508591065293,-15.17792302106028,-28.562691131498475,-12.443778110944525,-11.821305841924401,0.6588941148474358,0.10932067231304451,2.7576767770234767,8.157099697885196,0.9029065527659117,0.5333333333333333,2,0.9507346585998278,17.11322385479688,-26.679221594475834,3.2714412024756667,0.08008658008657984,-9.986379696067772,2.5941253851727355,33.13709922719296,35.77941055265262,-0.18882170896622993,0.0,0.33333333333333576,-1.3071895424836444,64.36729229844,0.9012678033828988,0.43350810312479526,0.4241771506007829,0.4551087801146669,0.7240228074886642,0.5040746125393805,0.4925577208216414,9.429103078616137,0.9041676997122582,0.5380842224756973,3.6471932708,0.056662213689053886,-2.7037233780758063,-0.019708450411187184,0.006440569978888977,-3.469613608587885,-0.026628438277181532,0.01981598960363007,-7.622076040231485,-0.06644650565639942,0.05755465558956918,15.366727615489495,-0.10499957108223079,0.16795274165264384,0.57142857,0.6182554,1.219498,2.1341215053353038,0.9261330000000001,0.6497245,0.8503585704014781,-0.10746088888888888,-0.1885062121212121,-0.7355546333333334,0.00125,-0.37870899999999996,0.09000000000000001,4.0,79.0,-0.2063103728192628,-0.8281937588189181,-4.4041377584585595,22,2,16.736805555555556,0.01168,тейк,0,0.5906401000000017,2.1333333333333333,0,0.3424657534246478,1.0839631931506843
BARD,1773875192,1,301400.0,11800.0,25.6,0.06,33,22,4.411111111111111,54,1.0,225,3.5668639053254436,1.710999281092751,5.613616004777566,6.041073302353461,7.116898849182318,6.136534133533389,7.279344858962711,11.965811965811968,31.9283849309959,-33.931073129728205,-33.757842494615595,-35.071133547498846,-34.57874780356976,-34.28704133766837,-40.837157037175764,0.29725846092028074,0.12337514940186997,5.99327749729483,7.897271268057793,0.6719049345000778,0.4,1,-1.5722832892722916,16.99495360573011,-39.548795077764474,38.16406249999999,0.2968702522029779,0.316762685369798,3.8439310875792754,56.95886826932557,34.29877583189966,1.213265822614585,0.17968749999999709,0.23437499999999958,1.1336154776300011,438.4862771884,1.0242515233009926,0.5991534902272106,0.46446433811039184,0.56262774793103,0.5677756197652478,0.5147240628541032,0.49010975514192284,23.313718757280242,1.018356021567282,0.5901951890020868,14.6634461856,0.03344106064076369,0.1577977425687216,0.0024103719537504897,-0.007096729036249583,1.2268592385298094,-0.0006083808635929389,-0.0035187613443316,1.552915710475622,-0.0631975190609646,0.16873095946763694,-7.371789179026644,0.16582489827762115,0.11761760084762263,0.51562936,0.56254816,1.234146,2.3934750340826207,1.0741902727272727,0.9955430000000001,0.12977938437546266,-0.7308794545454544,-0.5354494893617021,-2.4653285263157896,-0.081373,-6.84801,-2.396636,1.0,53.0,-0.14279756865024362,0.07246733693089258,-4.238559336868386,23,2,999.0,0.7074,тейк,0,0.5851270000000005,1.3166666666666667,0,1.7246253887475138,1.6897474695787393
THE,1773875480,1,3500000.0,783500.0,4.5,0.01,33,5,6.331388888888889,77,1.0294117647058822,382,0.06050129645635264,0.0,1.241018941868055,1.9736842105263275,4.026845637583887,3.402268178785861,6.602475928473184,8.54341736694677,12.64534883720929,3.2644903397734737,-8.984145625367002,-18.119387216059167,-27.33239568682606,-44.44444444444445,-16.14797416324134,0.7252740613803288,0.1520958172019395,2.411415501431158,5.5327868852458995,0.6476081698468158,0.6,9,-0.2574002574002643,10.369318181818187,-9.250585480093676,14.475627769571652,0.5536723163841807,3.321749873994695,0.8724502240903363,74.62403375222841,52.88792144554323,1.2777683180245116,0.12962962962962593,0.14814814814814758,2.60869565217392,26.84138880083,2.4863467122720686,0.5419679994637998,1.4894630639158188,0.5448616186721854,0.9086383063936628,0.575039701130782,0.4776802637709836,0.5151652356691213,0.9380062785097253,0.6175684436777863,4.77451282,0.17787875491197985,0.4188498307651223,0.014985293715593428,-0.004677589486824063,0.954559975802205,0.01723796409170708,-0.029064390243171867,1.3685446520130817,0.014242547716927456,-0.03935421535342709,-11.215867124612956,-0.14800067135502704,-0.08111485169566601,0.71428571,0.88776276,1.296501,1.8151014108906085,1.2779426363636364,1.0052245,0.1601870297602199,-0.1130365,-0.20564865000000004,-0.12166907142857145,-0.0141715,-0.142377,-0.325566,4.0,48.0,-0.14279756865024362,0.07246733693089258,-4.238559336868386,23,2,999.0,0.155,время,0,0.11424716774193493,48.0,0,14.322580645161299,0.11424716774193493
FRAX,1773900390,2,1200000.0,185400.0,6.7,-0.01,29,7,4.003055555555555,49,1.0909090909090908,18,15.189873417721518,0.23710729104919892,0.6148353827846176,-0.17709563164108877,-1.0532475131656116,-1.2650836901518248,-1.5524936929943722,-9.004484304932737,-17.08074534161491,-17.779578606158843,-18.740989908697735,-19.90843069150615,-19.540047581284693,-20.110236220472444,-10.699983982059901,0.1863389669001067,0.12278042755029156,7.520890806034797,10.398706896551712,1.1696969696969683,0.6,198,7.002742037544807,18.856781269774302,-19.194010831474994,7.002742037544807,0.21600520494469713,-3.9679601771638207,1.0123964031348476,22.808111384470436,16.9168448293141,0.32441910608357083,0.06796116504854641,0.21359223300971575,-1.4450302675258708,5.1642978067000005,1.3478449892199162,0.49839369185624227,1.3704286577002058,0.5199641152187143,4.363309473316164,0.466892944854382,0.4504004194495362,3.728239808105826,0.6521033472232134,0.647238342373439,1.3245224138,0.25647676864831565,-0.7596223163091498,-0.0019174183381582832,-0.0023782519628271492,-1.6671316784775847,-0.046180626194261554,-0.01822541053464033,-7.736090789647376,-0.2336853206705347,-0.31270367184755354,-18.138066832198973,-0.1290409620022991,-0.35989771315682295,1.20817121,1.37217195,1.134685,0.9391756653429939,1.342758181818182,1.3127965000000001,0.8591375727546636,-0.043437833333333335,-0.1599006,-0.08345537362637365,-0.0033685,0.011526,0.08764200000000001,4.0,113.0,0.0029664913611560095,-0.4019499567379681,-4.219116994447381,6,3,999.0,0.5073,тейк,0,0.5962446000000006,36.733333333333334,0,4.212943031736649,0.49149208669426336
ENJ,1773903933,1,175600.0,7300.0,23.9,-0.0,30,24,42.07055555555556,506,0.04621052631578947,68,6.408759124087592,0.11346444780635512,0.6846709775579995,-2.1803399852180383,-0.6754221388367676,7.38336713995944,10.61429168407857,9.515928837401733,7.514216084484171,12.926621160409567,11.499578770008423,38.8772298006296,40.57355284121085,45.35969247666118,1.8112889637742269,0.7292442515189032,0.11227226481478944,5.410872796323574,8.552898256992304,0.8461385765353692,0.6,15,-2.862385321100913,18.016457340840187,-10.695006747638324,19.39557961208842,0.5756358768406963,4.110875119906376,2.4471434614235457,65.96560216238142,65.4382646553078,1.1013162609824962,0.5537190082644635,0.1322314049586781,-1.4296463506395685,428.98600116784,1.6479999869501558,0.4688967554543205,1.3288247720745787,0.49794990821965907,0.6650319205537923,0.4901721402588917,0.49839046330824244,85.16727218352072,0.882998194782133,0.5398134423822183,9.18202778176,0.02140402660404657,-3.6208833700161147,0.0019873146303326372,0.01925577300738124,14.406940378927224,-0.08245071983986973,-0.055075869660297205,17.09237249276745,-0.13021464216487788,-0.04386396770392298,96.18730749317245,-0.020041265399935115,-0.03414416591979086,1.39278892,1.28460644,0.903081,0.6483976050010507,1.0447944545454546,0.8984845,1.7961854050008237,-5.286656727272727,-3.434504723404255,-2.6852561602787457,-0.57833,-8.937100000000001,-0.700724,1.0,54.0,-0.33958255641818313,-0.6592453457166081,-4.542822351508602,7,3,999.0,0.02647,тейк,0,0.5612882000000006,1.1166666666666667,0,0.4321118247072153,0.19674315719682767
SAHARA,1773906396,1,200600.0,6000.0,33.2,-0.0,31,23,15.084166666666667,182,0.9761557177615572,577,2.125,0.5622188905547221,2.170601675552164,1.0546139359698614,2.365509347577266,3.6307454615681634,6.679920477137191,8.667476711219123,8.316511909568014,14.170212765957446,14.80530594779632,13.159004639392657,10.593569661995051,17.88224956063269,5.6482670089858855,0.8842054433840897,0.13151322461028037,2.322481873168014,4.387351778656123,0.5061855860514934,0.8666666666666667,1,-0.26022304832713505,9.661638809620875,-0.26022304832713505,17.3665791776028,0.9826732673267325,9.151146586025227,0.9754173813452693,80.52446710196621,76.0810585476888,1.1836141608537392,0.4464285714285734,0.39285714285714063,0.34078000757289395,128.77174693951,2.472023128244216,0.508487538306893,2.46951334896855,0.5084403658188327,1.3799021285553443,0.5115025197057668,0.4993813962800209,3.6989779384472476,1.2801255667615394,0.5544972657293264,13.139608367000001,0.10203797555974975,0.23389862207845447,-0.025567693591480478,-0.0076805025008857,4.026444027163079,0.0035336953392983705,-0.022684002134171988,13.61730973528994,0.10323794648259743,-0.03874960555761553,40.005599942387484,0.438568623014995,0.06492215002700319,0.65965452,0.67777123,1.392128,2.1103895414830176,0.9897527272727273,1.0361075,1.571081202636955,-2.4682848181818184,-1.7442657872340426,-1.470280456140351,-0.195088,-3.9668510000000006,-2.5570699999999995,1.0,13.0,-0.89560937793981,-1.6227647665134182,-4.910035616557362,7,3,999.0,0.02683,время,0,-0.8966460978755131,48.0,0,13.865076407007093,-0.8966460978755131
DEGO,1773923478,2,2700000.0,16900.0,157.0,-0.02,29,2,4.000277777777778,49,1.0,866,9.371745921555016,-2.820948152017766,-3.5765193728132805,-8.598452278589864,-17.138084632516705,-23.446502057613174,-23.97834082550061,-14.205004035512502,18.884805879533474,-29.05901420535799,-17.239461683906132,-33.8224831020989,-19.049173194081813,-24.048178013677656,-3.5368702035368793,0.08750436637831405,0.07280628496347866,13.408778277964284,23.45132743362832,1.7009109838625716,0.5333333333333333,1,0.4997298757428492,41.5856293895192,-32.87325214253496,40.36974155819657,0.36998616874135537,-10.241549905640868,4.950288269444587,36.511784190791296,40.67336688197376,-0.0509624071430314,0.2928388746803071,0.18797953964194422,-5.041599403948838,247.78254537795,2.604807026981474,0.4886824120945316,2.3892128623670286,0.47980935902789684,1.7509337259931472,0.5077239537073983,0.5137217414030875,1.542440670339619,1.0824555870558732,0.5438147386021873,7.901962695,0.031890715639178314,-5.954122569797294,0.018682945931363992,-0.0075450504542917685,-20.266250707700305,0.07777499819624123,0.06125203973717519,-10.81600801592526,0.17833051284322732,0.011398038949889333,-11.241131454851839,0.04812698909309221,0.17892412897109278,0.57675244,0.5486492,0.805797,1.3971280294887005,1.0295983636363635,1.0478705,0.7614223824847388,-1.1127024545454545,-4.131510744680851,-1.9744079854014596,-0.49070125000000003,-5.228427,-1.9466689999999998,4.0,208.0,-0.8344854125393764,-0.6451585265024873,-4.40313703075752,12,3,999.0,0.7441,тейк,0,0.5930000000000005,0.9166666666666666,0,13.074485956188697,4.282630660556377
KITE,1773947820,1,7800000.0,133400.0,58.9,-0.06,30,1,48.67444444444445,585,3.7142857142857144,1148,1.3448275862068966,0.2542538627029023,1.1993485020482586,1.6206571839222805,2.381784590802405,2.3051591657519355,4.002028911995947,6.497688671895285,9.964603668347106,11.392405063291132,7.8817215616121095,6.636155606407312,-0.36444919578211277,-16.08414504379144,1.29958960328318,0.9389011926537595,0.15493196317748886,1.7340717933861383,3.6148332813960904,0.5630314699487355,0.6666666666666666,1,-0.0828419667657565,8.622697438069027,-0.0828419667657565,17.6700143472023,0.9945090439276485,8.01028114138196,0.7129370555297785,75.97520498225941,70.28865138057543,1.0944575762532585,0.12883435582822148,0.0,1.413286887285392,50.187739674970004,2.162208996808838,0.4680962455601085,1.372715727328104,0.49246914397277486,1.2030477696359032,0.5118871270160574,0.5206765507326192,1.008628875891846,1.0546657298877855,0.563011646671782,18.15952109851153,0.36183181821133453,1.2934664200208168,-0.008715474331134843,-0.009610784048594834,2.5017569461961875,0.015107227619815644,-0.023782990574885532,10.485591603499822,-0.044030321529387906,-0.03893727328499663,10.304882151970517,-0.17649029014233275,0.03225517561894842,0.39590534,0.41441648,1.095007,2.7658303371204846,1.013344909090909,0.8386294999999999,1.6137417677232788,-0.07292950000000001,-0.089993,-0.27435230742049466,-0.0172375,-1.0928089999999997,-14.669694999999999,4.0,42.0,0.7396848137535939,0.9354822966040066,-1.3771736172862648,19,3,999.0,0.20504,время,0,-0.4813199625829111,48.0,0,9.715177526336326,-0.4813199625829111
PHA,1774000346,2,7700000.0,100700.0,76.0,0.0,26,1,5.596388888888889,68,1.0,498,3.6666666666666665,0.02515723270439807,-0.3758456527186316,-1.02066218571073,-0.8478802992518686,0.17636684303350414,1.4285714285714235,-7.663725034835123,-6.071344200330742,23.36332609370151,25.110132158590282,22.905718701700152,22.37611572791629,25.822784810126564,35.494021397105094,0.0015009576867917175,0.08334983525243929,7.237865444652014,9.046624913013224,1.1641791044776106,0.4666666666666667,213,6.2533404596472275,16.996258685195077,-10.430277089434558,25.703446095478967,0.6371473354231973,-0.6952979693720218,2.0394072405129577,51.574667352943266,64.07534442931694,0.40151183222970654,0.6521739130434763,0.34782608695652373,0.0,97.07498185988,1.4739289923243764,0.45637381747638833,1.7769093383440495,0.48066294227295675,2.704991218358025,0.4883854680814809,0.49691228128754483,5.98463594324118,1.14137054100078,0.5800813888925248,5.303860465680001,0.05463673918925579,-1.917015229592678,0.02035370549733062,0.0012427603986999713,3.5922806160660237,0.04809181839407395,0.08346079075666002,-13.205315476802593,0.14561811651435463,0.1163293232686986,102.29866022410006,0.8044345733018641,-0.2859577057660124,0.72654055,0.72620981,1.102949,1.5180831957693208,0.9459474545454547,0.7258835,1.723093589185209,-1.504188818181818,-1.7027729361702124,-1.0423148039215684,-0.24023550000000002,-1.8220880000000002,-0.701869,4.0,127.0,-0.650500996928316,-0.09027901593042786,0.27338507530516587,9,4,999.0,0.03976,тейк,0,0.47244280000000055,6.65,0,9.230382293762585,0.15547124909456622
DEGO,1774010166,2,1000000.0,11500.0,87.4,0.01,27,6,10.92388888888889,131,0.2777777777777778,735,1.4005602240896358,0.04990019960080527,1.1859702245773596,-1.2315270935960632,-2.7643064985450883,-7.7100115074798525,-8.593571917027576,-13.800515907136713,-12.022817025010957,-31.02855177158582,-45.45701849836779,-55.20554066130474,-64.3365350409107,-58.60004129671691,-36.72470076169749,0.7733362396197933,0.18489001198250285,4.748736758457195,8.50574712643678,0.6281792224906657,0.8,47,1.8283392585068725,18.537328593194523,-52.639659855911184,1.8283392585068725,0.01589754912784288,-29.475192319396104,3.243482838041087,23.222352579930515,26.76293081627088,-0.08790033588072697,0.24516129032258208,0.07096774193548315,-2.5803310613437214,138.40189462189002,1.2414761271040002,0.5093497908620697,1.313589706278237,0.48142234345612034,0.658037887840269,0.47809204814062123,0.483449070242477,0.9266809180537607,0.9902868120469889,0.5918128374983971,5.6279910264,0.040664118376236895,1.2672472934749823,-0.018969820771376877,0.019204707732953796,-2.611468253639637,0.014078199187165463,0.014973360211252729,-4.150271399112338,0.04442641134908887,0.0777058097581298,-26.46826854477532,0.2596103978657134,0.668991769622469,0.71752977,0.7726822,1.371025,1.9107569571643,0.983577,1.12493,0.30073306150577256,-0.11054849999999998,-0.08795785,-0.15942370707070708,0.00125,-0.17915000000000003,-7.187315,4.0,203.0,-0.37285977076553234,-1.12224319435551,1.1914771298192628,12,4,999.0,0.401,тейк,0,0.5930000000000005,2.45,0,18.179551122194514,0.777614970074813
SAHARA,1774037492,1,114700.0,5800.0,19.9,0.0,27,16,4.004166666666666,49,1.0,864,0.5581508515815086,-0.09960159362550902,0.03324468085106336,-0.23209549071617763,1.0070493454179097,1.483979763912302,3.615702479338845,8.51063829787233,10.706401766004415,16.35730858468676,10.34103410341034,28.097062579821184,28.975567938276892,36.15384615384614,1.6868353502016875,0.9321299184709027,0.15321078604860314,2.3341941135835764,3.278110680296087,0.37993165625189,0.7333333333333333,9,-1.5379581151832467,10.56439942112879,-1.5379581151832467,18.511224891689636,0.9090909090909088,10.71957484219508,0.8053463008917242,74.89232437832874,76.98539514013835,0.9482316149509046,0.08433734939759102,0.20481927710843353,1.9792016101979115,97.20762730965001,2.904071674062717,0.4870503104119177,1.7473345535026574,0.48237154869084503,1.2889045992017756,0.4997511160741773,0.4943381412249493,1.5839374787967815,0.9016284690939286,0.5475958620511178,14.92818744209728,0.1535701246420128,-0.7383560594316996,0.011610818260745503,-0.005342917761225308,4.57543160301217,0.010172735389309073,-0.06863852367959944,11.975143225022133,0.01031397765407327,-0.09963773481968363,8.437527644635722,0.042459623483949605,0.0040351758562362505,0.97274032,0.93490674,1.307055,1.3436833789309772,0.9394463636363638,0.815978,1.4070793289401025,-0.1861167272727273,-0.21279461702127667,-0.6719324634146341,-0.016326,-1.889917,-6.878482999999999,1.0,48.0,0.5859467428043663,0.4473753929213231,-0.12985330278745266,20,4,999.0,0.03009,тейк,0,0.5870952000000005,3.9,0,0.09970089730808596,0.654810912529079
PIXEL,1774038099,2,92200.0,5000.0,18.6,-0.03,27,19,7.246666666666667,88,1.0,948,0.14916680148843228,-0.23007738966742686,-0.6353504843245483,-0.7284079084287298,-0.6353504843245483,-0.6767308693388929,-1.851851851851849,-4.885343968095723,-0.6146473590999069,5.6478405315614655,5.3794322324091315,-4.628611416575024,0.2943650126156383,-32.59855871131836,10.792002651054911,0.5606693734080977,0.08532641782812636,4.268579260780125,6.5068493150684965,1.331912216941569,0.4666666666666667,58,0.1469661977745229,11.799286164182243,-10.422535211267602,7.69925491081509,0.38058035714285726,-0.027589593601329288,1.0817994493762602,45.257503487486844,56.05134376878091,0.2207776875360949,0.33695652173914664,0.5326086956521594,-0.1247271593389443,62.813977876661,0.6178199364485607,0.4882794310172556,0.7210646865425941,0.46263615980711636,1.805037060332932,0.47377227996303517,0.48854418902417784,0.26819413556623134,1.0158997738460973,0.5660857085495775,7.12950090068119,0.11350182143662978,-0.40510905328151603,0.009675072235833637,0.002590139429396343,-0.6024081808724158,-0.019742203690152116,0.0203012638995701,-7.771666371802954,-0.025699208006072505,-0.06873579688758391,-6.988941962250728,0.0014456381648968453,0.06711640838847344,0.97724964,0.97080052,1.089242,1.114599540809245,1.0268595454545455,1.2387234999999999,1.5908125246772136,-0.1905606,-0.3774845,-0.3056558586956522,-0.0202635,-0.6310050000000001,-2.2387029999999997,4.0,218.0,0.45872676120866096,0.3020530458325732,-0.12525994998142664,20,4,999.0,0.00954,тейк,0,0.5492605000000005,26.95,0,10.000000000000009,0.4993891438155137
ANKR,1774051290,1,248700.0,34700.0,7.2,-0.05,26,17,7.165277777777778,87,1.2299703264094954,761,0.12435,0.8165487207403288,6.661547321942796,6.518404907975461,5.386949924127471,5.346985210466437,6.8256104595270095,11.097780443911208,11.768255884127953,13.78251075158714,16.064340923334044,15.437357157697917,1.2021857923497192,27.11050102951271,4.470440777104678,0.3817459518814377,0.1507467224297031,3.668876424042722,6.7448116833205285,0.6114318417271002,0.6,1,-0.251346499102334,11.80248896025693,-0.251346499102334,17.587301587301596,0.9834319526627218,10.08597024511182,0.7359543360766954,77.02216347609294,80.34356414750971,1.3527607223576785,0.2063492063492044,0.17460317460318248,-0.7447011647889967,26.022039758644,8.698253617147913,0.5454197962190328,3.1194159532799794,0.5212184875013222,2.956891822509288,0.5317057843953213,0.5176656597541051,0.6255231045435343,1.182088359372034,0.57579919670517,4.301711510750001,0.16531031197587262,-0.8429430154635931,0.007695329583929711,0.002369893145454105,-1.4507196471387762,0.06068093492584814,-0.013409395002019209,17.15624385958636,0.01813384252768513,-0.03831719636279873,-2.5042877541473274,0.02749602406752527,-0.027978312476822254,0.96461187,0.97069597,1.077279,1.1168004805912248,1.0357102727272727,0.6454985,1.545916676428675,-0.28258954545454545,-0.5436291914893617,-0.25614539920948626,-0.0436435,-0.432208,-5.029269000000001,4.0,238.0,-0.3767359540396309,0.47161539678850506,0.8374900196602031,0,5,999.0,0.005556,время,0,0.24826851137508982,48.0,0,12.113030957523407,0.24826851137508982
HUMA,1774122386,2,97100.0,5600.0,17.4,-0.02,24,13,4.056111111111111,50,1.0,354,0.16300151082759778,0.11073475768630381,0.7208860344714685,-0.6336070343311517,-0.4405000971691275,-2.3880597014925287,-4.213150514178865,-8.621202211784295,-8.34873874411115,-15.517810026385215,-6.091897836979088,-11.854783207157604,-13.83157658667863,-9.69504671249779,2.7679335207136946,0.9592307920102808,0.27355638811289706,1.4971711718822611,4.104477611940293,0.47193081722534824,0.8,7,0.833223986353504,10.635087258889907,-16.10807860262008,0.833223986353504,0.04126055880441859,-10.026351633232611,0.9042322511809127,18.72609849395471,25.370959007076053,0.1028492769892132,0.5048859934853441,0.2768729641693811,-0.4352345069507546,21.138859559194,1.393777474014846,0.44739590819791486,1.1325903263451584,0.4286805670201252,1.2682254845970602,0.43515917232769974,0.474250930671931,0.8394018233037972,1.0570735355039196,0.6051196289285518,4.288870614444,0.20289034999424205,-0.7852545720416715,0.00398540817370252,-0.0011488634982078638,-1.0431822073521557,-0.012464103413390437,0.0006743909636515166,-9.215762240059156,-0.12801399979691686,0.036970555871333355,0.5169411970799453,-0.14704230872940505,0.035276238351407585,0.49343663,0.54661191,1.224151,2.4808677053424266,1.0001478181818182,1.138609,1.0689648628658956,-0.041564375,-0.05483328124999999,-0.3740309058823529,-0.032351,-0.9039719999999999,-5.536303,4.0,13.0,-0.18255013740942072,-0.38673594859386373,0.4986501145509026,19,5,999.0,0.015369,тейк,0,0.5931971000000005,2.2666666666666666,0,15.472704795367287,-1.6269571250699462
PIXEL,1774137392,2,229300.0,8000.0,28.6,-0.0,28,9,8.224444444444444,100,0.42462962962962963,834,0.4530725153131792,-1.19876698253224,-1.9710013593112863,-3.565856919991073,-3.993787441757257,-4.544451797926308,-6.27098451207625,-8.258242340718757,-9.769575643832763,-7.700511945392496,-9.23012376756871,-3.7481926370815266,-3.705352175364418,-28.37871389555574,-1.059366477868684,0.9233842818062036,0.3654336047017312,1.8252600354724535,4.492273730684337,0.5459038824787805,0.7333333333333333,1,0.32460004637144824,9.807558543936935,-17.573102200209533,0.32460004637144824,0.01494927923118006,-10.561661868425908,0.8312776519855363,12.691233533553856,24.762939790548998,-0.3849508049012077,0.10144927536231775,0.2898550724637758,-0.4654255319148981,58.729859681727,3.0815292329046855,0.376741297629352,1.2266377584591837,0.41368221054705334,0.7963486031091894,0.3958755023257601,0.47628658312201255,0.46372306544984426,1.2038160752238936,0.7105649538479483,6.2514288408735,0.10644378983283265,-4.168970843835562,-0.014435715852954334,-0.01662967529067938,-5.076293046350422,-0.025116707195248833,-0.008818541245024347,-12.450308560993262,-0.05128780965689328,-0.02579984449119299,-11.085225627974516,0.06008802251866774,-0.011792448616830264,1.02058433,1.06330935,1.106328,1.0840142920869655,1.0680495454545456,0.5457110000000001,1.5076220880083362,-0.2976564545454545,-0.16389975555555555,-0.2350475849056604,-0.0107425,-0.43739500000000003,-2.6001999999999996,4.0,3.0,-0.21103140710845292,-0.2733305080648063,-0.5360017587779264,23,5,999.0,0.008654,время,0,-0.6799821461520686,48.0,0,9.151837300670195,-0.6799821461520686
BANANA,1774162287,1,47000.0,14500.0,3.2,0.0,30,21,13.3375,161,0.8703703703703703,45,1.3988095238095237,1.420678768745054,2.7452025586353956,5.52970161511086,6.786703601108046,7.952954354522546,8.377846499859443,8.775395033860045,9.92301112061591,5.126806653940563,5.674342105263164,3.5455278001611745,0.6264682850430692,-9.12305516265912,-2.8508771929824595,0.40524707284322964,0.3046692482390734,1.540184461150651,7.8645396025748715,0.896203483971876,0.7333333333333333,1,-0.3875968992248069,9.756097560975618,-0.3875968992248069,13.116197183098599,0.9675324675324672,6.5001204586207395,0.5353650356474149,84.66780382036546,69.6511101966062,2.4263778255762927,0.43749999999999983,0.08749999999999886,2.0942408376963373,5.3517315411999995,20.636440333409606,0.540232064518085,6.062678914406979,0.5558063344982042,1.8990508541318087,0.5411568799635157,0.509082311439916,0.8299040928334683,1.1844547014105158,0.6088621616811274,2.696831919,0.5039176382893262,8.439685974086974,-0.010191819605709806,0.013942408125356076,12.379746111375711,-0.04312243372044,0.019040493946903103,13.780953734662681,-0.025002098407834628,0.02457784089613968,14.46334955293882,0.046714262076291924,-0.02614831602923151,0.83994752,0.93589744,1.033839,1.2308376123308276,2.5013367272727267,1.096183,1.5704083612747441,-1.276446090909091,-0.7510460212765956,-0.3987826436363636,-0.071716,-0.814726,-1.528557,4.0,68.0,0.00043374539147045255,-0.042777719167153005,-2.2398586572438095,6,6,999.0,3.855,тейк,0,0.5930000000000005,0.4166666666666667,0,1.8756508430609609,0.4907041329442281
DEGO,1774166219,2,128500.0,1300.0,102.0,0.0,29,17,16.231944444444444,196,1.0,816,0.1285,-0.13024225058608785,-0.5189413596263681,-0.776397515527949,-2.2935779816513735,-2.0689655172413834,-1.2873326467559232,-8.714285714285708,-5.86791063098453,-7.836538461538456,-9.851869268751468,-16.941074523396882,-51.20895902265208,-56.87289088863891,-1.2461791676463774,0.6824485917778936,0.18253028552021863,2.7676587393452134,6.017399710004822,0.6672979573147458,0.6,10,0.8681925808997626,10.997106024730341,-13.629195764811897,0.8947368421052593,0.05320813771518018,-6.875357799868487,1.3014168716745549,30.79158930222964,38.314594907553996,0.11183939806808099,0.04411764705882665,0.2941176470588226,-1.155030800821355,45.12933644107,0.8725506692095819,0.43997116852681606,0.6316187158041043,0.4527668566223871,0.7250442974140969,0.4382841242851291,0.47944254260315894,0.32735415604542106,0.8697881135304828,0.6260300009578424,4.81615757308,0.1067189981702689,0.10387035803345324,-0.006950257580581765,0.005494336681741263,-1.5357911376308042,0.0034599550417775404,0.009402707293624024,-11.827006595637023,-0.0018286608089645995,0.06300400310868737,-16.56475733524735,-0.02014067047922885,0.07894887083221103,0.84422531,0.89409369,1.341797,1.5893825784493478,1.0834360000000003,1.0882735000000001,1.357197478187856,-0.4238825454545455,-0.3698932826086957,-0.29476604982206406,-0.042619750000000005,-0.733364,-6.283308,4.0,3.0,-0.3689711459358924,-0.5970515261669807,-2.5553896364674977,7,6,999.0,0.3834,тейк,0,0.5779538000000005,1.65,0,0.6547991653625296,1.1641238371935316
BANANAS31,1774179146,1,480100.0,90700.0,5.3,0.01,27,9,4.504722222222222,55,3.09741935483871,0,,0.42337642700536193,-0.3675367536753682,-0.3824808759562037,-2.028322761469248,2.5476723538948587,2.4606602900339336,19.419221433066625,42.935542881738954,42.06417112299463,39.380902413431265,42.048978718853604,42.475597983481705,31.893555754145563,16.715634837355697,0.6702657790410262,0.16872246106289332,9.17065423100114,14.721202288446777,0.6884363959080045,0.6,46,-4.093862815884474,28.240740740740723,-4.093862815884474,45.312329066841706,0.8795922701210448,8.61637799608963,2.1695985646557987,73.59337380060468,87.32919990075197,0.7153694187107726,0.16094420600858478,0.4484978540772519,-1.3607476635513982,100.853896504677,3.8761538564516966,0.5001301826074263,4.951257953722421,0.5217310132437454,4.803245048037297,0.5140521010705066,0.5154689851961263,2.189573299352211,1.1589499172695716,0.5651317998463394,43.812621676575,0.43441674734444424,0.4476941704546933,-0.022287579563549653,0.0076575763048583045,4.326797987009812,-0.03053620421582215,-0.004481450674196474,36.62863287042,0.05225498347033519,-0.21519880187942897,66.57310534193421,0.0915771592174579,-0.13263688088797676,0.55351771,0.49164482,1.534335,2.7719709275426796,1.0793947272727273,1.1468455,1.8862050158225996,0.22695990909090907,0.22360089130434782,0.08293084037558686,0.00799775,0.05699100000000001,0.09000000000000001,4.0,27.0,-0.4582982112102396,-1.1167625744255227,-3.1117994731479803,11,6,999.0,0.013283,тейк,0,0.6342404000000005,18.566666666666666,1,21.9905141910713,-0.7204565958443125
COS,1774218123,1,100000.0,4100.0,24.3,0.0,24,17,11.6075,140,1.0,0,,2.2451456310679685,1.9358741681790859,8.77985797288574,8.850129198966417,9.202851587815953,6.37626262626263,8.709677419354843,6.645569620253178,5.841708542713575,8.499678042498404,3.310852237890871,5.51033187226051,-9.505907626208366,-0.19317450096586475,0.12854377477054046,0.19246318495155784,1.3423020332140823,9.415584415584433,1.0724073720397262,0.6666666666666666,1,-0.295857988165682,10.241356816699287,-0.295857988165682,13.087248322147648,0.975,6.876219747961865,0.7532925012741667,76.56530587547746,68.66232752607814,1.8163982749648908,0.08730158730158682,0.0634920634920633,6.916612798965738,12.874058330863999,11.969255960325494,0.5521086956508571,3.1878650393566836,0.5498682230035121,1.171088464671589,0.5387733802426036,0.5070441049970693,0.13033831699124895,1.2758813940677844,0.6455662443212302,2.64146479185258,0.20517732046622683,7.904150170278057,0.012336820388579195,0.028646733982987893,8.56775154635172,0.007985537458123249,0.035682558371537,6.175958361056066,-0.010289259965931774,0.036292627384002296,-10.682566922168679,0.1427722706979826,0.05149951129264463,1.05630027,1.10509349,1.365186,1.2924222768588332,1.1704786363636364,1.2365465,0.7090915155286591,-0.5480772,-0.20797197368421055,-0.24335988076923076,-0.0047035,-0.43508399999999997,-4.587459,4.0,97.0,0.17505121650263078,-1.1940533174941481,-3.4328407052070964,22,6,999.0,0.001685,тейк,0,0.5930000000000005,1.3,0,0.36854599406528354,1.1990759451038577
TURBO,1774232524,1,650900.0,3500.0,184.4,0.01,28,8,26.263055555555557,316,0.5917272727272728,0,,0.22378781599665665,0.008270614506633578,1.9561551433389557,1.9905533063427683,2.3098400879938863,4.992619605800108,8.128409192524355,6.6784296426996015,7.4271499644633865,12.882748319641513,20.57034599660983,19.996030564652155,11.098860712973169,4.396938013442875,0.8676578725373476,0.1608585346124633,2.094455039773724,5.180892167193529,0.6505156084368559,0.6,5,-0.6000822030415187,9.367976265396006,-0.6000822030415187,15.558103975535143,0.9570840681951792,7.182102803507129,1.1365671414966199,69.99920863905223,67.19026648435829,1.1268331894436987,0.2867924528301951,0.0,1.6022380467955122,82.2017471394057,1.2482932495176289,0.5397581402340088,0.8740156073448372,0.5065836565685162,0.6394627794223939,0.49866980875924233,0.48845905474716766,4.528610445508657,0.7402218860822658,0.5764725847768483,6.124384991090079,0.07450431656523983,4.556270686552177,-0.0012290389282411107,0.005393436277914221,4.427336572193874,-0.023919640012300736,0.025330570008167852,9.262553354376536,0.0023615448803022687,-0.005120960759322002,21.56925777645622,0.44994029121861123,0.013852201320355029,1.26605853,1.25619335,1.275421,1.0073949740696426,1.0540954545454546,1.309216,1.1395284286247849,-0.16186772727272727,-0.1552796808510638,-0.45377691958041955,-0.01143625,-1.153063,-0.80418,4.0,97.0,0.0076680896871517135,-0.0758801359064809,-1.7231385437588287,2,0,999.0,0.0012092,тейк,0,0.5867770000000005,3.3,0,0.37214687396627255,0.7759398865365518
GUN,1774241462,1,391700.0,6700.0,58.8,0.0,28,9,6.248055555555555,76,1.9585,318,2.576973684210526,0.035385704175516786,0.7125044531528291,2.6506899055918742,4.2019904165130795,4.548816568047331,8.107074569789674,7.818459191456895,9.024296182028536,24.045634050021935,37.56690997566912,40.576827449030326,55.07405375754251,82.74078862314158,27.591240875912426,0.6967067635650539,0.130564776015852,2.2260870181495918,5.0167224080267525,0.6251791686574292,0.6666666666666666,1,-0.3875968992248069,10.213592233009706,-2.3488773747841085,39.60493827160494,0.9218390804597701,16.10169409889004,1.7842657977744716,73.7823322885327,81.67103844474772,1.3075271010399732,0.22580645161289997,0.016129032258063884,1.717836257309946,33.21594093884,3.305314624991447,0.5525506900086365,2.1268950562984474,0.5229330503716461,1.3502253379857514,0.5172838071470234,0.5136908206031956,2.7123859412930815,1.0834554737381181,0.5784775267866032,9.07491236579161,0.27320955268137986,1.6799753369845405,-0.00521468916698975,0.0001406400138419528,6.045286426059326,0.0590607558622267,-0.005741068299534469,10.377140328412725,0.14485067108397187,0.038971817989580604,54.450690890568886,0.28941453330948375,0.07724294499254292,0.79273377,0.74247833,2.161851,2.727083267816382,1.125339909090909,1.3618315,1.327261558102351,-0.07326466666666667,-0.06580849999999999,-0.07806553260869564,-0.00020025,-0.00306,-0.004292999999999997,4.0,188.0,0.07744956243931345,0.8503951906035256,-1.5712259775258919,4,0,999.0,0.02827,тейк,0,0.5930000000000005,1.85,0,1.5411036434382686,2.3109381753448894
DUSK,1774351336,1,1500000.0,212000.0,7.1,0.01,25,7,4.088333333333333,50,0.4166666666666667,292,0.12,0.06361323155215093,0.48710372913838285,1.1494252873563315,3.105284719377299,3.89696169088507,4.613849862831509,10.28921998247152,10.589682748923469,16.691394658753712,23.505741485916197,33.40400720873531,53.10865068743158,28.316508616294488,11.983511630189426,0.6258568064750114,0.14593800086890651,2.3610424501134375,5.474054824377572,0.5310205564328169,0.6666666666666666,78,-0.44303797468354666,11.15996834051536,-0.44303797468354666,25.66407030157778,0.9786747905559785,10.156215200917762,1.2070001747167458,69.03878308179323,80.64571831303786,0.9004678581094857,0.23857868020304482,0.05583756345177615,1.1287964917979565,83.68392191219,2.1718284569079858,0.5156728364947227,2.9020589183326013,0.5177514304315813,2.7402153266676272,0.5126043515208342,0.5064450849728451,6.060939208995883,1.169619472614933,0.5326901695491923,9.29895154674,0.11111993002069669,1.3865355891813813,-0.015075937236536663,-0.020507075545244224,8.672821847603917,-0.03679814638829548,-0.07141901634594838,23.59470132839345,-0.09995848901022208,-0.15184549883519272,48.93953212961979,-0.08382161590272286,-0.20369889163810406,0.91320271,0.88068724,1.256423,1.3758423910064832,1.1217263636363635,0.9428635000000001,2.2931477185431786,-0.15655944444444442,-0.19344306976744186,-0.1724134112149533,-0.014502,-0.20518,-0.771068,4.0,37.0,-0.20301233236740268,0.4063852057139883,0.21259858060842518,11,1,999.0,0.12584,тейк,0,0.5686574000000005,20.683333333333334,0,5.340273363000625,0.6384752225047692
IOTX,1774353729,2,8800000.0,155000.0,56.6,0.18,22,3,4.339722222222222,53,1.6603773584905661,7,156.30550621669627,0.0,-0.7462686567164201,-0.9310986964618184,-1.2987012987012991,-2.025782688766109,-2.2058823529411797,-8.433734939759042,0.37735849056603765,-0.9310986964618184,-2.7422303473491727,-1.115241635687736,0.18832391713747842,3.90625,6.215722120658129,0.7129179267639073,0.19215658076943049,3.255260303774854,6.0449050086355705,0.7750911533294942,0.6666666666666666,2,0.18832391713747842,9.79284369114879,-16.483516483516482,2.7027027027027195,0.11764705882352972,-6.688545159213167,0.9474199092600055,40.050026252893076,46.65185109366691,0.19986880056017708,0.2500000000000108,0.5,-0.18621973929235924,9.19506214177,0.7785779565272105,0.40584604975613137,0.5138451793312725,0.36888660177798255,1.3708687924335836,0.39581431269871015,0.48586767363814837,5.157853935043239,0.6453676337817622,0.5206067248918544,2.0115704605168,0.21876638020518951,-0.495319626500923,-0.00041637910161651526,0.0009642236412990002,-2.3682858697513853,0.007469902836082731,-0.01530529543770831,-10.656340516842777,0.16895262478351292,-0.005774278215223028,16.392931472521678,0.08636802345715888,0.1590450091652098,2.06439742,2.3164557,0.820102,0.39725974856139856,0.8049817272727272,0.616736,1.2635375184256428,-0.130627,-0.08300311111111111,-0.11606137113402061,-0.003987875,-0.011902999999999997,-0.08387,8.0,237.0,-0.1698545988483624,-0.1947928010868072,1.4538363103856922,12,1,999.0,0.00532,тейк,0,0.5859288000000006,43.0,0,5.356578947368429,0.6011617518796999
ONT,1774364496,1,20600000.0,243500.0,84.6,0.0,28,0,4.996111111111111,61,2.1458333333333335,229,23.19036361589553,0.1615508885298933,-0.48154093097914075,-1.4308426073131875,1.1419249592169667,1.6393442622950838,-1.5873015873015928,19.460500963391137,43.51851851851851,44.18604651162792,47.619047619047606,53.08641975308641,50.48543689320388,37.47228381374723,23.571428571428577,0.4548021104960396,0.12266273836377174,7.791843709245594,21.631878557874785,1.1522286333888416,0.6666666666666666,171,-6.906906906906918,28.820116054158618,-6.906906906906918,50.121065375302656,0.8181818181818179,5.29914407326022,1.6192900746680579,72.57212917694466,88.8901530306689,0.692720581072257,0.6499999999999995,0.35000000000000053,0.0,340.18827014659996,4.6328222171682425,0.5074446976916875,5.565192173304456,0.5055470320567547,5.446462643121376,0.5022828052200343,0.5030790871871585,134.2764400827036,1.644896974643005,0.5217532486753348,17.88169865758,0.05256412471210163,-1.1380925497195604,-0.031961218509288236,0.013876393262358233,6.657105456302892,-0.06169697826250953,-0.012904618959418745,122.97465286953488,-0.26764398088807506,-0.0471799850079363,1002.1732976871309,-0.5122918014227633,-0.4108148765821693,0.8965342,0.86177312,0.973662,1.0860288430714635,0.9891385454545456,1.0271555,6.319192558345406,-3.630767727272727,-7.522591021276595,-3.1227077707006368,-0.500765,-4.605406,0.069374,1.0,58.0,-0.3131288623745787,-1.9509414998301278,-2.1876549157118452,15,1,999.0,0.062,тейк,0,0.5679224000000005,1.2166666666666666,1,21.859564516129048,0.3576784774193551
JTO,1774409488,1,377000.0,98800.0,3.8,-0.0,23,14,20.241666666666667,244,0.5783095566804725,44,0.5705205811138014,0.14396775122371697,1.3994169096209763,0.9579100145137964,2.4749558043606346,3.296703296703307,5.971968312004883,7.544836116264686,9.405473419314237,10.167880899588223,5.075528700906329,22.507925325818956,19.191226867717614,15.663451945460594,-2.296072507552871,0.7964054161139954,0.1498197539420983,2.151281489024881,4.2623941958887634,0.5624620585840141,0.5333333333333333,1,-0.22948938611589975,9.968454258675074,-0.22948938611589975,12.483829236739986,0.9796954314720807,7.283964754273953,0.6406635538414174,82.98189804078777,75.36764223376517,1.1309572696884862,0.3934426229508222,0.2131147540983556,0.7001166861143604,57.786079965999996,1.98977352326464,0.4712491649398854,1.9656165599125424,0.48509063328005625,1.0791244964996802,0.5069960434418281,0.5058954678877758,2.449330343219991,0.655046918634664,0.5070003483519927,6.8805783486,0.11906982360887561,-1.6267109647221667,-0.006095354789159679,-0.008248861334462343,3.859486978182436,-0.0013676785826916005,0.0012891854603269692,5.508873802340508,0.007244422066585043,0.03160099113927228,-15.791988166194237,0.08483025481851159,0.1742801256555444,1.29402929,1.35301205,1.438418,1.1115807123654828,0.9577814545454545,0.925932,0.7301515523266069,-0.39831572727272735,-0.21007142222222225,-0.21526625714285716,-0.0076644999999999994,-0.9475830000000001,-1.096546,4.0,28.0,-0.09112243567576117,-0.2996662518384374,-0.00850990198011381,3,2,999.0,0.3478,тейк,0,0.5227720999999994,21.033333333333335,0,10.763139735480177,0.8900679118458892
C,1774435266,1,1400000.0,19900.0,70.2,-0.01,21,6,16.493055555555557,199,1.4,252,10.719754977029096,-0.04396892862377211,2.7572698508362192,9.8582474226804,8.616021659499928,9.417615915289579,10.822229444263897,11.82161010001639,6.595811190997192,6.762680025046941,41.43508917461634,37.22334004024144,39.29738562091502,25.552282768777612,26.482787225217752,0.5829535197003037,0.1428645581555768,1.8304155424447188,11.183567003586559,0.9133246386262364,0.4666666666666667,2,-0.5830903790087438,15.15863689776733,-1.856382213268093,43.54872658387707,0.9413102820746133,7.316204110758107,2.010011007875885,71.5116267286333,70.69683292244181,2.15987223543738,0.37349397590361816,0.40963855421686535,-0.2897151134717557,169.81730638694,3.237125616327859,0.5494343781999965,1.19074171211581,0.5365521366441135,0.7234540234363787,0.5174850247714353,0.5027302760745336,18.546165362018964,1.1884165306535992,0.5913817579439355,6.249070640999999,0.0367987855534646,13.330914745859168,-0.051490069313228415,0.018791945290022483,15.972309595676371,-0.03425440645119138,-0.000860403287990974,18.103955411235304,-0.030029985451601626,-0.038254184891047704,158.22404423985355,0.3626753966178573,-0.2499749973041786,0.57565891,0.60603497,1.3424,2.331936458692179,1.1705627272727273,1.268255,1.5314289050363965,-0.7791306363636363,-0.6039092380952382,-1.3848216826086956,-0.112212,-2.944523,-0.178604,1.0,18.0,0.20090780564030464,0.24439643911580156,0.4106761736067277,10,2,999.0,0.0682,тейк,0,0.5689017999999995,1.6,1,21.0475806451613,-2.7087259999999995
COS,1774453874,1,253000.0,54000.0,4.7,0.0,21,14,4.904722222222222,60,1.0,308,2.53,0.8296107211231751,0.7010834926704845,2.730819245773719,1.6731016731016624,6.4690026954177915,7.556160653505795,8.740536820371636,11.581920903954801,8.071135430916554,1.412066752246477,-1.3732833957552981,-0.18951358180668842,-18.30403309203723,-6.73940949935814,0.5501056165009279,0.14052967212129436,4.898398140039006,7.477906186267824,0.8271363407558829,0.5333333333333333,10,-1.126408010012514,11.983181499649609,-1.126408010012514,13.34289813486369,0.9117647058823529,7.160980118300464,0.9123412396074355,73.45195036004176,67.6721102696776,1.2407866569512351,0.23076923076923153,0.5230769230769228,1.02105934907466,9.124824814373001,4.8606294756408,0.4953364436403713,4.0402967760968735,0.5463728268445348,1.975366084263893,0.5287275823050628,0.4953141837778462,0.23557204902262038,1.1070329852640126,0.5515326721833608,2.2706309946192,0.24884105073914484,-0.2991359116468084,-0.00047847072984352756,-0.007981914943719803,2.185204048342726,0.0032160738753861384,0.06777461452985212,5.264679108489179,-0.05861181915540592,0.07283826448598951,4.653950252231209,-0.4383652160199991,0.2742036045991103,0.63492823,0.72288098,1.579764,2.4880985367432786,0.9745715454545454,1.053892,0.602329035010613,-0.33930699999999997,-0.6305862499999999,-0.30056099583333334,-0.08868775,-0.469612,-1.98586,4.0,8.0,-0.667728377684984,-1.2915458149791892,1.1893353974376852,15,2,999.0,0.00158,время,0,-0.18267436329113867,48.0,0,11.5626582278481,-0.18267436329113867
PROVE,1774489871,1,6300000.0,92600.0,67.8,0.69,23,2,4.0841666666666665,50,20.944148936170212,4,155.17241379310346,-0.07037297677693344,-0.8033531260915217,-0.38582953349703963,-2.67306374228925,-2.73972602739726,-7.822135670236941,14.979757085020239,12.922465208747514,15.306536743808351,14.701130856219713,13.46384338793445,14.608555286521385,4.951958610495177,-0.24232633279482885,0.006088458476203834,0.04965398163609606,31.91616693711765,27.55227552275521,2.5190651906519097,0.4666666666666667,207,-26.74748516894506,61.2728785357737,-26.74748516894506,28.448665762098592,0.3775510204081632,-7.285423534662683,3.6297905606188103,50.20195013023187,66.11172289815725,0.44374490494273594,0.06060606060605449,0.3333333333333333,-0.6951685783802564,128.34203296532,1.0271339581932681,0.5215209568793613,1.5707699533716626,0.5045380109403973,5.60914080318632,0.4959814306329626,0.4967614458489815,110.99711031023274,0.8983477694574602,0.49099285403853354,6.320028038553421,0.04924363353556345,0.09868554331156076,0.009492430596806045,0.003801487210243426,-2.3920142450709614,-0.01621345000354557,-0.00031075902892818696,70.17437744047506,0.20583842237046057,0.04222833802179049,224.2773242756849,-0.05106173240304124,-0.3192985350121016,1.2239147,1.16989664,1.196697,0.977761767221196,1.064953,0.9899715,4.684613845350634,-0.9441091818181819,-1.6461628,-0.44685298360655734,-0.1862205,-0.729359,-0.033044000000000004,4.0,128.0,-0.13671527186708277,0.2730036170515371,0.7232643917451265,1,3,999.0,0.284,тейк,0,0.5125092000000006,6.466666666666667,1,20.598591549295797,0.8624747704225348
C,1774524692,2,807400.0,31700.0,25.5,-0.07,22,6,41.33361111111111,497,0.8074,252,6.182235834609495,0.18832391713747842,-0.17059024223813335,0.18832391713747842,-0.5269420363759991,-0.5776418620455304,-0.425387102263064,-8.40507121615276,-3.9395929087327586,-1.762632197414793,-13.470353393464428,15.950069348127593,15.174178311356034,6.419348972540462,-5.530090196658277,0.7384896439489324,0.12972449593274954,4.349206618774115,6.925937403160831,0.8412705299039371,0.6666666666666666,15,1.4915019077349934,13.492889351370096,-13.725490196078427,1.4915019077349934,0.08456243854473941,-6.6124612958404105,1.1334720352482643,38.60994387426632,44.55174621918801,0.20776961446846623,0.055248618784531994,0.49723756906077266,-1.36432541687721,84.23278432138,0.7871537519869288,0.4209930900401687,0.4467207333652049,0.4574591742581917,0.607701125263971,0.47129800054057497,0.490788672358263,2.4415718847087717,0.6451303070619976,0.5823616405536278,4.03956477984,0.04795715602166883,0.45919199217046014,-0.008212388187549768,0.009169488171816953,0.17431053580656553,-0.005070361960180403,0.002753843763705799,-11.763007653525992,0.06992838114062572,-0.025525916721780062,-39.46892124413791,0.15477043002169122,0.1325653494166361,0.69863014,0.78475936,1.4587,2.0879431282480887,1.037336909090909,0.9083065,1.3995131452211842,-0.1732125,-0.4624820952380952,-0.4161867933884298,-0.011404,-0.990071,-3.151095,1.0,28.0,-0.48535043191736404,-0.933017227573274,-3.5511632568965834,11,3,999.0,0.05852,стоп,1,-2.049345399999998,16.766666666666666,1,21.346189336978803,-2.5498453999999997
KAT,1774527656,2,21000000.0,16500.0,1278.4,0.0,20,1,4.0075,49,1.0,149,921.0526315789474,-0.2081887578070707,0.2789400278939924,-0.7591442374050961,-3.6838580040187585,-1.439342015078826,0.5594405594405716,-7.225806451612904,21.145745577085084,29.200359389038645,34.01677539608574,25.699300699300686,20.63758389261745,38.00383877159308,44.45479962721342,0.23125831940894082,0.055433412679348586,5.63723120779045,8.18181818181819,1.2702479338842985,0.5333333333333333,151,3.677000720980539,15.933669790915639,-21.932681867535276,37.73946360153258,0.49373433583959914,-0.9250799971727952,3.075390380925237,55.79043106357309,70.61660905198451,0.50202420386563,0.011235955056179315,0.12359550561797832,-5.095962938451359,185.35368749409002,3.3737128669020877,0.4986029259253271,4.4051833238097,0.5030615618263256,4.569526771583467,0.49300470941116625,0.4949691224059152,4.392804025976156,1.2978530152430083,0.5657434871226652,12.539018116800001,0.06764914303201983,-0.5576264806756104,0.021856341249147926,0.010299864626701627,-8.050947977987333,0.047400718427697,-0.03291623073451555,5.327261135270822,0.6712030757828782,-0.37558245083207265,156.4363962425309,1.0310642476437555,-0.40135947174956155,0.94721088,0.88363072,0.949302,1.002207660452549,1.0527855454545454,0.9954824999999999,-0.7372548892562297,-1.8857542727272723,-5.035887382978722,-1.4173710191387558,-0.49400675,-1.99041,-0.266715,4.0,219.0,-0.2695336377692148,-0.7912082880856652,-3.31414213386243,12,3,24.30625,0.01438,тейк,0,0.5930000000000005,0.3333333333333333,0,0.3477051460361702,1.7406859324061201
HUMA,1774528546,2,94100.0,14100.0,6.7,0.0,20,13,11.508888888888889,139,1.0,900,0.4314534617148097,-0.2038439138031478,-1.113804247460748,-1.5625897627391194,-2.0185269899359537,-3.0057738027850167,-6.692441733827037,-9.035409035409025,-11.051702657807304,-9.338624338624335,-13.301963165351138,-1.878256885987506,-0.22127758690968502,-1.9736842105263053,-4.69034608378871,0.9507997625501138,0.20754249383953355,1.7646061592783813,3.937007874015741,0.4357310065971481,0.8666666666666667,3,0.1519668010988573,11.426734467239474,-17.528998411705242,0.1519668010988573,0.007088331515812897,-10.504148382069134,0.832507574218345,21.415356496128695,27.07418921755844,-0.10359463149554059,0.033222591362124985,0.1860465116279091,-1.3387262162469993,29.820156531214,1.9320829377805564,0.31733699198509524,1.7559802169302778,0.44744719275293954,1.0345242476016636,0.4258415598687943,0.4749005690600066,1.1153684267255273,1.1948361473009266,0.6049631826696737,6.133706654194,0.2056899549730262,-0.38634639968692097,0.015259936146969855,0.010585291990704127,-1.695392652036365,0.01927687275678336,0.01239309025433255,-8.316628567076044,0.0884810487893466,0.02336990138712114,-9.411400160907778,0.12834426180468506,-0.23078540000356285,0.70761452,0.85496183,0.863628,1.220478064808506,1.1159643636363639,0.418744,0.9204484860047687,-0.3580542,-0.9385535869565217,-1.0131046223776226,-0.10526175,-2.8179540000000003,-1.269114,4.0,204.0,0.1516990729180323,-0.5711780080704387,-2.6970858347251436,12,3,999.0,0.017135,тейк,0,0.5150900000000005,15.35,0,0.9341114677560602,1.205923685088999
PROVE,1774576898,2,4400000.0,74200.0,59.1,0.04,17,3,28.258333333333333,340,14.627659574468085,4,108.3743842364532,0.21986075485527223,-0.9057971014492794,-0.869880391446165,-0.3279883381924087,-0.47307132459969425,1.7863788611834908,-4.7038327526132235,6.254856254856245,2.434456928838946,-3.697183098591539,10.953346855983792,8.920748705694947,-0.6899055918663577,1.0563380281690238,0.5737016672415753,0.046904304448991366,5.634401522827792,15.223420647149455,2.5314373761831424,0.6,145,3.873908089631617,32.85225977971897,-21.81246426529445,7.128867998433219,0.1925925925925926,-4.62636051260289,1.9066114801269025,47.87983290185404,53.098094519921126,0.3422463922217023,0.4137931034482706,0.12068965517241066,-0.9782608695652284,165.06327310609,0.44208675323661495,0.4617226587382209,0.34425412201415684,0.4894989010833951,3.0981612116309853,0.4903504570398689,0.4927669126141244,8.519257575453176,0.8315810763126938,0.5342509043301356,6.0303872932200004,0.03653379204072932,-1.2421158413958633,0.011712961336369121,0.007255143588728696,-2.56336009453495,-0.013481153602578289,0.0014637021977144116,-37.15373687928613,0.00487772704026912,0.08194410113422546,-5.534755512360611,-0.2220985402625868,0.14383007773264467,0.91915199,1.00126904,1.343767,1.4619638695445787,1.0313679090909091,1.3002075,7.898609247670487,-0.463931909090909,-0.9384711304347825,-0.6699016385964912,-0.1017815,-1.860902,-0.757352,4.0,118.0,0.39274783843226135,0.18958914609394917,-3.084413076844228,2,4,999.0,0.2735,тейк,0,0.5107199000000017,22.483333333333334,0,3.1463948811700115,1.0688123528336388
STG,1774578391,1,4400000.0,533500.0,8.3,0.29,19,2,4.0055555555555555,49,1.5714285714285714,294,0.43564356435643564,-0.4878048780487809,-0.5282405526208955,1.4084507042253502,1.1988424968995437,4.660111158614799,4.347826086956519,17.748917748917737,22.891566265060238,28.706624605678233,28.63899106673673,22.338830584707647,23.449319213313146,33.91684901531728,9.248554913294793,0.7854109414445399,0.15196204724870546,8.159029632391434,16.828031350852935,0.9728559952695318,0.7333333333333333,142,-7.5179448432187375,27.320827320827323,-7.5179448432187375,33.624454148471614,0.7558282208588957,8.080307374184482,1.162295750220164,79.12853371793378,92.77060585047448,0.8773616969798649,0.5694444444444463,0.2361111111111117,0.5799502899751285,41.2271465581,5.404782743204944,0.5229023874725924,4.4526452185988985,0.5223724669657274,4.875439777456753,0.5227899629991974,0.5175126254913742,7.691756413659471,0.9811991629113905,0.5601174761966864,10.8322414789724,0.2627453603587843,1.606237662091936,-0.01684053309186795,-0.027301397977714137,6.6773971392540155,-0.031657064247063715,-0.07728983560938696,22.51372025259608,-0.04895094011175527,-0.05406196199935731,36.38520991743515,-0.008802493401748879,0.00994354631768024,0.9825784,0.87751196,0.362089,0.3685090166850808,1.1369363636363639,1.2569270000000001,1.2684559459389506,-0.38643945454545453,-0.28277243181818185,-0.11758209132420092,-0.005344125,-0.057616,-0.038010999999999996,8.0,333.0,0.2728465390767765,0.12882840143975116,-2.8739134167089952,2,4,999.0,0.2448,тейк,0,0.5730078000000005,37.61666666666667,0,19.339738562091526,-0.004482396078431457
KNC,1774601439,1,2600000.0,8400.0,309.9,-0.0,18,4,6.638888888888889,81,13.734812466983623,124,8.0172679617638,-0.17045454545454586,-0.2837684449489175,0.8610792192881744,-3.831417624521072,-4.406964091403697,-6.443024494142701,14.686684073107049,27.503628447024674,25.76950608446671,23.12543798177995,24.69836763662172,29.572271386430682,29.19117647058822,7.358093903293628,0.63187567132549,0.10464159940600873,9.58782002683336,22.987012987013,1.4671122994652415,0.5333333333333333,128,-9.339525283797734,33.19587628865981,-9.339525283797734,30.148148148148145,0.6921768707482991,1.6369431886626318,1.7745464514863654,62.53987632877721,75.37003809819261,0.6166768148708067,0.0204081632653067,0.47959183673469474,-2.707182320441981,80.53987811740002,4.295844201736534,0.5191999826766535,6.401467805119689,0.4950360744946434,5.1344421942732055,0.5044247792865818,0.5074533316976836,45.145237212491104,1.1921840384283122,0.5388434821411285,5.2459125052,0.06513434869560177,2.1286555529492546,0.00012900077416189148,0.005159672099474211,-8.344493386791285,0.047630348019069624,0.0818178611279754,160.8388584680919,-0.20836558529902427,-0.05455757963209673,283.3723946025444,-0.40752024211005045,-0.17250904102313225,0.95360565,0.97211329,1.165358,1.2220544205039052,0.9829470909090908,1.138016,10.951339163249635,-1.9047715454545453,-2.362682489361702,-1.0126470942028987,-0.196059875,-1.667266,-0.070314,8.0,429.0,-1.1405651777575243,-1.1137387863836112,-3.0369052149108566,8,4,999.0,0.1757,тейк,0,0.5929999999999994,1.3833333333333333,0,3.152225384177565,1.5745194656232204
C,1774616163,1,1700000.0,995.1,1727.3,0.04,16,6,66.74222222222222,802,1.7,120,13.016845329249618,0.1843218041851724,3.1019861638027058,5.359179019384253,3.7502807096339463,3.983794733288315,7.679757604008852,9.816971713810307,20.989917506874423,48.93617021276595,57.24982981620148,47.39192853724676,85.13323983169703,73.06611725042143,43.192648059904705,0.6669417958837331,0.10376076268259378,3.685920936902054,5.745021744106205,0.5598056071582557,0.4,3,-1.5974440894568676,13.88720436628259,-1.5974440894568676,57.43738285909012,0.9573984663447884,12.722761883952206,2.2911080902821417,68.21486933426243,81.18283690998888,1.087900889360429,0.07999999999999667,0.6320000000000042,-0.8091706001348564,174.16450238552002,3.3873451259225633,0.5491317433169461,2.210147347470519,0.5126201384509819,2.184616159783391,0.5190515917671775,0.511826956648838,3.7911277108952053,1.0855952986361674,0.5524720723875607,9.97269975106,0.0572602316457405,4.403635261943228,-0.020245034010504814,0.0030840716601523432,4.3235114255606,-0.011748381501465954,0.007159758505141056,23.30260168571794,-0.0576725083051256,-0.026374038711251546,147.4504497520012,-0.13333289454826314,-0.30684291560842725,0.58596169,0.5525005,1.053474,1.7978547368856146,1.0419458181818182,1.1606425,2.3737056971383885,-1.891375818181818,-1.4820990212765957,-0.6559886766917292,-0.216452,-1.418625,-4.04431,1.0,3.0,-0.21970545082328208,-1.7724861870301867,-3.967834992066921,12,4,999.0,0.0924,тейк,0,0.49148630000000054,3.1333333333333333,0,9.296536796536792,1.0915568887445883
PIXEL,1774654026,2,2000000.0,11900.0,163.7,-0.02,21,5,11.091944444444444,134,1.3333333333333333,568,17.152658662092623,0.056350726924381256,-0.40385909804800946,-0.6490599820948906,-0.8819917383052323,-1.344593843760411,-3.782377804270076,-8.009532690912858,-5.943426210403635,3.6181139122315686,9.483290171414493,9.53732264034548,1.8820289189809714,-6.821998320738865,19.015908250092494,0.9219681250700212,0.15163493501630304,2.70063825842497,6.356147666022583,0.7636840446372551,0.7333333333333333,2,0.18054615211013925,12.446400361092302,-12.055473006438822,9.79470690081623,0.39422598307615775,-3.372454281026238,1.2845762711671171,34.629746790550215,49.96055421505368,0.06977155107327737,0.5378151260504218,0.4117647058823589,-0.06707657909446052,103.121810475596,0.4007724896752898,0.49881025549698554,0.40612052257611364,0.5067887434291725,0.9381763081327712,0.47464741256389986,0.4891077529540579,3.010775036937306,0.8652049570305747,0.5874656624500197,6.52859000733,0.0633094975468357,-1.0982892173912684,-0.008244576924163693,-0.0009576344748410959,-3.106174289201835,-0.006008099347321938,0.01591405442498428,-16.40252114863855,0.06431066513709993,0.018607532658108994,27.669047863041605,0.5794999910110359,-0.0034541381692507755,0.92250618,0.98357729,1.070364,1.1602784059397848,1.1309757272727272,1.0445035,2.0478749237452867,-0.08064677777777776,-0.28721113888888883,-0.6864685294117646,-0.04576725,-1.6193179999999998,-1.034449,4.0,32.0,0.12277991926841203,0.4597690660437026,-3.978932923195022,23,4,999.0,0.008878,тейк,0,0.5795467000000005,9.666666666666666,0,2.6741383194412993,1.3052700746339272
ONT,1774674072,1,1200000.0,121000.0,9.8,0.0,24,7,25.6625,309,2.6899798251513114,362,0.05,-0.37383177570092796,0.9469696969697017,1.717557251908386,2.5000000000000133,7.459677419354849,8.113590263691695,7.459677419354849,4.305283757338563,4.1015625,3.696498054474695,-6.654991243432573,-15.930599369085174,26.60332541567696,-3.5019455252918386,0.6139670939963604,0.16520303841539524,3.9530838756635323,7.258064516129026,1.0020161290322567,0.4666666666666667,2,-2.737226277372262,12.065439672801649,-2.737226277372262,8.997955010224956,0.7457627118644067,4.490419006094704,0.6795771139082735,68.93787309795115,58.811794084183575,1.1052864625983947,0.13636363636363436,0.045454545454543735,3.441682600382423,38.86795525498,7.222230444057982,0.5219963075079528,4.321109996124143,0.5225164561004303,1.4833383234702826,0.5191005470651502,0.5012691436317241,0.22402794236609758,1.4530621163249786,0.39956471469554206,7.06212170328,0.18169522057312645,4.19754681262583,0.007284886842101823,-0.008777054898325809,11.248234585544846,-0.012834980326943746,0.003552862637717036,8.729158400840365,-0.017767925928482087,0.010038869284312968,-3.6298699806151746,-0.04924887076929019,0.14146886824905414,1.09246686,1.11286223,1.353846,1.2392558983436808,1.1811236363636362,1.4938410000000002,1.1701790721126528,-0.37191990909090905,-0.2324369565217391,-0.286521298245614,-0.042778,-0.717251,-15.199444000000002,1.0,58.0,0.07810635154203993,-0.22051546997358118,-3.350880213363827,5,5,999.0,0.0533,стоп,1,-2.085800299999998,2.5,1,22.7468292682927,-2.5863002999999973
GUN,1774708291,1,917400.0,275900.0,3.3,-0.05,20,8,12.435,150,1.368640907056542,528,0.6116,0.11547344110856006,0.4634994206257348,0.6384213580963527,0.521739130434784,4.394942805538848,5.860805860805884,7.5015499070056,5.3462940461725506,2.300884955752225,0.28918449971082616,-17.389232968080037,-19.759370661730678,-17.03349282296649,-6.709080393290923,0.8084618941541297,0.22234069033422438,3.600270808430661,5.311355311355337,0.6896195202646832,0.6666666666666666,52,-1.1965811965811923,9.82478097622026,-5.400981996726662,8.51063829787233,0.5787234042553197,0.4666674075697319,0.6867453265600385,74.93415444057075,51.25455111190224,1.0225995443512952,0.14285714285713577,0.4285714285714569,0.17391304347824654,7.8145931188799995,0.4866873687091069,0.6047318100419852,3.842895139567296,0.5600021559120404,1.4108678090459776,0.5661432415710931,0.5179626705197056,0.3475611992449327,1.1370924502440878,0.5784059534111012,5.1422110619,0.6580267179204066,-0.09628241296830709,0.00215415658644047,0.0003205954314198234,6.7375872051967045,-0.06774399545518517,0.02012476903614746,9.404776371325529,-0.06055151291261773,0.04488353556399338,-1.2877270889507297,0.02273786196460814,-0.008459281801122875,0.48974049,0.53032929,1.575699,3.217416227929204,1.4193614545454543,1.2886655,1.253711098094879,-0.1272587,-0.1147661282051282,-0.0983237046413502,-0.00600375,-0.09747099999999999,-0.10995899999999999,4.0,88.0,0.5367862669420465,0.9905661090605644,1.666354615240584,14,5,999.0,0.01734,тейк,0,0.5925910000000005,5.3,0,5.017301038062283,0.6353728590542108
NOM,1774711837,1,66900.0,498.3,134.1,0.0,20,18,4.076944444444444,50,1.0,5,15.55813953488372,1.543460601137281,3.562551781275891,7.2501072501072406,7.204116638078917,8.790252393385556,2.8806584362139898,16.333178222429055,34.048257372654156,38.427464008859346,33.475707421249325,21.47716229348884,8.695652173913038,-1.2638230647709303,14.735718099305917,0.020218641496665843,0.08702932685285236,7.423597215389677,9.973285841495994,0.7071672905733887,0.6,141,-1.8838304552590168,19.45616502578529,-1.8838304552590168,40.4494382022472,0.9375000000000002,7.985332893789998,1.7063318721387566,70.12014005999735,79.17818315722764,0.8112948290019755,0.09411764705882326,0.0,6.672443674176787,91.04954014144099,7.205440217945434,0.5360585968434566,4.109300964138166,0.5201950721538992,5.429333154608951,0.4998219023875734,0.5010441026883367,29.91850336623343,1.2841696021619982,0.4949433376095816,5.078238603608201,0.05577445636429801,5.013153617878174,-0.011139227824101594,-0.034308042559564655,12.528338427104568,-0.05623402679999556,-0.07277333942022379,94.87658308044486,-0.3807916396949157,-0.24919414858224365,194.02714497713922,-0.42775767683407173,-0.4074106851966215,1.17254349,1.17551867,1.218654,1.0393252023428146,1.0441924545454546,1.0942745,5.808825556691618,-1.329585090909091,-1.5706921489361698,-0.606520813253012,-0.11567274999999999,-0.5202789999999999,-0.018544,4.0,29.0,0.3070864962793296,1.073281565174633,1.0362405175924128,15,5,999.0,0.0025,стоп,1,-2.143272999999998,6.75,1,21.999999999999996,-2.6437729999999995
KITE,1774764368,2,1900000.0,4000.0,473.2,0.0,23,2,5.248055555555555,64,1.0,389,0.05864197530864197,-0.21382302999811698,-0.7630245793983303,-0.7009199574441349,-0.8498406548772097,-0.880809595202392,-1.072386058981234,-5.9398897385737115,-3.6260932944606417,-6.708607714016934,-10.163061940890039,-17.42388758782201,-26.994570718689616,-26.640159045725643,-4.489865247423841,0.7735138422526304,0.15056032146107257,1.2378693684539366,3.9370995923121654,0.6794320536200193,0.7333333333333333,2,0.78125,10.15625,-10.73919891989199,0.78125,0.060531496062992546,-5.783330466819336,0.9697719837108034,35.59824732339676,29.93175969298028,0.2006965418070341,0.5607476635513985,0.40186915887849617,0.025023459493289657,50.62281772202,1.2260134898252253,0.4517138174284101,0.620658596811633,0.4862956188811058,1.068866557734963,0.4798515160890024,0.49945775341584636,0.9824820620900594,0.9789661326112422,0.5359467642677902,19.599279242789997,0.38716294597455153,0.11081658264475713,0.005362314608214902,0.0008641139002654175,0.09174092864034922,0.010609403891858271,0.0033763435183562507,-3.3167698880203544,0.07034416248592334,-0.0032455961562988245,3.5790396458365015,0.011694294716781295,0.04192831369734673,0.42585339,0.44931846,0.83626,1.963727469681526,1.153328090909091,1.368403,0.5583891341418702,-0.630827090909091,-0.6196932765957448,-0.7220691637630662,-0.05433225,-1.9824700000000002,-8.919912,4.0,113.0,0.05906878214865241,0.30840400925211675,0.6504297994269326,6,6,999.0,0.15867,время,0,-0.22644595552404342,48.0,0,12.878086594819438,-0.22644595552404342
ANKR,1774770676,1,1600000.0,80400.0,20.1,0.1,23,4,51.909166666666664,624,1.0666666666666667,180,3.1458906802988595,0.5342667649226307,1.1867235305025092,1.3370473537604566,1.8477043673012394,3.1374031374031386,5.735322611896931,8.965654952076662,10.46558704453442,11.253822629969434,9.227381905524435,11.027466937945075,12.260851676609752,-2.934898612593384,0.24019215372299563,0.8545332973906467,0.17937936459881723,2.423195488651153,7.124531280836766,0.800471440544238,0.6,1,-0.16465422612513825,9.276289484206313,-0.16465422612513825,14.618777567737883,0.987234042553191,8.272927290861109,0.5742588623780621,80.16048608473704,78.82977932285694,1.0430462343446918,0.3714285714285679,0.028571428571432113,0.7866641693200949,22.645929799909997,2.498267617142611,0.5348221850361884,2.1690681910853233,0.5471718122133837,2.054605177597473,0.529678287083334,0.5040156275290743,0.87506358555737,0.9360683426648628,0.5824782455278565,4.678705412235,0.2066024867856649,-0.009104019217864856,0.01052558072972376,-0.012498355203296896,2.912466832406979,0.0765689431901928,-0.033803731271225046,9.078153001654265,0.07165299247537438,0.055912293385182554,9.13036246192689,-0.19092618503225367,0.044992978526734895,0.62717678,0.73314993,1.410891,2.249590617815921,1.283962727272727,1.017265,1.0125476666433104,-0.38374481818181816,-0.4332182173913044,-0.30082337499999995,-0.0387,-0.47482399999999997,-1.7047350000000003,4.0,8.0,-0.06016946482187979,-0.42294645219836946,0.3004269224687661,7,6,999.0,0.005457,тейк,0,0.5702678000000005,2.2333333333333334,0,0.16492578339748487,0.7069118212387766
NOM,1774798285,2,73600.0,748.7,98.3,0.02,22,13,28.09027777777778,338,1.100149476831091,5,17.11627906976744,-0.40404040404040664,-0.5246166263115359,-2.0270270270270174,-0.2831715210355856,-1.9490851233094686,2.324616023246162,-7.677902621722843,-7.988055244494207,-9.740021969974356,-1.2419871794871695,29.192872117400427,19.776482021380005,3.3542976939203495,6.971153846153855,0.2566128269006593,0.08343265307946018,5.047655313954724,10.711638250555955,1.312787080570419,0.4666666666666667,124,4.449152542372881,15.889830508474567,-24.456022065583806,4.449152542372881,0.11627906976744196,-10.879509370988439,2.5098315327402205,42.02312404996261,45.57079731812727,0.3495167043289061,0.02816901408450472,0.1267605633802804,-2.371541501976293,450.223876929312,0.40907317260646436,0.4650486137695745,0.8290024036164758,0.5053371050715315,0.788426081767854,0.5007820599355021,0.5040949527138194,28.964815078697015,1.1502267697245303,0.5467930986977018,6.08935514343,0.01352517148793081,-1.6753798232614026,-0.007425583878130415,0.005282960824449567,-3.891098062356424,0.031467181567937264,0.01186374066105067,-18.562678765833386,0.260452315459226,0.013099438680656217,14.758709603203734,0.04571329740609098,-0.13199216754639875,1.20555092,1.30276946,1.019562,0.8457228832772986,0.9944034545454545,1.0096189999999998,2.4176757221841543,-2.161619090909091,-1.3350090000000001,-1.2518148021201412,-0.173182,-3.451052,-0.5637939999999999,4.0,28.0,-0.16480682564912197,-0.6156835389603654,-0.8979895244506708,15,6,999.0,0.002465,тейк,0,0.4611268000000016,7.233333333333333,1,25.57363083164299,-2.7799264999999993
C,1774801579,1,167900.0,36000.0,4.7,-0.15,22,11,6.666944444444445,81,1.6857429718875503,990,0.13991666666666666,0.890493381468116,5.472386463706114,7.335808475227235,7.43208610968733,8.39043309631544,9.266258308353947,9.05306971904265,8.544795442775754,4.278606965174125,5.102168735113466,-4.455840455840454,37.600525192844245,69.1004437273094,-3.6229158831640795,0.2550417268876424,0.18225173883933532,1.6408754666392245,8.362414372495808,0.9443887902780462,0.6,3,-0.46301792710435885,10.94573234984193,-4.1499942837544435,10.432033719704958,0.6857142857142852,4.211042073576254,0.9019591772957568,77.21382477582748,60.25284620403459,3.415777018957131,0.2474226804123757,0.31958762886597036,0.5379098360655865,42.67280387854,4.858720653412422,0.5854777271199607,1.5731570054172126,0.5689890682728175,1.0459983665148171,0.5317431655384104,0.5148814653798589,0.3691690189533447,1.1163913478640182,0.6546649863226912,6.877418687638261,0.1611663181827358,5.333701744041908,0.03462162409248282,0.0035578888003091613,6.286493085338463,0.028676395178610203,-0.003962265617779015,4.017157179842212,0.0677572562059281,-0.009947032161068847,-15.554584473624411,0.10393938210916209,0.09608224295511891,0.73662381,0.7633218,1.153084,1.5653634655116564,1.3686749999999999,1.5988165,0.4437342586009623,-0.293878909090909,-0.21786607142857145,-0.2367554175824176,-0.007733,-0.5606939999999999,-6.241807,1.0,33.0,-0.2254854095467107,-0.4803859869939253,-0.8623018698382556,16,6,999.0,0.08384,тейк,0,0.5215443000000005,20.0,0,10.209923664122144,1.5474057343511443
SENT,1774802219,1,2100000.0,20.5,100213.0,0.0,23,2,4.921666666666667,60,1.0,0,,0.3141361256544517,0.7890583903208848,0.41928721174004924,0.5774278215223028,-0.26028110359188616,0.9483667017913477,7.8221722003376515,7.8221722003376515,17.401960784313708,19.00621118012422,16.758074344911634,2.2411953041622246,-2.6917216861350957,10.372670807453432,0.4797401666293275,0.1171396795582354,6.201880215087785,9.044657998869422,1.0884353741496597,0.6,140,-2.5927808845958356,11.761363636363619,-2.5927808845958356,19.525888958203375,0.8598901098901099,3.5380250152382775,1.1017498450777699,63.96741521277909,74.80103612654226,0.6933428813657037,0.574468085106387,0.3829787234042531,0.10520778537610465,79.33121111018998,6.690604936281665,0.5208122736718076,5.856869877345897,0.48926534298130664,3.7430737758606853,0.48917028967922976,0.4985552435452448,12.271088800782117,1.5222776663755029,0.4901914960588363,12.00141196995,0.15128234905276058,-0.41827361945412367,-0.002835518255836056,0.0018898109943255026,0.8668419950340622,0.016029768132569622,-0.04026968344681314,24.117225934577124,0.12904103866856453,-0.05641465589868133,57.95879923641867,0.33740808020233426,-0.21873706480246524,0.64652627,0.66040411,1.223064,1.8917467963057402,0.951508909090909,1.0531365,3.0831878047297505,-2.461202272727273,-3.187816404255319,-1.436165394285714,-0.40950975000000006,-2.764369,-0.050624,4.0,203.0,0.2997326505252751,-0.23939608666797563,-0.6673737188408468,16,6,999.0,0.01916,тейк,0,0.5345095000000005,7.666666666666667,0,5.206576200417534,0.5368646751565751
ONT,1774829767,1,827300.0,12000.0,69.1,0.0,27,10,68.91111111111111,827,1.8545169244564,362,0.03447083333333333,2.0569620253164445,6.6115702479338845,9.693877551020424,8.952702702702698,9.693877551020424,8.768971332209109,9.693877551020424,8.952702702702698,11.591695501730115,4.878048780487809,29.51807228915664,25.0,62.468513853904284,-4.390243902439028,0.010180030816855866,0.18189936427455108,1.7036187152567717,10.256410256410241,1.0580296896086336,0.4,1,-0.4629629629629539,12.110726643598625,-0.4629629629629539,14.15929203539823,0.9638554216867476,7.913299369542526,0.91076343240465,82.40667797193424,71.36452200173093,2.0802369630988338,0.021276595744681447,0.36170212765957427,4.8576214405360085,99.48266651594001,6.8568809460657265,0.5105788460090684,2.8489130396595104,0.5268438078359962,1.0012817240279697,0.5313765223054205,0.5038565309322355,0.4726998582009514,1.0527949194564261,0.624422273619716,10.71383525510265,0.10769549742000514,6.725195000216311,-0.008870899761920792,-0.017370895463158398,6.984891531121384,0.001458055412911774,-0.011793003345666242,4.45555282677268,-0.010834864953085943,0.018238138713246643,-7.937083098166919,0.05355855613498672,0.17662157607818885,0.93874539,0.9237481,1.473302,1.5694372677558501,1.2406113636363636,1.0883474999999998,0.4596254494986546,-0.4121641818181819,-0.3128175106382978,-0.4749192517482518,-0.034230000000000003,-1.347283,-5.945553,1.0,43.0,-0.3702621655946925,-0.9181562807670574,-0.8430720000964342,0,0,999.0,0.0645,стоп,1,-2.021999999999998,0.1,1,23.14658914728682,-2.5224999999999973
KITE,1774859791,1,2500000.0,65400.00000000001,38.9,-0.06,27,0,31.754444444444445,381,1.3157894736842106,351,0.07716049382716049,-0.5686433793663626,0.21638692321188646,-0.20383204239705632,-0.08163265306122547,3.898623658521805,5.569245933957623,7.950107093360215,7.254177880703527,7.079922514528536,5.5822550831793105,-1.505920220715018,-10.736052508204397,-24.35105067985166,-2.193468884781269,0.8937051692049514,0.17987047947652596,2.187101778418321,5.0801292202445,0.6293010071577879,0.6,35,-1.2675731735422802,11.249278892378678,-1.2675731735422802,10.805043646944723,0.8836594394500275,6.404931436620309,0.7789803690859661,73.63554504765344,65.90421828078195,1.0070817258411957,0.11068702290075823,0.2633587786259544,-0.9550987129462452,41.59674892704,1.9264285117452864,0.5151144299881292,2.4740211509035137,0.5617261576052913,1.5930037379403268,0.570702652589764,0.5187606545374203,0.7583140527368559,0.905159436117141,0.5972431450865204,21.404137563598148,0.5145627510731824,0.794639703988298,-0.0022883079603291945,0.0026043957117867222,2.4270648444069787,-0.04006790255125092,0.005253172541425766,7.458886271849474,-0.09074624620488148,0.034436777263131324,7.311855920377464,-0.08669139399556924,-0.032716250170888195,0.3706471,0.39444972,0.820748,2.2143650928335874,1.444162818181818,1.031751,0.9382120497570404,-0.11040133333333334,-0.206214,-0.2676242618181818,-0.01113375,-0.602953,-11.066932999999999,4.0,203.0,0.6326781691856853,0.46310305748884506,1.6294749036255274,8,0,999.0,0.17136,тейк,0,0.5826887000000005,18.483333333333334,0,4.5189425770308045,1.0849553245564905
D,1774866724,1,7500.0,2300.0,3.3,0.0,28,23,4.086666666666667,50,1.0,166,1.6304347826086956,-0.12310217480507868,-0.09577233547680697,-0.1640689089417502,0.6200909466721694,1.9832402234637003,10.552611657834987,10.168980084490054,24.586248080532336,36.53702318623784,39.72445464982779,40.74787972243641,38.19076457229373,26.375908618899267,26.82740145426714,0.5977330934222894,0.12996426792937374,5.648904737029614,11.937108838345289,1.0862273727174778,0.6666666666666666,25,-2.3666265543521914,15.738161559888585,-2.3666265543521914,46.95109680016098,0.9294820717131473,10.224299563408978,2.000550642946455,73.97883859036237,82.65575135871313,0.9485359280682314,0.32704402515723185,0.32075471698113045,-0.7600434310532145,58.874564234001994,3.2276510005034296,0.49479071900559973,6.072232836923555,0.4977212938388767,3.342199437461765,0.5017596228577317,0.4972362429107879,68.04449648532176,1.2789843534732013,0.5376716504606247,4.30605397324,0.07313946233428106,0.3123801109360169,-0.03721250905562745,-0.012025855255514917,22.414311929036067,-0.12873094744300795,-0.08856637360938346,61.00339496068936,-0.37144618049812617,-0.1499744793667933,390.7164517986994,-0.656039754368289,-0.33851689817486064,0.92309028,0.87700192,1.037525,1.1239691528330251,0.9835205454545455,0.970512,5.998968869428022,-4.189567545454546,-1.5351923191489365,-0.9017757234848484,-0.173878,-1.734207,0.07215300000000001,4.0,87.0,-0.13943818709611921,0.15232914985472412,1.431366646598442,10,0,999.0,0.007302,тейк,0,0.48778990000000055,9.216666666666667,0,10.51766639276912,1.4199312904957548
THE,1774878700,1,2800000.0,491500.0,5.6,-0.01,26,1,5.425277777777778,66,1.3333333333333333,62,3.98066533977822,0.6694560669456173,1.690617075232459,2.2090059473237167,4.790940766550533,4.065743944636679,1.347935973041281,8.770343580470152,11.388888888888893,10.569852941176471,20.420420420420427,12.851782363977481,8.770343580470152,-15.638148667601682,10.710710710710703,0.5492376816876356,0.12931445398960287,3.6929915762859977,5.341506129597207,0.6022820686943781,0.5333333333333333,1,-0.16597510373442814,9.346642468239551,-0.16597510373442814,20.904522613065325,0.9904761904761908,7.420406617243969,1.2428916706840902,67.30787499172024,72.31915219076112,1.1997580404638968,0.3421052631578974,0.026315789473681326,2.0851433536055675,24.78570363942,5.564808605224958,0.5186125280009289,2.856577371627801,0.509460792094292,2.131396296202798,0.5077839466623721,0.5034568424490372,4.391251233894526,1.3352279104635103,0.5000724777005688,3.55438909134,0.14340480879820505,2.349406213050975,0.002747130565762257,0.020626882627330145,8.154664737309592,0.0020888082195560376,0.0005615732691124364,22.893028836390883,0.03947583487359574,-0.08892146287947933,48.773198300631584,0.08223844204402075,-0.2209709484823117,0.79838166,0.96472663,1.482384,1.8567360377491637,1.0387595454545455,0.930847,2.610277308561685,-0.1673353333333333,-0.2579798620689655,-0.15076208227848104,-0.013943249999999999,-0.070824,0.08178,4.0,128.0,-0.25660450774972476,0.2169502569342674,1.5616909964897285,13,0,999.0,0.1203,тейк,0,0.5862689000000005,18.883333333333333,0,0.776201163757273,1.4318455399002492
NOM,1774915588,1,218700.0,31400.0,7.0,0.0,25,14,60.67444444444445,728,3.2690582959641254,5,50.86046511627907,-0.16727069974908915,1.243992083686729,2.1974885844748826,3.2583621683967667,6.736214605067059,3.3179457587997785,9.410326917201338,6.513979773944079,11.592396385166715,39.12198912198912,14.555342290467044,92.52688172043008,54.154111063280254,27.15617715617715,0.19966484106320567,0.11628778516039102,3.31681449688066,8.069427527405605,0.885747864379439,0.6,178,-1.3498622589531717,10.97523693060225,-17.545475477780325,46.04404567699836,0.5970386039132735,3.3172785977417574,4.40832744251251,63.639706753302356,63.72128204794104,0.986695310133478,0.4495412844036691,0.4036697247706435,0.4546746234725729,397.05691308153905,1.036799671012937,0.5270282670320141,0.6687685197853468,0.5225586609749977,0.6786065579136386,0.5130887951254125,0.504773003483927,4.502345049392301,1.2068901919921233,0.5075575605852455,10.11375317691054,0.025471797225284917,2.941811920295767,-0.003267502890633489,0.017209218470360055,10.908303531110409,-0.07394739587783405,0.03232367948719106,14.555195169042424,-0.05257437835958079,-0.012838031023961416,69.61020123923403,-0.2749298161003514,0.16495778835558905,0.8890785,0.89385475,1.156633,1.3009346193840028,1.0574302727272729,1.0031745,1.5467257723466197,-0.14019244444444445,-0.16385445,-0.17158486602870815,-0.006847499999999999,-0.07572799999999999,-6.558055,4.0,233.0,0.026817885582008927,0.3734439834024883,1.1920658281030505,0,1,999.0,0.003581,тейк,0,0.5930000000000005,0.95,1,22.697570511030428,-2.5297248999999997
C,1774924250,2,144900.0,14300.0,10.1,0.0,25,17,40.742222222222225,489,1.4548192771084338,990,0.12075,0.6552706552706677,-2.078713968957868,-9.142342805709147,-10.37544393708777,-9.941371399439202,-8.790499548212205,-8.066614623991676,-7.670194694890897,-8.090530697190434,-17.94216699570318,-16.517013232514188,-17.453271028037378,44.97332786212558,-10.742074091278608,0.004062153376850159,0.17154136874596998,1.53122808026378,10.985134794658613,1.3597863311842322,0.4666666666666667,2,1.7129696271771966,14.625017993378432,-21.84492865833426,1.7129696271771966,0.05682903533906383,-11.47632055913721,0.9397291796136535,25.680939607210036,28.692575397253535,-0.3471847590321107,0.009153318077802832,0.08352402745995363,-10.14975041597339,37.7707593069,9.071616804317882,0.3787308973656932,2.654213489275709,0.39314824809398685,1.0963426094125472,0.4316253515486624,0.4710981037307192,0.3072974677525793,1.242861649159358,0.6211402834175832,5.11910898450048,0.1355310054242229,-5.608134397081487,0.07009346626001167,-0.007001516701350963,-7.381177920399673,0.07898729231976853,-0.003921719992248218,-5.879883194299773,0.10695352539721004,0.02265644156077884,-29.536934863563825,-0.058779416247090266,0.12746012689854025,0.75763405,0.8039612,1.23871,1.6349713954910026,0.8279986363636364,0.6638175,0.7289158424417426,-0.24995536363636364,-0.5751771914893617,-0.29420415441176473,-0.041618,-0.709244,-6.710044999999999,1.0,29.0,0.38985577845682684,1.8288346157935065,1.9291067146283147,2,1,999.0,0.07066,время,0,-1.1098769609114072,48.0,0,19.416926125106126,-1.1098769609114072
G,1774932991,1,944000.0,11700.0,80.5,0.01,28,5,4.002777777777778,49,6.880466472303207,138,0.5552941176470588,0.21003500583431922,-1.1282523601197192,-1.7616106154198063,-1.9186843307446244,1.8984337921215122,6.86908909905426,10.670103092783512,23.532796317606454,24.31962941517081,24.21174428695401,27.19194312796209,23.568345323741013,9.79289184351828,12.236042811686442,0.6655634546534526,0.12200136726892309,4.3273645152453355,8.253500368459843,0.732189837284748,0.6666666666666666,35,-3.310065300607956,17.269606548719295,-3.310065300607956,25.923753665689155,0.8574199806013583,4.604356128293885,1.1874199503453526,70.65988815274164,88.57153434176001,0.7809757021399675,0.3488372093023254,0.17054263565891076,-1.4139110604333038,65.247680115986,7.0879324393122785,0.47628611338984717,7.661126346904481,0.5004190267251272,5.200765174792851,0.5040306513644334,0.5077596560989139,8.295157154184679,1.2004505546457436,0.5325542603916105,6.038394142442749,0.09254572931495404,-1.3673805435549302,0.030538189584297326,-0.0015674618954174546,13.501842825161138,0.0048401597595024715,-0.021204629662366803,110.89169341820306,0.1729447901148773,-0.19918009623151334,247.42126479034826,0.4352961881612327,-0.12599893145095997,0.79963537,0.7983001,1.079671,1.3502041561768336,1.015832909090909,0.98106,10.392748078807431,-3.2428118181818184,-2.667269787234043,-0.7938031047619047,-0.283393,-1.2159360000000001,-0.361026,4.0,183.0,-0.19262756405900028,0.9750032131466968,0.2642946922918332,4,1,999.0,0.004294,тейк,0,0.4607093999999994,5.666666666666667,0,4.61108523521192,1.0997675437354448
CETUS,1774976763,1,3200000.0,180600.0,17.8,0.0,29,3,22.761666666666667,274,1.7777777777777777,430,1.7777777777777777,-0.26396832380114477,3.515981735159812,3.3272561531449307,7.491702228544317,12.450396825396815,10.693359374999979,9.995147986414366,14.034205231388341,6.984426616328454,-23.849512932482376,-10.95836606441477,-13.703844689760192,-3.5729476818375128,-30.76923076923077,0.2159620671323489,0.18917632689406996,3.7387532071619933,12.444224095190858,1.206267948849868,0.4666666666666667,2,-0.4828797190518097,14.529914529914523,-24.281897127588515,20.201484623541898,0.34386281588447654,0.7833269116981567,3.274861395306471,81.92361695537012,55.22376881147446,2.1428480743090197,0.4150943396226416,0.009433962264150574,2.8992395437262397,71.67070828486,2.031036808166578,0.47670171335381323,1.3822954560627376,0.5070559069804981,0.5381038855650166,0.4953469313403687,0.472680476963507,9.966413766772469,1.412993476574355,0.6116277376584163,2.877847851543,0.040153752075461596,4.542079466932725,-0.01629884335125209,0.011017945506563098,10.618414309193259,-0.04700593312888435,0.03670288611961858,16.019073608061962,-0.071974153260707,0.015079647599630874,-12.624188925817336,0.05755099516383577,0.03708074177227738,0.78963312,0.86517533,1.317413,1.6683861994035913,1.0784083636363635,1.0590495,1.6026849857386256,-0.7777221818181818,-0.6953347021276597,-0.4002715724381625,-0.0757555,-1.051464,0.074072,4.0,173.0,1.3982008995502282,1.5141736136335737,0.44495269778563884,17,1,999.0,0.02267,тейк,0,0.5787128000000005,5.9,0,3.793559770621968,1.9773911820026464
MINA,1775017006,1,833100.0,100800.0,8.3,0.04,25,10,4.0055555555555555,49,1.504062105073118,0,,-0.43096303663185953,0.11666666666667602,0.7041072925398018,0.5860683188211535,2.8243752139678113,5.9809456598447275,7.498210450966347,13.790490623224105,13.725861416130257,13.812050018946564,9.897548481522133,12.70168855534708,3.4263085399449,5.87343690791966,0.8004642578435556,0.11107029329302631,3.2217790516753553,5.285638013881466,0.6465010548696876,0.6666666666666666,11,-1.4276337381030513,11.022044088176353,-1.4276337381030513,15.010530346544137,0.9001148105625715,5.943974541111485,0.6746238941157832,78.7857164061327,88.80369472843711,0.9102088142073204,0.3376623376623375,0.1623376623376625,1.2908633696563365,13.38033750463,6.339364321195093,0.552006666662823,4.7978014323798766,0.5445435652719536,4.470899054582124,0.5403750928880223,0.5319493052904738,7.325129746947219,1.1164966958422249,0.571843361094303,3.4973978034,0.2613833770777303,2.76924758584729,0.025547403943532165,-0.011255837696740656,8.649197807174458,0.018847546646905577,0.0005982988506885167,67.91458391638191,-0.028354014168488373,-0.11540888739409483,104.83167026060092,-0.22920065384615385,-0.09695375859015354,1.00203915,1.06373193,1.212494,1.2100265743109935,1.3021898181818183,1.1509145,9.057439019683594,-1.3482036363636363,-1.1336128723404255,-0.33111003108808296,0.00125,0.0019559999999999994,-0.15998,8.0,223.0,0.12818248712289648,0.047643765798555116,0.601803043319471,4,2,999.0,0.06007,тейк,0,0.4512460000000005,23.75,0,3.2716830364574623,0.5718491686199425
BLUR,1775028105,1,1600000.0,14200.0,109.6,0.0,29,4,6.252222222222223,76,1.0,18,104.57516339869281,-1.104972375690616,2.6278069756330513,4.831625183016097,6.600496277915613,7.8854846810647805,9.368635437881867,9.368635437881867,9.035532994923855,24.593967517401396,25.467289719626173,24.52173913043476,24.44959443800694,12.050078247261343,14.719626168224309,0.29433170036574435,0.14435999050286608,1.2789156116321365,7.893413775766711,0.8326278402179723,0.5333333333333333,1,-1.6483516483516425,11.827956989247301,-1.6483516483516425,27.78108268887567,0.9284294234592447,7.805372788037812,1.4931780431422537,77.2507205721521,91.60973594501921,1.941689366412347,0.5660377358490568,0.43396226415094313,0.0,42.0147874347,9.882662375499526,0.500842104684407,4.803016398375381,0.5019903198672723,2.904474766264192,0.4846866385286846,0.49777598988700755,39.07910254401613,1.2693097858053894,0.48755450060300454,6.0770370890355,0.14464043400149343,10.80952878438266,0.01587577597445633,0.004204315283096394,24.380333491745333,0.01358295584380742,-0.025982310732512226,61.42780121911575,0.02965552856452791,-0.17294681504433573,284.6507325176723,-0.2622423397439173,-0.21823245256753576,1.55828495,1.45850622,1.015355,0.6515849363750834,0.9996489999999999,1.046449,6.556750086649099,-3.7720466363636365,-3.7157928085106375,-1.4768154154589372,0.000468625,-0.029965,-0.062345,8.0,38.0,0.7713876816979992,1.759970566593072,2.7928916321773523,7,2,999.0,0.02148,тейк,0,-0.33678390000000047,28.85,0,18.528864059590312,-0.4445078430167606
KITE,1775037723,1,1600000.0,90700.0,17.3,-0.01,21,2,81.18,974,0.8421052631578947,351,0.04938271604938271,0.5416772877899545,1.551235839340892,1.6755816201585283,2.1561771561771526,2.7349091619456756,6.4574898785425106,9.266569707043427,7.013497931221591,2.3284472694253378,1.9778941244909864,-9.170984455958553,-0.15820782179470916,-32.90094841151704,-6.670544890440178,0.8622887625263896,0.19873036208901543,1.892973461669789,4.100690215184732,0.43858234562405746,0.8,1,-0.13924931957718378,9.63913948646773,-3.2679337829552457,9.486467730742532,0.719473684210526,3.2990671692887164,0.6884107723014118,73.16728890666593,58.19599945260708,1.0638857799252062,0.03571428571428439,0.19642857142857031,1.1101071382470629,38.77107690946999,1.586238868614411,0.6246567942381278,1.6012857181616182,0.60980313581974,1.417285893237036,0.6036448766456156,0.5157253338345132,0.6619693025054214,0.8861927599952486,0.6097271965300407,20.8354991459904,0.5373979988907981,1.2551282631707794,-0.004229687705447738,0.0012718680819339134,4.056627345324193,-0.026401546795712827,0.009734772076229303,14.916623422862996,-0.037807617084829825,0.01347227021273878,16.353196878513685,-0.11273625303002699,0.10560042156964089,0.38850387,0.43221574,0.876991,2.25735460498759,1.6206920000000002,1.9357820000000001,1.6097244065973,-0.0083435,-0.1758885789473684,-0.23290458801498126,-0.02913125,-0.6615219999999999,-2.8951390000000004,4.0,117.0,-0.03263840724574418,0.27799620568795813,3.7959554791049177,10,2,999.0,0.15777,тейк,0,0.5942334000000006,16.1,0,1.4929327502060108,1.2410421332319195
KERNEL,1775046021,1,15500000.0,970700.0,16.0,0.04,17,0,14.220555555555556,172,8.157894736842104,287,36.68639053254438,-0.44663627058713073,3.2223830197780856,2.726836293807011,7.907211296016148,8.61928934010152,7.841951416187887,10.424192383114871,7.7442094662638405,6.246276067527323,11.494372655273022,44.01669134473012,31.679999999999996,10.458393557712164,0.9691538140891964,0.44451228837689677,0.19084197716780735,5.148990710398538,8.388207881673582,0.7994391428961146,0.8,2,-1.2916320693790895,12.30960522225677,-10.145292684975216,13.457051961823986,0.5123132821962053,0.8390740355318504,1.4983639085650937,69.46833797469947,63.63443028883746,1.8574772927095764,0.46013667425968235,0.02277904328018286,2.2371144180545866,420.80816046607,0.6808810570322157,0.548115382095882,0.4128291526768699,0.5595738029039888,0.2918411805331474,0.5444129345099676,0.5126919417533863,24.20724668481937,0.710990722163162,0.571036499082614,9.31850286477216,0.02214430170377724,3.526241861655066,0.007734238499528701,0.025807115163251515,6.314030178411123,0.06361284396331968,0.01487356799125128,1.1941354612438504,0.07978749972513532,0.060726670362110546,19.870667754379447,0.22429843343875744,0.03302006710307026,0.72528699,0.67334564,0.987405,1.361399023578239,1.374732,1.2252589999999999,0.1145542424157591,-0.2096139090909091,-0.19443306382978726,-1.0682070804195802,-0.018550749999999998,-2.829966,-2.034632,4.0,219.0,-0.05832442670733462,0.061167883211665774,3.0065538244669066,12,2,999.0,0.10699,стоп,1,-2.034077199999998,5.816666666666666,1,22.540742125432267,-2.5345771999999993
D,1775053911,1,237400.0,5500.0,43.4,0.0,21,11,15.416944444444445,186,1.0,466,0.30245891196330743,10.636982065553502,17.60065735414955,16.661232474731015,17.119476268412438,13.605334180028583,13.804071246819326,16.452400325467863,17.292247172594656,13.497224425059473,12.268591151553188,-6.076912980706128,34.511278195488714,26.85694025881935,-3.592720426733609,0.0023024605712334677,0.2429779465530243,1.6058855320484788,17.85243741765481,1.1158225575431864,0.5333333333333333,1,-8.794290084119305,30.02983095790521,-8.794290084119305,18.909936856098362,0.62253829321663,11.049957176194836,0.7994883263710817,82.06756734310694,69.27944934033161,2.74448822791473,0.006437768240342349,0.1824034334763951,6.177479980388956,11.529767221195002,17.267434692241896,0.557696346581769,5.303222388193076,0.5291858144026804,1.8626775292117386,0.5252036925971288,0.49489780442649706,0.3440994987237742,1.6012660754244468,0.7293660175581307,2.4295301570484,0.2107180579137999,12.76976598864341,-0.05152350071611844,0.0647817287539112,8.536885994942821,-0.04087792884128749,0.05877655898897993,8.379044900391541,-0.019985751044685363,0.0543073181381466,-13.013008958501294,-0.07700045005605105,0.07081383059036694,0.99651028,1.11714286,1.2411,1.2454462587179733,0.830585090909091,1.0607935,0.5092901178328982,-0.09438483333333333,-0.07973204,-0.07348862420382166,0.00125,0.012465000000000002,-2.933656,4.0,88.0,-0.06172677365974266,-0.00642430489750101,1.1711750306901747,14,2,999.0,0.007156,стоп,1,-2.021999999999998,0.13333333333333333,1,22.77976523197316,-2.5224999999999995
ONT,1775057228,1,223900.0,14600.0,15.4,0.0,21,12,4.0055555555555555,49,1.0,1011,0.24176654788899687,0.2595155709342656,0.2595155709342656,0.9581881533101022,4.8868778280543035,2.930728241563063,8.724202626641663,11.12176414189836,11.764705882352944,41.34146341463414,55.36193029490617,57.472826086956516,98.79931389365353,92.5249169435216,39.8123324396783,0.659460222726911,0.11200460914580919,4.5080545111396475,7.933579335793373,0.7065632194783491,0.4666666666666667,11,-2.1114864864864913,14.617618586640857,-2.1114864864864913,58.98491083676267,0.945054945054945,19.227875587071843,1.7647691208469671,74.0850897971192,85.79669670202834,1.280709398850565,0.20588235294117624,0.11764705882352869,4.166666666666674,401.13971403934,2.5923591682499345,0.512538117737932,2.0336520596135146,0.5103019486116521,1.7972609619962379,0.5123210989052461,0.5083022380607106,1.5138751823292975,1.0787923185754558,0.542432278898063,28.8961204343628,0.07203505268373636,0.9099237126792836,-0.006036487774464416,-0.009314039548588227,4.914421928553425,-0.0077280998664394085,-0.016897700697448337,13.314947636580698,0.12468490080841876,-0.002508086605423343,124.7209986989422,-0.16078759314847368,-0.02847819079921543,0.94594595,0.81216243,1.187563,1.2554237374767552,1.0654854545454544,1.0105119999999999,1.1971974469787654,-0.39835463636363644,-0.3034905531914894,-0.495980393728223,-0.032612,-1.359218,-7.652374000000001,1.0,32.0,0.3296247495570004,-0.18649235439670564,1.8501573414868133,15,2,999.0,0.1159,тейк,0,0.5781117000000006,8.233333333333333,0,15.966928386540125,0.8858406914581546
BANK,1775078198,1,70800.0,112.3,630.6,0.0,29,24,4.176944444444445,51,1.0,0,,0.7693684022186398,0.49964311206280865,-7.307439104674129,-10.103750997605744,-11.083043890116818,3.700975879211943,20.290474156343443,29.829414476717385,42.799188640973625,44.52142673851682,36.170212765957444,34.89820359281437,44.707091469681394,20.14370028226842,0.6183458459025856,0.11399320680976838,14.04767324578069,19.25282041797669,0.9925197148808307,0.5333333333333333,58,-14.653735414456726,41.12489307100083,-14.653735414456726,49.548592671269255,0.6586657253794567,2.9692773299387687,2.4694654983353868,57.542436383783006,69.41350081668878,0.5852993989691013,0.0,0.19740259740259733,-9.951690821256044,40.06691296547,7.796299267256408,0.4810008751222439,6.997077590663625,0.49323537853392474,4.5908682354815475,0.4933985472578801,0.4855076019019628,21.357881816730185,1.085711072326706,0.5458836842654433,7.68922655074857,0.19190963270305375,-3.2168497957701714,0.03003038004618963,-0.026229912876664097,-15.72747952642618,0.15312259717175514,0.010368646716989005,32.479579571897396,0.10901598578512117,-0.30225624370147197,98.42816917208698,0.052246484265305204,-0.557539492837752,0.80472103,0.81072027,2.138032,2.656861098808366,1.009714,0.944942,1.600730437427617,0.2594393333333333,0.11457728571428571,0.06483135714285714,0.00125,0.030000000000000002,0.09000000000000001,4.0,163.0,0.30035237034446993,-0.6611644819471407,0.4126377481894705,21,2,999.0,0.05632,тейк,0,0.5935000000000005,4.3,0,6.267968749999997,4.781904704545456
FIDA,1775092845,1,1100000.0,161200.0,7.1,0.0,25,4,4.068611111111111,50,1.2953367875647668,56,48.03493449781659,0.44164037854890204,-0.6242197253433224,1.6602809706258048,-2.5703794369645094,3.1088082901554293,5.36068828590337,8.373042886317217,8.15217391304348,18.983557548579967,18.54058078927774,26.751592356687894,26.650755767700886,8.668941979522193,9.381980640357423,0.8415235568859657,0.10152960314684227,3.2476588677908147,6.788511749347248,0.8036721974227224,0.6666666666666666,36,-4.613541042540447,14.23682409308693,-4.613541042540447,22.179585571757478,0.7896174863387979,8.711427763783552,1.1024440298734641,62.11409324728937,81.52412772958061,0.88076313655482,0.1864406779660999,0.30508474576271105,1.9035532994923887,11.15539641837,2.569075625454788,0.564345020360695,4.180170777645363,0.473264683853965,1.7761575288379703,0.4908535441590813,0.49961459257441365,10.881236325272308,1.1277293204306866,0.47624750960471124,1.65206546527692,0.14809563043016594,-0.04773646636884177,0.01413007709776637,-0.01839311034062252,2.525678435051981,0.04476615566784359,-0.004469934421934552,11.573200454753607,-0.07345242398015484,-0.0009422474989680962,49.11555640311265,-0.15516845503498522,-0.3563767600985812,1.79829545,1.76979294,1.360355,0.7564691330337293,1.0200225454545455,1.5826529999999999,1.382197680327891,-0.3636555,-0.23826268421052632,-0.2075885918367347,-0.002865,-0.114766,0.09000000000000001,4.0,159.0,-0.10560699822375064,-0.223417689992933,-0.1735467293623727,1,3,999.0,0.01592,тейк,0,0.5930000000000005,2.1166666666666667,1,20.456218592964824,-2.5276745999999974
SOLV,1775111514,1,794500.0,106400.0,7.5,-0.0,23,6,16.746388888888887,202,1.0593333333333332,59,4.763189448441247,-0.04798464491361232,3.1443426590740398,4.7259929612871066,2.3335789732252588,7.732092061029228,7.732092061029228,9.747102212855662,7.371134020618553,12.079634113532434,20.12687427912343,32.12813193783699,34.82200647249194,37.08456729187235,9.457900807381758,0.33079630317548325,0.1394750561089103,3.5449332130717437,8.177570093457941,0.908566072592912,0.6,32,-1.185958254269448,11.949017525225702,-1.185958254269448,24.358208955223894,0.9422632794457279,10.168006972468135,1.321031436388584,70.46080892341834,73.33726483664184,1.2589451221730639,0.05529953917051021,0.175115207373271,4.174999999999995,15.754858976893,1.6091469352878724,0.6078715865181483,2.1258550663986355,0.5285216616574653,0.8079869932135955,0.5229345378989934,0.48925984340953654,7.075664879176556,0.9991358542070167,0.5394443682068347,2.1057244159571398,0.13365555471143972,5.729705252087047,-0.03441456647148278,0.018950303919328837,19.028020850657114,-0.047485385479936415,-0.02648506098785175,19.32355500082277,-0.11394004545507697,-0.051201727953382736,58.770210400108056,-0.29630597069085607,0.0533543464672428,1.63234365,1.92027335,1.503183,0.9208741063807244,1.3993051818181819,2.0523990000000003,1.982492291435758,-5.974999999999752e-05,-0.089965,-0.4369864571428571,0.00047075000000000003,-0.39773600000000003,0.040998000000000014,4.0,88.0,0.24499660646593036,-0.3753905332788965,-3.215790544271069,6,3,999.0,0.004166,стоп,1,-2.021999999999998,0.5,1,21.9467114738358,-2.5224999999999973
CTSI,1775129498,1,267000.0,31.5,8484.8,-0.0,26,14,4.342777777777778,53,1.0,0,,0.7843137254902155,2.8000000000000025,4.8979591836734615,7.531380753138084,6.198347107438029,3.629032258064524,8.898305084745761,17.351598173515992,15.246636771300448,20.09345794392525,18.981481481481488,16.81818181818182,10.300429184549342,10.280373831775712,0.21343249393212152,0.07538766728624195,4.898938720027335,8.860759493670889,0.9464902186421186,0.6,9,-1.1538461538461497,13.53711790393013,-1.1538461538461497,20.657276995305175,0.9361702127659578,7.327722851272345,1.3321283356684817,67.54492230077098,67.21351532319855,1.1148442188436767,0.5624999999999998,0.06249999999999973,2.448979591836742,6.388099325,5.1789259476487555,0.6013711109065649,2.517660809852859,0.5737341695588948,2.5977835578503625,0.5219185340265805,0.49799535894035274,5.639037163597262,0.9449104341687319,0.4110787510362491,1.77848545829894,0.27840604345940406,2.927128410632651,-0.023570841522358554,-0.015495418198917976,5.825464282820181,-0.046199649465524906,-0.03794230018602651,10.040943315916827,-0.02163568007718286,-0.081144933887633,23.25270341706249,-0.11618047037967294,-0.11320311885575063,1.58449159,1.81002639,1.43202,0.903772547003547,1.4537148181818182,1.3343995,1.1284107726458912,-0.28347022222222223,-0.4224642272727273,-0.2875444482758621,-0.026773125,-0.19418499999999997,0.03947200000000001,8.0,268.0,0.11833516740280547,-0.34765151424215324,-3.0705172549671977,11,3,999.0,0.0257,стоп,1,-2.021999999999998,3.6666666666666665,1,22.02809338521401,-2.5224999999999973
NOM,1775133377,2,5000000.0,30600.0,164.0,-0.23,24,2,4.003888888888889,49,44.603033006244424,799,67.93478260869566,-0.5853755332870358,-0.16937331872074468,0.5015045135406293,-0.536033353186427,-1.2516014585591817,-5.649717514124298,6.042967509789388,23.292727943890725,70.96058693055791,65.23746701846964,227.34400522705,209.06847624922884,383.3574529667148,55.8212401055409,0.11570751181623765,0.013506319683390377,22.33872889208053,23.929539295392953,3.967265725288831,0.4,179,21.675774134790537,50.24893746205223,-19.017214903418743,80.05390835579516,0.6543772032902466,29.14384268561452,5.065143276241091,55.914471050338875,72.09735969327971,0.5433485717245461,0.09468438538206227,0.18106312292358756,4.473171232173989,617.1715016753509,0.8559375972091327,0.5093406197160525,1.0065819806341767,0.48846837035433743,2.0260857997709665,0.5035573203545294,0.5111907260157722,2.903727854867871,0.9251929971615902,0.4822207630265534,15.57502807658463,0.02523614268368717,1.2541906646793777,0.02304872324963303,0.0008424111187219641,3.24977237580073,-0.012092442537355197,0.027296403886607257,-9.62770046075877,-0.03963246392959452,0.014527067699345864,-12.442300468330359,0.5459319551007986,0.11703288573225312,0.82917965,0.80202281,1.087083,1.311034345813962,0.9794335454545454,1.0804335,-1.5932073844782793,-0.49174760000000006,-1.3909535434782605,-0.4987014786324786,-0.14656375,-1.018322,-2.7553460000000003,4.0,203.0,-0.45200292100487927,-0.7952548791887781,-3.453688938732824,12,3,999.0,0.01002,тейк,0,0.5929999999999994,0.25,0,0.5787425149700764,3.105366664471058
HEMI,1775135725,1,1300000.0,168900.0,7.6,-0.0,22,6,4.065555555555555,50,1.0,73,11.754068716094032,-1.4550822437789934,-0.1922255446390464,1.5538411387591156,14.380124831721952,16.417538614848027,19.193980359647988,11.328171530673025,32.850035536602704,44.49598021026593,57.87162162162163,54.88896254557507,52.76234063419418,52.93732613320241,41.807432432432435,0.39551393360340314,0.06655235779720153,9.148587738677971,21.70940170940172,1.7006381981807321,0.5333333333333333,20,-8.111296824304393,35.613333333333344,-8.111296824304393,59.02671431002211,0.8078714485328367,20.20938197187043,2.125347635000508,72.39741664656431,88.44128524785584,1.1250076385062078,0.30870083432658013,0.5733015494636461,1.0548748002131125,36.034733606334,8.797897170262697,0.49318636360160867,5.850402781721899,0.4946452919698378,3.155118547582254,0.4827773173593994,0.4809858481337693,5.317408826336725,1.2217458027529307,0.5508166085468658,3.44196992717244,0.0955181177353682,3.280547697442193,0.004387201809593622,-0.0017351725434758825,31.18517264143412,0.038281238180695176,-0.03155430139708382,27.79413888809883,-0.03331521389791536,0.022303509639149732,135.05521100390604,-0.07650985522900045,-0.04929758752574287,2.03899309,2.0016835,1.189169,0.5832138450258308,0.9266782727272727,0.9781150000000001,2.453541492803255,-1.6625571818181817,-1.5069269574468085,-0.9706202148760331,-0.180564,-0.9029510000000001,0.076044,4.0,164.0,-0.25733604277039523,-0.640716686949494,-3.5593103881807475,13,3,999.0,0.009346,тейк,0,0.5930000000000005,0.7833333333333333,0,14.9820243954633,1.7045628186175903
STO,1775136696,2,4099999.9999999995,691800.0,5.9,-0.0,23,3,4.097777777777778,50,1.4137931034482758,29,51.57232704402515,-0.5204568454532321,-3.543392935019629,-4.878273558098456,-3.97115831911925,-10.531790404368735,-18.416788523100035,-47.90410094637224,-32.16902704301252,24.625694276744746,64.92410119840213,352.0364963503649,349.34697431432306,575.0490516677567,216.577896138482,0.024035020201708727,0.10782799488317572,69.22830610211905,33.283890400487756,0.7626037279512946,0.6,217,23.354712771890675,146.2313759859772,-66.82363151296968,86.33669324507298,0.1870156617632682,-4.517365647878235,9.922390998476384,42.04502776170035,51.91419949913653,0.322764543668913,0.6387953239548232,0.06122448979591909,2.448768337457752,3787.0406159882605,0.5759036798690731,0.505373478744699,0.7128722277793623,0.4993623461046147,1.6791765171736972,0.49664728169840006,0.5107874527424467,21.22898140724899,0.6575798796647846,0.5046596183795996,37.733329783660004,0.009963803827283001,-2.5813364131804017,0.02938093160250088,0.002345752676744528,-10.134881783941541,-0.05783548854172438,0.018655842432086844,-38.53548715684547,0.4741526942301051,-0.04618605036528722,-11.048160713469057,1.00045686021534,0.6498347674098384,0.81855542,0.76437332,1.174227,1.4345113004077352,1.0099988181818182,1.0417205,0.8044298169792444,-2.432382454545454,-6.605327680851064,-1.6129837835820893,-0.76759,-3.903467,-0.283338,1.0,28.0,-0.006655040512570931,-0.5014741715216431,-3.526889816979395,13,3,999.0,0.61929,тейк,0,0.5930000000000005,0.23333333333333334,0,13.97518771496391,6.433952167620985
HFT,1775140548,1,192900.0,31400.0,6.1,0.0,25,17,5.739722222222222,70,1.0404530744336569,0,,0.21786492374729072,0.5098324836125379,1.098901098901095,1.7699115044247815,2.985074626865658,7.644305772230897,7.560405300077955,9.523809523809511,11.831442463533225,8.490566037735835,6.153846153846154,14.904246461282256,6.728538283062635,0.864779874213828,0.8393570198488062,0.15573866653255278,2.21298615081027,5.0623052959501535,0.6479750778816197,0.8,10,-0.3610108303249038,9.313338595106547,-0.3610108303249038,14.808652246256248,0.9726775956284155,7.940788580928393,0.6005415411792909,86.23674699030802,75.34567261809983,1.0935874794588787,0.35714285714285626,0.2857142857142875,0.73260073260073,3.0271397222100003,5.014889128129539,0.4803665708666064,3.3759710746549563,0.49574435062027844,2.121247563099612,0.48723413640047614,0.5102690949469307,1.4341575507358282,1.0278371850446062,0.5890664799993286,1.53946128790692,0.5085530993538077,2.7590264773872164,0.006843891237167776,0.016711440106833786,8.242286392357357,-0.004096306264108063,-0.009574017258854761,16.759860824647287,0.0010765186155563544,-0.02127634071811102,13.928594706977382,-0.007162038489743949,-0.026611204615777817,2.30135747,2.44871795,1.306462,0.5676919022927802,1.1172474545454545,0.9687135,2.216793962682725,-0.289406375,-0.19749317647058826,-0.05358315294117647,0.00125,0.030000000000000002,0.06667000000000001,8.0,84.0,0.16805095680139104,-0.17335725160920745,-3.3050791773441057,14,3,999.0,0.0138,тейк,0,0.5812940000000005,39.28333333333333,0,13.695652173913043,0.5300186376811592
ONT,1775143854,2,6100000.0,236300.0,25.8,-0.02,26,0,28.06833333333333,338,27.244305493523896,1003,6.586761688802505,-0.6673021925643452,-0.8563273073263544,1.9569471624266255,0.5791505791505891,-0.19157088122605526,-1.6981132075471694,-9.705372616984398,-8.995633187772933,-10.172413793103452,-9.783549783549784,41.19241192411924,40.62078272604588,93.68029739776951,-0.08658008658009031,0.729386148970263,0.10870224911883583,8.094727580396333,10.526315789473696,1.1023923444976096,0.6,149,5.78680203045685,18.375634517766493,-22.81481481481482,7.091469681397733,0.18302387267904513,-10.168386403705387,3.208984194209282,40.29838759815692,45.98525517353988,0.26772451513463197,0.3103448275862086,0.31034482758620624,2.142161635832518,500.04318684311,0.9487697504183225,0.567525934299055,0.4462689825291733,0.5210699139271052,0.6614889655708899,0.4840870429205904,0.5006081995251951,2.1371389855123586,0.9906750379389226,0.6117148859825677,15.2091161503237,0.030415605192708296,-1.5046711378658206,0.0025685606974890085,0.011586265788216421,-4.07846165815543,0.007847054652338148,0.015493174653537611,-23.01157741508898,0.040765985761672896,-0.024064180658782464,-47.454966903470144,0.32675400901532226,-0.07885874129640436,1.25767956,1.1361518,1.094594,0.870328209834308,0.9600380909090909,1.0307615,2.371014315804705,-1.0913723636363635,-1.0074127021276598,-0.6585182454873646,-0.118699,-1.7063890000000002,-7.5547889999999995,1.0,29.0,0.8805230890036597,0.5866100533761021,-2.7760556288075278,15,3,999.0,0.1042,тейк,0,0.16681350000000061,23.983333333333334,0,14.239395393474098,-0.09329738714011536
BMT,1775161295,2,159300.0,3200.0,49.0,-0.3,28,23,4.083055555555555,50,1.0,59,34.630434782608695,0.5329780146568819,-0.1984126984126977,1.3431833445265218,1.8906144496961375,1.1394101876675666,-0.26437541308658163,-6.27329192546584,4.429065743944638,6.043569922698522,6.794055201698512,6.342494714587743,8.483105679367341,1.6161616161616044,13.941967445152148,0.7543032920283667,0.06067395285918752,3.6321291006103706,6.084337349397595,0.9436573215940695,0.6,56,2.7929155313351384,17.02997275204361,-19.562899786780385,10.46852122986821,0.280392156862745,-7.522232261838568,2.405276774449692,50.67343401993244,61.987373592381054,0.3973718536360892,0.0,0.12000000000000194,1.4804845222072593,10.743780668140001,1.04538048069669,0.6407097151046673,1.1451445600489873,0.5272479340847264,2.643119410001526,0.4724782047598781,0.48234742236665235,26.94606610404767,1.1343701885967667,0.49019152268234895,1.160317610229,0.10799900389532784,2.443475807200879,-0.04333033675080422,0.024598810306140084,2.2844436896641396,-0.10121136593339009,0.0826388299242582,-16.155705698559753,-0.12585202497368964,0.2506032468520196,25.81028214520391,-0.2318071741125416,-0.05539608815157193,2.824,3.39440994,1.504567,0.5327786827195468,1.2735605454545456,1.1661709999999998,2.5753154628397223,-0.085209625,-0.14076724,-0.12506509523809528,-0.00100325,0.020987000000000002,0.09000000000000001,4.0,218.0,-0.23993697178055218,-0.015403688809600968,-1.7583250800106809,20,3,999.0,0.01509,тейк,0,0.5920204000000006,16.7,0,3.9823724320742215,0.22439498323392937
FIDA,1775185872,2,780000.0,37300.0,20.9,-0.03,30,8,29.909444444444443,360,0.9185115402731983,56,34.06113537117904,0.16703786191536452,-1.2081274025260935,-2.4932249322493383,-2.228260869565224,-3.48712446351932,-4.96566296883254,-7.601438109912695,-10.940594059405939,15.172855313700385,15.76576576576576,35.06006006006006,43.91999999999998,28.868194842406858,25.289575289575296,0.7817274409360067,0.0751787607382654,3.5745841488394436,6.382978723404253,0.824291954346906,0.5333333333333333,44,0.4466778336125188,17.587939698492463,-30.486862442040184,21.390013495276648,0.28661844484629284,-12.96426489697977,3.7003705406303675,38.297136671179295,50.17375402693764,-0.02227585979771281,0.4516129032258025,0.3870967741935466,-0.2720348204570233,137.00932159808002,0.26261282221328963,0.4564666660181714,0.2620905387969107,0.46057061837046687,0.4302724231279321,0.47926479208183076,0.4871354116241044,50.854779337502364,0.6227526644077197,0.5178579507428395,2.72294611414,0.019874166825873535,-1.8177802634776974,-0.006218409166677374,-0.003159932825320233,-4.918633605909994,-0.043263336156677656,-0.001456750021696207,-15.2893837884581,-0.04165148519041084,0.01524285520705626,77.60391966888798,-0.24877736083174962,-0.08127981361300884,1.40326855,1.3724236,1.288664,0.9183302796888023,1.0019942727272728,1.131449,2.011380421359992,-0.09040366666666667,-0.1995819696969697,-0.5776215490196078,-0.06863000000000001,-0.90232,-0.054765999999999995,4.0,48.0,-0.141743870028066,-0.6712070974101536,-0.4743975002095113,3,4,999.0,0.01799,стоп,1,-2.029629699999998,11.383333333333333,1,20.71033907726514,-0.43242632823790894
YB,1775189485,1,175300.0,2800.0,62.3,0.0,29,21,11.508055555555556,139,1.0317834020011771,0,,-0.46260601387819733,2.4603174603174516,4.281098546041995,6.3426688632619355,7.048092868988376,6.782464846980973,9.965928449744442,11.678200692041528,13.245614035087705,28.842315369261474,23.069590085795987,25.339805825242713,7.31504571903574,17.165668662674662,0.4277985430980357,0.12394527473697087,2.4391453124159135,7.943143812709019,0.7680560546173195,0.6,1,-0.9969325153374231,11.835334476843906,-0.9969325153374231,30.66801619433197,0.958860759493671,11.1398797617287,1.1939171256698218,70.52061975712691,87.10935605658099,1.3811165562402408,0.10810810810811135,0.05405405405405193,2.5409836065573677,15.7005549549,6.071938863017546,0.5008653062400203,2.513911442326555,0.5121469702475714,2.1548951957166973,0.49421907196535586,0.488618870812956,5.041743962723729,1.2508133136040238,0.5168037617231086,2.6012324951999997,0.16567774213536182,4.535489930224279,0.007231036485202624,0.013956339906338266,11.224679062412601,-0.049872774847104395,0.023574994391040605,27.75255568611612,0.011349089011455149,0.06374449937053162,71.53030969588376,-0.0806288362555434,0.08337958916003574,2.15521978,2.3131068,1.473601,0.6837358369084753,1.1952879090909092,1.068733,2.7847436218376407,-0.11572666666666666,-0.0890233,-0.09000231034482759,0.00125,0.030000000000000002,0.09000000000000001,4.0,228.0,0.06826595453546247,-0.47630797759782295,0.017433542135081304,4,4,999.0,0.1291,тейк,0,0.49903920000000046,10.983333333333333,0,17.386328427575528,0.6731752718822619
SOLV,1775197926,2,189200.0,3200.0,58.2,0.0,35,20,40.749722222222225,490,0.25226666666666664,59,1.1342925659472423,-0.4382120946538115,-0.7209962857767094,1.1350990429557228,1.1576135351736516,-0.19767186470457387,-3.5039286472711706,-7.454175152749487,-8.053419668150541,-22.00480604188121,10.586517400827455,30.95100864553315,44.116714240405976,35.15764425936943,19.493794110489194,0.7978708047555283,0.09284730419106234,4.090193802688624,9.469619995935796,1.212357323635521,0.6666666666666666,27,3.038548752834469,16.031746031746042,-51.47891083822744,11.64619164619165,0.0895184135977338,-29.043202473542973,6.387746536534526,39.42366929780869,44.476568958960826,0.25835512810811595,0.14432989690721798,0.3195876288659775,1.1499336576735963,317.983103654247,0.1200563647512726,0.5317683399583094,0.13053159227995867,0.47298516977253524,0.20360555267160743,0.4814803766375268,0.49078610662909233,74.52157364493826,0.684869299864215,0.5255958290369916,3.68727684293304,0.011595826320829714,1.5367770720320806,0.01009990565498442,0.019642222698221135,4.359986812421712,-0.05290314153280584,0.07311294966650883,-6.594565201841229,-0.12714056940829066,0.10617659479876695,77.25036096312114,-0.3447848398916934,0.05913105691143561,1.07772166,1.25502646,1.589922,1.4752621748364974,0.9035381818181816,1.0518235,0.8846807415584823,,-0.10481615789473687,-0.391442201793722,-0.00764075,-0.890771,-0.37902500000000006,4.0,87.0,0.06776951153357746,0.2548743016549615,-0.027772481824039907,6,4,999.0,0.004544,тейк,0,0.5930000000000005,0.8666666666666667,1,22.181558098591548,-2.5704855999999974
CHR,1775200570,2,135100.0,3700.0,36.4,0.0,37,27,4.915,60,1.0227100681302044,0,,0.0,-0.5376344086021501,-1.5957446808510745,-1.0695187165775555,0.5434782608695565,-1.5957446808510745,-7.9601990049751326,1.6483516483516425,14.197530864197528,20.12987012987013,22.51655629139071,21.71052631578947,24.161073825503344,30.519480519480524,0.5990588764533471,0.08027594455288496,3.6943515191684373,8.040201005025127,0.8241206030150747,0.4,147,2.20994475138121,15.469613259668492,-15.52511415525114,24.99999999999998,0.5211267605633801,-1.7127791091644307,2.127863285500887,48.65472813331909,62.97045672521658,0.23228065211059953,0.49999999999999567,0.24999999999999784,-0.5347593582887833,29.5840457645,0.7142588858943759,0.39431724713790633,0.906739239978774,0.511308554588131,2.0411590409808364,0.4765921978727885,0.4849029552920059,19.151492598822458,1.2958275978948244,0.40639460355930046,2.81660697380194,0.09520695702755393,-1.7554911330871392,0.004661555416545227,-0.0015701617043610838,-0.6101847417667061,-0.08220214510285118,0.07295864408171915,-12.100306642393932,-0.060284895385106174,0.05418067533494697,71.84748404249453,-0.25604464459439447,-0.39526843637331666,2.03829322,2.12618596,1.567437,0.768994855411431,1.0632461818181818,0.475072,1.520101021950736,-0.15965900000000002,-0.11516420000000001,-0.14931157647058824,-0.00214475,-0.005861000000000001,0.048085,8.0,43.0,0.22480374692921412,0.2428557919905705,0.36125766958747807,7,4,999.0,0.0185,тейк,0,0.5953068999999994,17.3,0,16.956756756756764,-0.16685526216216273
HEI,1775201544,1,220500.0,62400.0,3.5,0.0,38,20,16.94333333333333,204,45.0,259,44.1,0.859409431467606,-2.2321905372209905,4.844805864162183,8.31854218435688,9.707574304889732,7.871788828658954,8.037294936858252,9.826034793041405,5.436535360516004,18.80597014925374,22.658448345169504,25.966698775285547,15.858752056701686,9.96755353666452,0.10536471189404388,0.1304636546414969,2.5966412034269304,12.069789674952203,1.5089017298657073,0.6,4,-4.844074844074841,16.35220125786163,-8.560583358305873,18.836816824613777,0.6286828422876947,4.9177008508678455,2.607766253653616,67.65698252205297,70.57412363821797,1.1784478104539096,0.15690376569037529,0.04916317991631926,8.713121340833418,13.030879446193001,10.482611811816835,0.4885360433920123,2.979771461212926,0.49755224949996746,0.942633047723314,0.4813599153925594,0.4774453419246107,22.396369935278226,1.0844256666122858,0.5090699466551826,2.016469414912,0.1547454585270617,13.421332182991751,-0.06769717509766016,-0.18510133094872427,22.859314702186495,-0.1481062813953914,-0.1936989204451559,20.073218875109934,-0.11368480202718045,-0.13445013780816495,47.903666440641544,-0.3201130014273085,-0.5077721463576528,2.32043344,2.6884273,2.273661,0.9798432313576726,1.5339645454545454,1.017392,2.4975093029193323,-0.089515,-0.029782799999999998,-0.06713584285714284,0.00125,0.030000000000000002,0.080766,4.0,27.0,0.479020695496013,0.4671023886634096,0.3991165420302645,7,4,999.0,0.09154,тейк,0,0.5930000000000005,0.3333333333333333,0,-0.07117107275508294,0.9048922875245786
VIC,1775207471,2,59300.0,1000.0,58.5,-0.01,37,28,4.000277777777778,49,1.0,0,,-0.14635166213673445,-1.4648236022281824,-1.6474464579901205,-1.7688194158782422,-3.0450669914738104,-10.828976848394333,-15.439093484419274,-2.450980392156865,0.18879798615480947,6.180524677634502,11.406578026592019,14.862914862914867,10.73498724785531,25.566918630502443,0.40392570907606334,0.12713151847426937,11.466619562571623,7.256405461006166,0.45340573023385755,0.5333333333333333,2,0.12578616352201255,21.383647798742132,-17.51295336787565,8.15217391304348,0.26200873362445404,-6.559999626845981,2.0896431580588746,40.61197636515978,49.16739711219747,0.07706099812332003,0.25714285714285684,0.3571428571428579,0.5597014925373012,14.5273198413,0.9167841642514688,0.38003483465865945,0.830297617499183,0.4134607688407365,2.696157820852039,0.461874872725499,0.4826514985611105,25.475626646400194,0.8938583970039983,0.6242784380194073,1.07477071559,0.07398272546698623,-1.0912244505271063,0.007465593508729551,0.004276040282306992,-4.253594143835437,-0.017392409706308398,-0.004277835588757606,-31.247068388293187,0.2308877525228228,0.05105354453528399,49.180098522368084,-0.23649975880099627,-0.32699885970864717,2.7147737,2.90378549,1.250636,0.46067780898275246,0.8632753636363636,0.8187475000000001,2.0238926864344013,-0.090784,-0.40680096153846146,-0.23483192783505155,-0.02881975,-0.10023800000000002,0.09000000000000001,4.0,168.0,-0.11013478826662482,0.5350051367702502,0.778099978620328,9,4,999.0,0.04776,тейк,0,0.5930000000000005,1.3833333333333333,0,4.266541038525973,0.07137688442211033
ONG,1775208444,1,139900.0,253.6,551.6,0.0,36,25,4.016944444444444,49,1.0,0,,0.4981182200575418,0.38699690402475007,-0.9599650921784719,-0.9599650921784719,-1.8061864590093069,1.6571492554025236,10.396400778210113,39.1844243446267,39.61248654467167,32.75332650972362,37.97872340425532,48.81167021799704,55.99656357388314,20.251498757128218,0.6002608570250058,0.0716423846989338,6.724848171536291,9.952200024512802,0.9800003895105662,0.4,81,-5.0810245687402,17.43400859422959,-5.0810245687402,40.93449239366655,0.8443804034582131,5.247427589328457,1.5839672840256966,72.59770617823074,80.73874855892785,0.6902329112721551,0.3114754098360676,0.41217798594847627,-1.2755377796994871,59.45052592406,3.293316424572836,0.48149855980968226,3.8621726563578838,0.48032928555199234,5.100139968646949,0.49415048657615374,0.4961395736092703,6.657245665039182,1.1381138277310898,0.5018473693367137,4.69144191007922,0.07891337943876059,-0.0495718602730455,0.0034252999723858313,-0.019739056604721528,0.4709289005036421,-0.03315293237842831,0.02309324233484933,85.31418505183655,-0.03369550817951117,-0.0796355485450998,181.03265364538652,-0.12597897121567458,-0.014859058572863959,0.95051354,0.94944513,0.97559,1.0263820124014225,0.9635737272727273,0.805709,8.20612699258835,-2.869597363636364,-2.6890280000000004,-0.7917499698275863,-0.31358825,-1.421793,-4.248151999999999,4.0,152.0,-0.4043939676038,0.4686413008364587,0.7103008687479706,9,4,999.0,0.09079,стоп,1,-2.021999999999998,2.2,1,20.277563608326908,-2.993906899999997
SYN,1775210511,2,150800.0,471.1,320.0,0.0,35,23,4.011388888888889,49,1.0,0,,-0.09496676163343043,-0.4353586977096313,-0.7547169811320753,-0.7172517931294808,-0.34103827207275783,-5.259365994236309,-7.703105808036492,-12.28947807236952,-2.7726432532347522,10.018824513700064,15.757042253521124,19.845067213488264,6.241163401333072,19.20100397406401,0.8721792319095039,0.12983739252567622,3.702808202631358,5.630509084367697,0.6607230047982504,0.6,67,0.5159564303458763,11.00707051404548,-21.08027006751688,14.32297326668115,0.31928294573643407,-8.518718133432913,2.5543352089911076,31.6424133238025,46.71387895788457,0.11290232901079801,0.2545454545454465,0.34545454545454085,-0.4153294317538303,22.186042351050006,0.25811046768731066,0.5458815161703806,0.4760589527343137,0.5190151663443537,0.8015515000501369,0.46296955780999904,0.48209817956395434,22.25626083955339,0.8845002772843366,0.6075775144107887,1.36887842581072,0.06169998254537429,-0.5208827632661728,-0.0007725743057824808,-0.004390678206688925,-1.5166653377346573,0.004958958217776255,0.01599987258953428,-15.101989315942655,-0.055136621808806185,-0.04446950357948598,31.441805985011896,-0.3387530333342249,-0.06243351436089806,1.91018388,1.89017341,1.33967,0.7013303871038844,1.0896006363636361,1.15609,1.9605065401265889,-0.064312,-0.33490684375,-0.7884328465909092,-0.03569175,-1.1432849999999999,-0.036960999999999994,4.0,118.0,-0.158511989243304,0.38152516939566894,0.6026018913540154,10,4,999.0,0.0526,время,0,0.2236923228136889,48.0,0,6.751977186311775,0.2236923228136889
GAS,1775216245,1,9000000.0,164900.0,54.7,-0.0,37,0,4.083611111111111,50,9.98557638965938,1042,35.488958990536275,0.0,1.0520778537611797,2.4533333333333296,6.308799114554509,8.900226757369612,9.396355353075169,12.734741784037574,16.42424242424243,22.201017811704826,22.59093809827697,19.912609238451928,25.146579804560275,25.719895287958106,8.742820676451824,0.772862525518696,0.22963079913509432,2.727937842166206,8.900226757369612,0.6776943961441074,0.7333333333333333,2,-0.5693581780538248,14.999999999999991,-0.5693581780538248,24.095607235142126,0.971354166666667,10.412301715976714,0.6021954046323963,86.49705762719314,90.01040656999166,1.3478686771664872,0.15151515151515202,0.01515151515151352,2.9940119760478945,19.9629180502,12.47106056849769,0.5053751463580233,7.363354965038658,0.5161742411657542,3.8535498477402848,0.5039888303434858,0.5046082764738434,3.712392847391572,1.2413367925874854,0.5606441470431818,4.3602439859999995,0.21841716601928926,6.725310111982163,0.04236482906251959,-0.027665459612968735,27.20415744510096,0.022924562529240466,-0.12747675415535764,49.48777120780914,0.08228263495704047,-0.1694640901771337,96.17177364065705,0.01788862300474836,-0.11148850019880108,1.44618056,1.51668255,1.289407,0.8915947535624459,1.2030254545454546,1.060173,3.886044338161598,-1.4652779999999999,-1.2588306222222223,-0.4359020779220779,-0.08392825,-0.37266599999999994,-0.314521,4.0,22.0,0.26555688267391186,-0.012404129529008934,0.7368761810119473,11,4,999.0,1.921,тейк,0,0.5216712000000006,0.6666666666666666,0,0.814829255596039,0.5092256990629883
CTSI,1775216767,2,424200.0,2200.0,188.9,0.0,38,12,28.58416666666667,344,1.5887640449438203,0,,0.0,-1.033591731266148,0.2617801047120505,-0.7772020725388629,2.9569892473118475,-5.198019801980191,-4.010025062656631,-4.962779156327546,0.5249343832020914,47.30769230769232,78.13953488372094,78.13953488372094,67.24890829694323,53.461538461538474,0.6920292660823134,0.04162846799615251,4.061471915419013,8.048780487804885,1.893830703012915,0.4666666666666667,110,4.644808743169393,18.852459016393432,-27.18631178707225,54.43548387096775,0.48561151079136694,-4.671969811085952,4.950996141674764,45.89814111130715,55.44138302929426,0.27378259014228146,0.8000000000000014,0.09999999999999584,-0.26109660574413773,402.58179267489993,0.5070300553766858,0.518522266816007,0.6048316686746706,0.5139490490463685,0.834400210859172,0.49492557811594595,0.49944295922113136,214.37252094123494,1.229917379069832,0.4736266862050883,7.4026206924,0.018387867576460163,-0.4652372576585684,0.03910402584407291,-0.0032586535860620325,6.96241824321151,0.02524926475274225,0.004973193808126775,4.884914027845522,-0.07983576277724291,0.0004017670461742284,297.51282082713954,-0.44347279387813454,-0.22477135141813298,0.875,0.85947999,1.098092,1.2549622857142857,1.0272473636363635,0.9784355,-1.2181754356939802,-0.6737069999999998,-0.8499635531914894,-1.160104541818182,-0.156352625,-2.5485800000000003,-0.184713,8.0,253.0,0.3232997549034389,-0.11693917671239396,1.0062158831577017,11,4,999.0,0.0383,стоп,1,-2.0220000000000002,1.5,1,20.372558746736292,-2.5224999999999995
NOM,1775219814,1,208800.0,8700.0,24.1,-0.01,36,20,28.014166666666668,337,1.8626226583407672,799,2.8369565217391304,-1.1376728110599088,-2.6102993332387636,-3.0367231638418146,-4.413812308549159,4.172989377845204,6.285802755844538,13.715421567003471,9.384958572339052,-10.002621919244891,-31.4870259481038,12.50409701737134,124.27311336164651,293.86115892139986,-39.75049900199601,0.6491126760587879,0.08927289832807668,5.574097915897447,13.371086990718894,0.9287024656400936,0.7333333333333333,34,-7.629171151776115,24.907563025210088,-31.92185640618802,19.578470649712585,0.2588072760764449,-9.625290980413448,2.9213036352630457,54.825305262937455,47.24018417978089,0.7791464461277896,0.06389776357827477,0.3642172523961665,-2.471351649868847,251.816720858717,0.8728502806068976,0.5247397750026064,1.144911285056581,0.5202044542728377,0.9863174508217502,0.5292505154531418,0.5065497536968836,0.8424897320385134,0.887814533860723,0.5269574801386304,11.278081851071,0.044786866466260684,-3.8628395809277793,-0.008941476664709458,-0.027206559889011994,4.406452820984752,0.07573963605287393,0.030530097964806435,22.06203125786117,0.3066489749743828,-0.015884653493346,-26.601699289804092,0.06703994240570665,-0.1284329376494019,0.89367521,0.85091006,0.939592,1.05137972888383,1.1029704545454546,1.2502465,1.6085565543926084,-0.23880757142857142,-0.33529102631578944,-0.847208520599251,-0.02135975,-2.264255,-1.205036,4.0,203.0,0.27232684003715146,0.09563881055758561,1.4698564477511278,12,4,999.0,0.006865,тейк,0,0.5930000000000005,1.7833333333333334,0,11.185287691187185,1.0874265316096137
AEVO,1775221906,2,266700.0,51400.0,5.2,-0.04,38,19,5.253055555555555,64,1.3288490284005978,5,3.093967517401392,-0.2548853016142605,-0.5084745762711784,-0.12760527435133895,0.17064846416383617,0.3847798204360764,-0.9282700421940793,-6.677265500794904,1.2942191544434989,3.9858281665190454,7.214611872146115,3.939796370075266,7.116788321167888,-2.8949545078577277,14.885844748858435,0.7395331189854011,0.08481216095191238,5.224042636158499,12.004365223717716,1.7977966013615363,0.6,52,1.6450216450216493,20.952380952380967,-15.962777380100214,7.509157509157527,0.2688524590163938,-6.6309709658328835,1.2519789007515243,43.39276810721249,52.33755265866958,0.2692508380848765,0.5555555555555534,0.33333333333333975,0.08514261387824185,14.707229104275001,0.3755191816646587,0.5850954193136698,0.5350171777943405,0.5235131246262342,4.2987291602924,0.464074286541434,0.48105975634400566,9.624645394771452,0.6840402273169651,0.5581479806133729,1.8397030903945901,0.12508835466905435,-0.026367672561178335,0.0043243242010304606,0.0011437983254793949,-0.6030421008411668,-0.037416532217954046,0.009743682579573365,-7.702726065546772,0.10940146396978068,-0.16100770741181236,33.1755337652597,-0.025522072405442797,-0.13151356809694015,2.02543605,2.1685254,1.137864,0.5617871766427777,1.625573,2.1930535,1.1535749274354583,-0.05720833333333333,-0.5628017857142857,-0.3334017,-0.03746525,-0.124861,0.08393900000000001,4.0,168.0,-0.4374218089855053,-0.365429147680596,1.0243250694547568,13,4,999.0,0.02348,время,0,-0.20957425775127703,48.0,0,5.194463373083469,-0.20957425775127703
STO,1775223384,2,580800.0,16800.0,34.6,0.0,40,12,28.177777777777777,339,0.20027586206896553,0,,0.8012274122059404,0.36493252991598446,1.8429211160868153,-0.1266784899923934,-3.2083810770993537,-3.406027934329814,-10.598729966737231,-26.63316582914572,-48.024436338065314,-80.622009569378,-68.02487494930376,-13.67883211678832,17.87102561546896,-78.32470341482598,0.1535412056171692,0.05399913803039049,9.331185644633289,10.174627222709509,0.9680179895472016,0.6,12,7.313974591651551,23.384754990925583,-83.26943481643913,7.313974591651551,0.013508757227855522,-50.693984821596906,5.97325351111545,33.2375212804759,33.13306717735671,0.2435434257953826,0.1760416666666664,0.8020833333333334,-0.17780035560071017,1368.9190372694002,0.5789330589029096,0.4706372365040258,0.5673942068046088,0.4777467070243017,0.6544166536504232,0.49428684744564344,0.5004755140022804,1.9261897570063018,1.050241449017628,0.5243482408232842,14.70684974904,0.010743403626248003,0.25136620348646943,-0.0039750107159874926,0.03434157044255559,-3.143902995377279,0.003094893355503947,-0.003609954316276087,3.8438476310221015,0.057141625222296266,-0.09538294963289617,-59.553011661387465,0.8233575847744259,-0.017415952662396705,1.51618399,1.65728375,1.144621,0.7549354217887501,0.9209623636363635,0.868501,-0.3626705881823133,-0.09736009999999999,-0.10105825581395352,-3.8902870295202945,-0.006653999999999999,-10.412763,-4.194116,1.0,23.0,-0.651690116281689,-0.20976194041024687,0.815296721115577,13,4,999.0,0.11826,тейк,0,0.5930000000000005,0.35,1,20.35345848131236,-2.5775223999999994
MAGIC,1775227607,2,4400000.0,230200.0,19.1,-0.11,39,2,4.006388888888889,49,1.0232558139534884,133,4.887802710508776,0.3742880390561476,0.22749431264219577,1.1147540983606596,1.1645071346563896,2.2885572139303534,-1.217168481742481,-3.3228840125391845,4.791029561671767,9.770421783235461,10.103534451981421,6.070507308684436,9.439318665720364,6.694343539180081,13.887897179578722,0.7005622587060626,0.04153063065810327,3.64462821609286,7.08921598077501,2.4344750878845107,0.5333333333333333,81,3.316582914572863,13.048576214405339,-8.608682767817443,11.235347159603236,0.5174418604651164,-1.9330213807418062,0.898231356923849,53.81709015533841,58.79064923560163,0.4387694889837941,0.03571428571428837,0.4523809523809502,0.7036491572574022,16.883989698539,1.207101972209541,0.46922118185819,1.3031924310690597,0.4534518726068909,4.3226298542935835,0.49459004393212797,0.49841189246628,12.310001959291352,0.8481316008271264,0.5461970090241564,2.501937740726,0.1481840362022074,2.4828450584107875,-0.007406423773946291,0.004389038268285406,2.276007644689182,0.010587562819810215,-0.0036037273992404195,-2.1807161207004766,0.0036111391691386885,-0.05182264140542314,59.659732089163754,-0.08423830015201716,0.007921787846535633,1.51889622,1.58562992,1.479224,0.9738808883203357,0.8713741818181819,0.8669724999999999,0.6562721155692944,-0.4933863636363636,-0.5589500227272727,-0.26695444055944056,-0.077949,-0.293412,-0.122517,4.0,73.0,0.3017653800456488,0.03985066487688371,-0.3597600008355961,14,4,999.0,0.06168,тейк,0,0.5625052000000005,29.35,0,0.04863813229571967,0.6254870967574576
ONT,1775230311,2,103200.0,3600.0,28.8,0.0,39,30,52.08416666666667,626,0.4609200535953551,856,0.086,-0.304878048780477,-1.0090817356205761,-1.5060240963855276,-1.2084592145015005,-2.9673590504450953,-3.9177277179235914,-11.221719457013569,-9.751609935602579,-5.582290664100098,-5.491329479768781,-14.99133448873483,32.92682926829269,92.35294117647061,6.454720616570331,0.8411227296469226,0.12238615744339602,6.77294474401795,7.378472222222221,0.6820436507936508,0.6666666666666666,3,0.30674846625766694,21.574642126789367,-17.49369217830109,0.30674846625766694,0.014218009478673388,-8.102910796677943,1.4919624571331522,26.6645077161254,40.01690816647045,0.13016371048306635,0.30769230769231054,0.3076923076923052,-1.0040160642570295,172.4780643546,0.8991137630963567,0.364774549282043,0.8568361711555732,0.45073742838446895,1.7653216976663013,0.4672951517057426,0.4895564491062079,0.6199071589941872,0.9592854484157265,0.5296093898989798,13.40360615921551,0.07771194678796287,-0.8158735031918884,-0.005601351174741809,-0.014150935420876087,-2.8079158190639775,-0.009161255109627398,0.04249820313030783,-15.690691973227878,-0.05489470834660415,-0.0446036929560526,-10.787616425098435,-0.023095549139504734,0.06817773788150805,1.22919744,1.10901847,1.166151,0.94870926512831,0.933782909090909,0.5270935,1.3982431153561947,-1.4880920909090907,-1.7344977021276595,-1.4746414982578397,-0.218703,-4.261864999999999,-6.873726999999999,1.0,28.0,0.032447094041243574,-0.007622760066883227,0.14175564440439548,15,4,999.0,0.0981,тейк,0,0.26950790000000047,35.1,0,9.072375127420983,0.09136855616717783
ALT,1775252851,2,1500000.0,36400.0,41.0,-0.1,36,8,5.6,68,11.980830670926517,0,,0.18292682926828174,0.06090133982947776,-0.030422878004265907,-0.13675733171251148,0.0,-2.027429934406688,-6.88580334372344,4.25126903553299,4.799872428639773,9.31470392548237,3.187313550007853,5.608227542985689,3.2683846637334923,17.398536260811714,0.8599893878295757,0.12898152084210088,3.6020991910595157,6.442731277533031,0.8573417314260233,0.7333333333333333,76,0.7357449417535245,13.503985285101173,-11.249155975692105,9.478594036315169,0.4058487874465049,-3.674727933609645,0.8451756789471295,46.73119709618898,55.347842109844365,0.25731271286824353,0.18000000000000452,0.35999999999999166,-0.3494909588208528,21.842846472433997,0.524042454438791,0.45642142967875615,0.925966363151304,0.5141128945951781,3.8105396346591243,0.49654927815765215,0.5061786552386073,10.874135441963993,1.0138339418890085,0.5354128010342817,2.7514173532619997,0.12596423074869523,-0.04951450355056286,0.0025243374326959778,-0.00944911642052404,-3.3489244794413175,0.02016533525955677,-0.0003971173188721533,-11.16965129246632,0.03052177361474384,-0.08030875939203053,50.07572264855513,-0.006099183551482312,-0.10272457931683909,1.5894797,1.75393701,1.074822,0.6762099572583405,1.1820360909090908,0.653705,1.622127547782453,-0.14388577777777778,-1.7869065483870972,-0.5999942420382166,-0.21405849999999998,-0.837838,-0.026574,4.0,132.0,0.06521410718747234,0.06027520191445035,0.2410869741112487,21,4,999.0,0.006572,тейк,0,0.5854041000000005,30.266666666666666,0,0.904899573950102,0.775295058368837
FIDA,1775273518,1,1800000.0,13700.0,130.4,-0.0,28,4,54.25555555555555,652,2.119642016015073,56,78.60262008733625,0.8542713567839089,0.8036162732295349,2.085452695829093,3.5069623517276938,0.9557344064386353,3.82824624935334,8.252427184466015,8.194070080862526,4.531250000000009,13.07042253521129,31.17647058823532,51.47169811320755,54.147465437788014,4.45070422535212,0.6576027056830144,0.104989075410675,3.480392219469186,6.273458445040214,0.7548518505623063,0.6,7,-1.2788981800295085,10.369163952225847,-10.601336302895326,17.781690140845075,0.5600739371534197,4.373577032696008,1.9390856004720596,61.86338592128241,59.108251042848494,0.9607837111532063,0.4523809523809543,0.2142857142857137,1.4234875444839812,53.30078366387,0.8250772673522629,0.5115153418287869,0.49690383227954554,0.4996869984545231,0.6319629624438865,0.518259122674333,0.4899207312745541,2.3995190132294733,0.6720811524962689,0.46850794083360664,2.9171407104,0.054729790255924275,1.2794407784890494,0.014460811469202195,0.0010821441839119483,1.5845645912103024,-0.0031673464114837513,0.03429550397006009,-5.202689810744565,-0.04359925493195416,-0.13375201195677167,10.35806149363967,-0.06616975621597654,-0.11743645267810021,1.26484449,1.2187731,1.145263,0.9054575554975932,1.1531128181818182,0.9691045,-0.6304435888314006,-0.150254375,-0.2710848888888889,-0.46001113,0.00031725,-0.8320980000000002,-0.987086,4.0,28.0,0.029488943143207713,-0.005536593139732204,0.3337732594017151,3,5,999.0,0.02007,тейк,0,0.5382323000000017,14.566666666666666,0,10.740707523667158,1.4195255888390634
D,1775277399,1,167300.0,806.6,207.5,0.0,29,14,9.245277777777778,112,1.0,635,0.7047177759056444,0.5936146317985003,0.9987113402061931,1.1453460235522073,0.7552627350152719,3.3715274915505855,4.93723849372385,9.309623430962354,4.500000000000015,11.229377328366175,68.82067851373183,5.742474070326353,102.06252014179826,139.72471802714588,54.44264943457189,0.4500934695470326,0.08647023250332479,2.615202804240546,6.109997385165178,0.6569821930646675,0.6666666666666666,132,-2.564102564102555,13.772984441301283,-3.1660231660231575,84.00586940572268,0.9331703341483294,13.61824652550927,5.08976687641673,60.79708585958301,73.1003781397396,0.9947640838416599,0.5924369747899156,0.3361344537815106,0.27454780361757525,119.945251546672,0.570719913021145,0.5248212724244887,0.6757780247971558,0.5429980590792344,0.8172097103993582,0.5242434209419575,0.5102515786199802,2.055326635300596,0.9013934009891532,0.496627461497311,6.412875716099999,0.053465023695453924,2.1745738786422386,0.009908893919488238,9.00250526860713e-05,8.22838787334157,-0.007192035224507842,-0.005874682530212949,21.248442682944322,-0.01669348286227168,0.019415659949782782,94.43149639433024,-0.334680233750253,-0.277767286232003,0.63127065,0.59887726,1.166447,1.8477763856120983,1.2064860909090909,1.188768,2.2824169893140165,-0.1292252,-0.08590477142857143,-0.17085348603351952,-0.00077325,-0.239383,-0.565727,4.0,203.0,0.015263885646588093,-0.07624959632566153,0.4946951835634872,4,5,999.0,0.01254,тейк,0,0.5930000000000005,0.3,1,27.996650717703343,-2.5452350999999993
THETA,1775279785,1,1200000.0,227800.0,5.2,-0.09,28,6,5.013055555555556,61,1.2690355329949239,1,2.34649980445835,0.6836544437538894,0.6211180124223503,2.1437578814628155,2.5316455696202445,3.713188220230479,4.448742746615109,8.361204013377943,11.111111111111093,11.340206185567014,9.533468559837722,10.95890410958904,7.641196013289053,6.229508196721323,1.0818120351588911,0.8995111276787469,0.22759051028497626,1.0296101252264211,3.9102564102563964,0.44817554240631013,0.8666666666666667,1,-0.1848428835489746,9.292929292929308,-0.1848428835489746,11.647139903514825,0.982558139534884,7.279999102368251,0.473745742553525,82.51694260556435,80.85133759914333,1.1315932073858375,0.2580645161290314,0.0,1.4538558786346467,10.091177752219998,10.505083161366246,0.5371012186379064,3.929197730078353,0.5303308443337055,2.188937885223611,0.5126337941633795,0.5167320893433727,2.776779351539042,1.1584943336902354,0.48220657970064373,2.96877746001668,0.29419533902904116,8.104801312628185,0.007927618571291983,0.002056780815802073,11.567620281030822,-0.00939503575336853,-0.029903049236074897,19.668654419411745,0.02331346016471314,-0.1326697114777191,31.199109002191562,-0.04650984729763796,-0.03578027232484737,1.55514898,1.64792176,1.290584,0.8298780480825702,1.311930090909091,1.090204,2.35237106856164,-0.31797624999999996,-0.30171394444444444,-0.15533726515151514,0.00125,0.030000000000000002,0.030916,8.0,163.0,0.08626241145373026,0.016013193674346837,0.4154514898405903,5,5,999.0,0.162,время,0,-0.030171844444443534,48.0,0,7.58564814814815,-0.030171844444443534
STO,1775309828,1,661300.0,10700.0,61.7,0.0,30,12,52.19,627,0.22803448275862068,0,,0.366544485171616,1.7086513135678993,0.8842443729903726,-0.46923534465665995,3.2001644624134906,0.8032128514056325,11.423498076353965,8.980389319053472,10.45104510451047,27.067161660479243,-74.83372881922395,-59.280789509260515,34.45228104633515,14.03982450219372,0.45185487761855475,0.08361427678659439,6.266493266862638,14.196288844176163,1.2720325480218135,0.6,143,-3.923444976076551,18.966302367941722,-7.465437788018425,38.1651376146789,0.7739534883720932,13.882007174090273,3.399990648083382,57.52297142631982,43.13577740732124,0.7573661262753664,0.3190789473684205,0.2697368421052635,-1.6453863367118626,423.82819524559,0.9046929717235456,0.5036582674648109,1.025194124339705,0.5055154890335636,1.1525114842297706,0.4969357525357082,0.4984858240065338,0.4709468478787182,1.062627196344682,0.5263315809944061,17.24743154211,0.04069439394449882,0.301480216951866,-0.008362907213793624,0.005790116439217785,3.98465864645694,0.039755108482638635,0.0038225983816528863,16.04126875121623,0.04706993867441889,-0.016321976545188188,15.20805571790409,0.2764571170512693,0.0948602933657332,1.93095453,1.81014277,1.263379,0.6542769290377853,1.027777090909091,1.0107915,1.4042343810973983,-0.6470113636363636,-0.733914829787234,-0.5167939071428572,-0.07722,-1.328503,-14.590529000000002,1.0,22.0,0.0023853859330680294,0.19702799918737135,0.6403610508042723,13,5,999.0,0.1506,стоп,1,-2.028392199999998,0.9166666666666666,1,21.722204515272225,-2.5288921999999996
BERA,1775316637,2,8300000.000000001,138000.0,59.9,0.0,24,0,4.8197222222222225,59,1.0,32,33.02825308396339,-0.1870907390084109,-0.023424689622864037,-0.9974483878450457,-0.21042787000233876,-1.2265679240916372,-3.960396039603964,-6.689986882378651,-1.1579434923575715,5.330700888450157,5.252774352651035,6.407379705809024,-3.5480225988700598,-6.465044926583385,12.799013563501838,0.8251130833673326,0.11784067943502291,5.535009508316491,10.339384372533544,1.4570285830496674,0.8,4,0.28195488721804995,20.465225563909794,-16.754437292763804,7.021063189568721,0.24582967515364365,-6.252301025884909,1.45458542561024,41.32146416847768,51.845484485036145,0.1957089139601208,0.17241379310344762,0.34482758620689524,-0.6505576208178487,86.54999575143,1.2785259954050514,0.49185842908281513,1.1471760056283946,0.49469596586643616,3.832729896243111,0.4771294737405126,0.4934106098850318,9.413007402172036,0.8979707646917975,0.5915956190301677,14.26781260117529,0.16485052919184634,0.2760206687377531,-0.003395650670050987,-0.0054213961736723215,0.3481938186614908,-0.014046472148556699,-0.04163362316468833,-0.7516170742800421,0.17071334745952926,0.11860346701152791,37.30144438739866,0.4213872902288476,0.08160266305150254,0.80964237,0.89220628,2.014512,2.4881504163375245,0.9733076363636362,0.9372015,0.11234955875022608,-0.15835855555555556,-1.0498492,-0.4709101394422311,-0.18468275,-0.8564999999999999,-0.43345400000000006,4.0,29.0,0.20428826682548085,0.30480216178512265,0.5940227026089762,15,5,999.0,0.4268,тейк,0,0.5732723000000005,2.6666666666666665,0,0.022305529522026468,0.3928661777881921
SOLV,1775367700,1,308900.0,18000.0,17.2,0.0,35,17,10.08,122,0.8523730684326711,511,0.38879798615481437,0.6977182726758402,2.2205206738131755,2.005730659025784,4.8909840895698276,3.1087082448349124,6.6293929712460065,9.605911330049267,8.957355641705767,5.533596837944654,25.6470588235294,17.67298369325694,35.60182833925851,67.87173844702924,14.635294117647035,0.16473381872693169,0.11270347410659261,3.0094863798808547,6.352796052631571,0.6491596638655461,0.6,1,-0.3545437581638389,10.312885961300932,-1.6574585635359074,31.819303875586293,0.9347353154459754,10.609635486139979,2.077535669225051,65.26782098917192,62.691957796124385,1.2423364017125853,0.08737864077670202,0.04368932038835101,3.5243158101988525,38.491262900143,1.8653267332974224,0.47357345533118506,1.2377227078461748,0.47573622632269025,1.1299466756527343,0.47869742353639266,0.4865351878059171,0.7058541795738186,1.24434277263779,0.5238721524159095,3.912802357246,0.10165429924699777,1.1940338115651983,0.00455282337660301,-0.01806452045337248,4.883754451076894,-0.0027744096007957797,-0.011106813470470822,17.02340381802234,0.13104978000585277,0.024420721985712435,28.042244541638595,0.3433995755599901,-0.06437988892465374,1.34098773,1.45163105,1.464979,1.0924626431891364,0.9443875454545455,0.871108,1.7721799872095043,-0.16144789999999998,-0.20565971739130434,-0.2806606548672566,-0.018749000000000002,-0.501138,-1.2672250000000003,4.0,138.0,-0.16155978903418244,-0.0779415095914282,0.29858024792932536,5,6,999.0,0.00534,тейк,0,0.5512908000000005,6.516666666666667,0,8.016666666666673,2.6829645846441954
ONT,1775369187,1,1100000.0,43700.0,25.7,-0.01,33,8,7.998333333333333,97,6.666666666666667,1180,1.3296264958298079,0.2952755905511806,3.556910569105698,3.4517766497461855,4.192229038854811,5.705394190871371,9.10064239828694,9.10064239828694,8.059384941675507,7.037815126050417,0.9910802775024763,-8.527827648114894,0.6916996047430901,69.26910299003323,-7.433102081268594,0.715919267609109,0.16434071099462294,3.3973543324680833,7.9059829059829,0.8915662650602412,0.5333333333333333,50,-0.585365853658526,11.77753544165756,-0.8754863813229541,11.123227917121037,0.9189189189189191,4.6738162839144115,0.8350162490439591,74.92688278864227,60.17383788223397,1.360289903080697,0.3529411764705916,0.5294117647058834,0.20304568527917954,69.76775107383999,3.405445226589889,0.5435844402591071,3.7416920341633695,0.529903911801133,1.7688340575442842,0.5193970923181558,0.48863638377434715,0.23029067467737974,1.0783628689221705,0.5414709714174643,12.952780416857271,0.18565569647140345,3.010608168893958,0.00916831569654164,-0.0066247697589535415,1.8734099362782919,0.05559696762402311,0.05771474920012065,4.83670219966601,0.048360738438501416,0.019399281931493206,-0.5610536795711107,-0.22299398581453123,0.05128664711781972,0.8930733,0.82304391,1.319698,1.4777040137690827,1.145099909090909,1.366797,0.531468218175065,-0.403818090909091,-0.30637091489361695,-0.46161445296167253,-0.049507,-1.251146,-8.363757,1.0,53.0,-0.24021041895916362,-0.23187982213103142,0.05099370429633154,6,6,999.0,0.1019,тейк,0,0.5794475000000006,1.0666666666666667,0,0.41580961727183396,1.8923813488714425
PIXEL,1775373094,1,10600.0,448.4,23.7,0.0,34,26,9.393888888888888,114,1.0192307692307692,68,0.08446215139442231,1.491456704315075,4.331646323310512,7.731324930833083,8.936897730805104,10.308467107333952,9.927854454203256,10.239068889587921,8.247104247104243,9.824506424318402,7.318940437911481,1.9639220250218248,-9.735994848679985,-14.711608663908493,-2.6489052212524955,0.25182483098974384,0.3388219976244014,1.1753924370244029,10.707517372078335,1.0387109218654322,0.5333333333333333,1,-0.5674563767910312,11.5171650055371,-0.5674563767910312,11.85764443025854,0.9489144316730522,8.456254788653794,0.4656279939524538,84.74013080710408,74.23733209227818,4.420897479049921,0.07865168539325941,0.06741573033707811,1.180307501164779,11.414522147501,14.312466706674257,0.5240997859967647,4.593459030737529,0.5293416328173312,1.6114672483577475,0.518137930092767,0.5020726434412044,0.5699977567081127,1.2381196038918914,0.7559667899446874,4.760618604822,0.4170668332238726,4.758176518293711,0.021095975747616125,-0.023157049682760333,7.732675869115879,0.0103403724867841,-0.02429521073348595,6.4075119911152,-0.006884063098535731,-0.022334597244058174,4.991284890587644,0.036217825277115034,0.06475021291990757,0.56280478,0.69886189,1.321437,2.3479491414411937,1.2963993636363638,1.285056,0.6257904952305752,-0.4974532727272727,-0.4038615319148937,-0.29311060498220637,-0.02873175,-0.6732509999999999,-1.4392129999999999,4.0,48.0,-0.19953635821484683,-0.5550731782146712,-0.3133701096571406,7,6,999.0,0.007009,тейк,0,0.47696200000000055,5.15,0,7.815665572834929,0.3014193261806244
THE,1775386319,2,996700.0,78900.0,12.6,-0.04,34,9,13.175,159,0.7119285714285715,399,0.38334615384615384,0.27548209366392573,-0.9972801450589208,-2.2381378692927334,-2.7604630454140633,-5.125977410946991,-6.746370623398801,-8.466051969823972,-8.848080133555925,-5.699481865284972,3.5071090047393394,15.677966101694917,13.395638629283502,7.586206896551717,13.080568720379148,0.690698528344942,0.1711618544575169,2.2337698538394513,5.097706032285476,0.5914328843282669,0.6666666666666666,2,0.3676470588235503,10.569852941176471,-12.639999999999995,7.586206896551717,0.32765957446808514,-5.031766455126863,1.2953729760873782,26.770224300145216,42.680596183730714,-0.1617689406348183,0.4375000000000027,0.06250000000000162,-0.7194244604316502,42.48140608577,0.7457780772932661,0.41681531272161715,1.0837230967319933,0.4048107931511703,0.7379531303706324,0.4378901894459655,0.4815239641606893,4.006326887351709,1.14336004227073,0.5919404367193648,2.9490709766600003,0.06942027697260827,-2.4693238092696856,-0.020487244256912396,-0.009643655919382765,-12.931444187846452,-0.03212790043545599,-0.010436937694758841,-20.87839396474661,-0.06764133511304782,0.034199972314089555,11.769918899273968,0.05044895358379975,-0.12706042358643,0.95741007,1.21456583,1.57637,1.6464940670615675,0.7924865454545454,0.503318,2.4661310891032384,-0.11890544444444445,-0.1274392222222222,-0.45638759922178984,-0.012949500000000001,-1.0617949999999998,0.03603300000000001,4.0,68.0,0.1012138194184331,0.3933105761168898,0.0686478024495285,10,6,999.0,0.1092,тейк,0,0.5912378000000005,5.65,0,1.831501831501825,0.926664834065934
ONG,1775393168,2,896500.0,9300.0,96.1,0.0,36,10,4.004444444444444,49,1.0,287,6.408148677626876,0.2775002775002866,0.3331852509995681,0.19964507542147292,-1.3755458515283814,-4.915272076623511,-4.422344477359297,-7.910295616717633,-9.560516568225053,-7.24845995893223,-14.668933597808632,-6.208471760797341,34.15503415503416,58.741873133017044,-7.339189572116744,0.6987146334960712,0.20427733363584671,3.2321490693009824,5.303427313698772,0.6712428196138235,0.7333333333333333,13,1.3234634365186126,11.384028712427096,-14.693106704438142,1.3234634365186126,0.07048984468339314,-7.345430402755726,1.3653233257999564,30.026840769572914,38.28854094419181,0.0021941476984816267,0.06951871657754297,0.4385026737967929,-1.012101210120997,82.56827700408999,0.9554021367224653,0.49791338834832505,1.0614106260812348,0.44691009261862114,0.6133472840431369,0.46550544341431493,0.49919578699756917,1.1403257703147243,0.7838153292318885,0.6204874580122212,4.81783532835415,0.05834971375405472,0.3883226334307821,-0.008368785893235864,-0.002461307542496516,-6.538858763285072,0.03590296723690445,0.06623655866455125,-16.78838624119965,0.025416476977986546,0.04339707305469509,-35.54948656508591,0.0454793496718402,0.0813944627604617,1.08532423,1.01805054,0.964991,0.889126929378514,0.8625317272727273,1.183397,2.122346250337224,-0.5361261818181817,-0.5270756595744681,-1.200945825783972,-0.056911750000000004,-3.3082140000000004,-10.137442,4.0,193.0,-0.37034548156112956,-0.1545948955249843,-0.46577063257977613,12,6,999.0,0.09034,тейк,0,0.4920413000000005,33.71666666666667,0,6.02469559442107,0.9574387378127086
NOM,1775393766,2,404400.0,11000.0,36.7,0.01,37,17,12.748611111111112,154,1.2344322344322345,1128,1.9367816091954022,0.07039774727208847,-2.0836920957465033,-2.7535488284590293,-2.7036276522929503,-5.5324804784848025,-6.2953197099538505,-8.082767539605552,-12.063099288586454,-13.99183179549236,-13.34958854007925,-17.772957339117855,-39.29753389559091,135.05580818520048,-5.729960377933563,0.7198406902361132,0.15735405834501112,1.83011643824047,5.609187749667122,0.7150555457736805,0.6666666666666666,5,0.9588068181818121,10.493607954545459,-25.28252299605781,0.9588068181818121,0.02730030333670386,-12.730339151221703,1.3582986407021238,17.447460254065064,32.27208258360301,-0.45407426854514177,0.1914893617021265,0.382978723404253,-0.6817794443497505,77.52230430944901,1.5073782784871728,0.3712053447617264,1.15166618841197,0.3750428635986782,0.640139098202339,0.4287916890429324,0.48652630229782534,0.2234047256350246,1.176640201081396,0.6169592941229273,7.76795501818245,0.10020283952312331,-3.766028486863826,-0.009116549535846952,-0.021727291165897777,-7.897852564883323,-0.04585960217163598,-0.023787335928618036,-9.831834175392428,-0.03861633846989765,-0.012224953790406667,-23.494193862814903,-0.011468705492027054,0.10473566328330741,0.9479594,0.98486933,1.133461,1.1956851738587118,0.6450448181818182,0.5335345,1.2163945241795526,-0.6387596363636365,-0.8356904468085107,-0.8701247003484319,-0.10761975,-2.642821,-4.275833000000001,4.0,183.0,-0.37034548156112956,-0.1545948955249843,-0.46577063257977613,12,6,999.0,0.005686,тейк,0,0.5930000000000005,1.9333333333333333,1,20.809708054871614,-1.319746929897995
STO,1775396438,2,246600.0,16900.0,14.6,-0.08,37,22,76.24833333333333,916,0.08503448275862069,0,,-0.0631639391329264,-1.838691483361543,-3.364797334813996,-8.817519777859284,-9.977758237210988,-14.020353719988144,-15.90645535369154,-17.633696166587786,-0.12624813497073006,14.575378538512185,46.8568053328833,-70.91674743491193,10.17979235249431,36.24753127057274,0.6919172340656191,0.12280333462923351,6.354596522481959,10.335411407079198,0.6626746990484237,0.6,1,1.6291970802919664,25.29051094890511,-35.516858095590955,14.575378538512185,0.18762711864406778,-14.50516375649632,4.050170646439432,29.97163337538207,44.034863642013946,-0.30121288553832265,0.12465526751241097,0.1472697186982904,-6.913528518305134,998.2474843690801,0.9352792277689799,0.46865621512164557,0.7774586449095177,0.4758202753113214,0.5934181751320108,0.47800951611514814,0.48987118407698216,1.0396318478586415,0.817404483279093,0.5833053310171258,16.079532125355,0.0161077612286874,-0.6305420495036684,-0.006892609009767514,-0.011920720328439938,-10.690488547393695,-0.05661163111690337,-0.019908804978088224,-18.25556894680618,-0.16205758440646834,-0.027782155704932143,-12.11759028539804,-0.22820857696830898,0.0019728018280351645,1.46846742,1.5690977,1.270749,0.8653572988360885,0.9277355454545453,0.880906,1.1476830343958098,-0.10596499999999999,-0.8526178222222224,-0.6550889330855019,-0.042504,-1.718397,-15.644732999999999,1.0,19.0,-0.2714704725381045,-0.44271506022567353,-0.5964813415090364,13,6,999.0,0.17404,тейк,0,0.5806975000000005,5.716666666666667,0,17.656176740979078,2.023276055090785
MMT,1775410576,2,13600000.0,305800.0,44.4,-0.04,37,0,4.985833333333333,61,1.9154929577464788,95,132.42453748782862,-0.36416605972323657,-0.5090909090909146,-0.4366812227074135,-0.5813953488372103,-2.771855010660973,-5.914718019257215,-9.10299003322258,17.829457364341096,21.925133689839594,22.911051212938016,24.13793103448276,29.791271347248593,30.038022813688215,35.220125786163514,0.8058602244991727,0.09279406785968194,3.8542976766783754,5.606258148631027,0.646013438973022,0.5333333333333333,26,0.959409594095928,14.317343173431741,-13.253012048192769,23.80090497737557,0.5572033898305085,-5.418917508602384,1.8474581632804188,48.33342928543466,65.38258642324433,-0.010872215756465504,0.4090909090909057,0.36363636363636476,0.36284470246734646,157.48416988730003,1.1475676026290824,0.49886701345894696,1.7476886903068698,0.4972902192862726,3.357434296254556,0.4911047863524307,0.49040143435666095,89.84861277376459,1.129766764703361,0.46913245081580907,7.41030127807477,0.04705426128465982,-0.24344432996307175,-0.013967330945528267,0.0015747687440736957,-7.131842479241035,-0.0389286555464069,0.005630527867471535,-20.541551305888063,-0.1391407790871918,-0.04159509900170433,211.34717666926255,-0.4841666465923553,-0.2690036584992499,1.24605117,1.35439901,1.146097,0.9197832541660387,1.0398514545454545,0.9976654999999999,2.2565718770336916,-0.4876464545454546,-1.3589383043478265,-0.8908354838709677,-0.30999625000000003,-1.4390710000000002,0.04437300000000001,4.0,143.0,0.025264609632058566,0.9421596182168868,-0.08610093404668451,17,6,999.0,0.1368,тейк,0,0.4455541000000016,18.75,0,8.292763157894733,1.124880449122807
TRU,1775480487,2,3600000.0,70400.0,50.7,-0.01,29,3,4.9030555555555555,60,3.6,983,5.109281862049389,0.5156645261723991,3.0420905645322183,2.5816701419918653,4.872601766318141,-7.336980895147538,-11.564800547851394,0.42772431223876417,46.997723392145694,84.31757359500448,139.0328551596483,134.74210406725743,129.22121144885733,128.0070624586184,138.0148079592781,0.3623099411419771,0.0006041887335972891,10.361878841980499,12.909336941813265,95.13259230619738,0.6,29,8.507509715366023,36.12015544585652,-20.285493827160494,141.15312791783384,0.6969801751959429,12.925260048774323,4.1884281133241235,54.528884836378076,69.31921655204334,0.33538695414554204,0.3829787234042573,0.21276595744680962,1.3378935720752327,432.25570179946203,1.6335871656821042,0.5344379947688545,2.5734450654088845,0.49990692689549293,3.1707521877666527,0.5012634257693476,0.5015372789132121,307.8368295060347,0.985347239442373,0.5145408471262749,10.65493738714678,0.024649616749508985,0.46783325941031073,-0.012390983825338653,0.00537451879643025,-11.839610259964628,-0.027365480391979058,-0.008849708129818445,8.550019671096699,-0.2766500821495532,-0.04581499240876863,784.3184065236001,-0.8137200954922144,-0.23652523875382625,0.6082248,0.64139671,1.048302,1.7235436634612729,1.0421436363636365,1.0981635,19.989557353765544,-0.6749564545454545,-1.9865139361702124,-1.4037937346938776,-0.1249935,-1.2939990000000001,0.607437,8.0,178.0,-0.3539627153524738,0.21042986369752548,3.8739262397492924,13,0,999.0,0.010331,тейк,0,0.5929999999999994,0.48333333333333334,0,6.514374213532093,1.957188993766333
BEL,1775481735,2,185100.0,10000.0,18.5,0.0,30,21,4.669444444444444,57,1.0,113,28.045454545454547,0.1686340640809414,-0.5025125628140725,-3.7277147487844386,-2.2222222222222143,-2.5430680885972,1.0204081632653184,-8.545034642032324,18.091451292246518,21.721311475409834,27.058823529411757,23.236514522821583,19.999999999999996,28.017241379310363,38.930481283422445,0.1887285334080809,0.06702831484040639,5.040306774489656,11.49341142020498,1.2433781445494494,0.4666666666666667,112,3.7554585152838493,20.349344978165938,-14.03762662807524,27.604726100966694,0.5698447893569847,-2.514380333484234,2.2064950383928896,52.04693117316558,63.845240846899536,0.30498963233648985,0.41666666666666635,0.38888888888888784,0.5742411812961423,35.8949982499,3.072290705513747,0.4932933061875261,3.9057497012356186,0.5002479113024818,3.2755153093544873,0.48994894495579855,0.4949939611586274,32.023890445564966,1.242944312183809,0.5624356865198614,2.4437819904,0.06808140714721468,-4.451998126081181,-0.007071548837071839,0.01581772337170806,-1.6249674841677386,0.01996805846182137,0.01926168751935009,3.492533509304896,0.09705513660146936,0.0016745094417560669,105.65683911809028,-0.2542432491141188,-0.2918928055937374,2.46167048,2.62401575,1.399166,0.5683807038219022,0.9879925454545454,0.9782299999999999,-0.408720813386222,-2.059436545454546,-1.3237474042553192,-0.4282604945652174,0.000241125,0.012271999999999998,0.08941500000000001,8.0,157.0,-0.10050395968322912,-0.3215332452157993,3.977603966064236,13,0,999.0,0.1188,тейк,0,0.5085890000000005,2.6666666666666665,0,0.16835016835015093,1.307895397306397
NOM,1775483458,2,189300.0,29500.0,6.4,-0.02,28,18,37.66305555555556,453,0.5778388278388278,830,0.8866510538641686,-0.30198446937015344,-0.6448839208942347,-0.34497628288053805,-1.5128915405923649,-0.9005145797598479,-4.167530582624924,-8.18434644417958,-7.891590275009952,-9.884967829986346,-18.55506607929516,-26.913345983554706,-30.454408666867284,41.95331695331694,-11.295154185022028,0.9506349676375937,0.17299501352092353,1.7914614795609296,4.523326572008113,0.5666002336956802,0.8,15,0.34737299174989467,9.943551888840641,-18.69832893579595,0.34737299174989467,0.014828544949027236,-10.682303053348086,1.0080611203131637,22.253834497346546,26.292851287312615,0.04939467032121124,0.20000000000000231,0.6400000000000005,-0.2571795970852997,49.453301565698,0.7846338684005382,0.4137250576676039,0.7977409690595889,0.4727121308669332,0.8905166552892094,0.4459841281772423,0.48616492554473717,0.17140757756897035,0.9416161227502475,0.589159838636288,6.455449284084,0.13053626511686037,0.9679271879573959,-0.012024895456321683,0.00040232741337264954,-0.5156968544326235,-0.018192834794418467,0.0072849079854846455,-5.180932319621457,-0.12805391477778827,0.01618035176768151,-16.16478978132745,-0.3716574681014112,0.055889550137696586,0.57416354,0.62838441,1.183592,2.061419643608857,0.9796769090909091,1.0423335,0.6330294489556896,-0.12631525,-0.20161251219512197,-0.8843544964285716,-0.025887749999999998,-2.470761,-5.900332000000001,4.0,129.0,-0.24243645760599897,-0.7538019518930072,3.7286141345432844,13,0,999.0,0.004622,тейк,0,0.5275306000000005,10.583333333333334,1,27.377758546083953,-2.621559599999997
RED,1775489475,1,6100000.0,344000.0,17.8,-0.0,28,2,8.403611111111111,102,3.588235294117647,5,12.050572896088502,-0.390625,-0.5016722408026864,-3.304442036836397,-6.102051551814835,-9.206510681586977,3.298611111111094,23.018607856650576,36.67687595712099,68.71455576559543,75.17173699705593,74.48680351906157,71.79980750721846,68.87417218543047,42.3945044160942,0.5644651598787992,0.11566619338240142,12.007924791673386,25.10316368638239,1.1027190332326284,0.5333333333333333,50,-12.84179687500001,42.22222222222225,-12.84179687500001,76.90782953419226,0.7468719923002886,6.839348305395632,2.573507564419928,64.51023573124391,80.99893205812737,0.6422952932559572,0.0,0.234848484848486,-5.366631243358134,316.92471735939995,3.395114249401368,0.4497170990363528,4.714973563031496,0.48653255849681754,4.854996724855999,0.49810125841419084,0.4980482002137481,234.3097550584657,1.0290535981744566,0.5231839530243458,10.0831409462,0.031815571313629935,0.43453954512646664,-0.02566069487565792,-0.003483678152957914,-8.338188040446182,-0.011120948717891377,-0.0011822853228159458,96.0489034196174,-0.37872038484148396,0.1069808861269399,653.144758593301,-0.46445568781402435,0.08784358553235116,0.82238997,0.76980382,0.978301,1.1895828447421362,0.9385834545454547,0.9096555,4.172663438977992,-1.2384600000000001,-5.982992276595746,-2.4537870598802396,-0.42308500000000004,-1.801374,0.085292,4.0,28.0,0.2691590613527195,0.15533439284511896,3.292470753517418,15,0,999.0,0.1785,тейк,0,0.4180790999999994,0.5333333333333333,1,24.985994397759104,-3.0430342999999973
SUPER,1775490041,1,292000.0,96100.0,3.0,0.0,28,14,4.154444444444445,51,1.0,19,0.9428479173393607,0.0,-3.8704581358609658,-2.32744783306581,-3.5657686212361317,-5.2918287937743225,-6.095679012345667,12.894248608534319,23.804679552390652,25.723140495867767,28.511087645195342,24.183673469387745,22.55790533736153,14.058106841611995,13.833157338965151,0.5839661708030116,0.09751847723808633,11.003998137978543,26.547842401500922,1.8741721854304612,0.4,134,-10.972933430870512,31.56881616939362,-10.972933430870512,29.744136460554383,0.6503496503496506,0.6364982506658956,1.8786958580283235,57.421030359401065,79.92815647830938,0.5969257004406965,0.029411764705879112,0.5882352941176434,-1.0284810126582444,75.44654245280002,4.948560524256919,0.43745708696894886,3.7788423616411757,0.4552502630160632,5.078171569838203,0.48741908662432815,0.4907457973751837,24.349655551571697,1.0684901198452914,0.46965783168429204,5.8513493184000005,0.07755622892938603,-5.6815426413497345,0.06760552725488145,0.00905048230402361,-9.969861164274874,0.10254749517240214,-0.0025190843211417846,65.02853241685985,0.40703602966118235,-0.14271448945637522,161.83787424195023,0.7235542257753977,-0.12643794098470706,1.05985722,1.09052925,1.082581,1.0214404162855069,0.8609205454545455,0.826166,5.043219996070139,-2.3534094545454542,-3.8457999574468085,-1.0400658585365854,-0.10851375,-0.46549700000000005,-0.054723999999999995,4.0,19.0,0.2691590613527195,0.15533439284511896,3.292470753517418,15,0,999.0,0.1217,тейк,0,0.3371733000000005,8.366666666666667,0,6.212678718159403,-0.291612705834018
TREE,1775502996,2,15400.0,70.5,218.0,0.0,29,26,4.3475,53,1.0,310,0.06544836379090523,0.12040939193256328,0.49856473787581734,-0.5977286312014329,-0.3147010340176837,-0.13511484762048775,-2.9613420860685635,-3.6221385105766446,9.353937202038454,10.187179062448237,18.173743116006392,17.195207892882316,18.194740582800286,15.606534584636766,22.615029312488886,0.7396853178932123,0.06790210195342414,6.044259151616149,13.059794846134587,2.082817169056561,0.6,56,0.9408194233687439,23.53566009104704,-18.290136346886133,19.232837426062012,0.41881342701014823,-5.299368982014574,1.909336543741578,50.341656849955115,58.44208126571155,0.3732696895242676,0.22033898305084426,0.4322033898305054,-0.6125803077842606,65.63159372718,0.6097859973225978,0.5234948754448322,0.640460255032818,0.5127715885238849,4.1267173020797125,0.4861099869157225,0.48753631091254085,37.424516947920274,0.9992341388996586,0.5707546933291024,3.13469092469247,0.04776191993330037,-2.271169753513702,0.0030388065995485825,-0.014598396771937416,-3.4761295593905284,-0.01239883001322406,0.03043500586854475,10.259738485090896,-0.05765035444807454,0.09713813957593453,164.3276911562979,-0.21729985465664892,-0.07098087119621321,2.04338511,2.09107636,1.404689,0.687432336237392,1.1641830000000002,1.213287,-2.8325086009638945,0.0323635,-2.3883122800000005,-1.3157858715596331,-0.45645725,-2.0208440000000003,0.09000000000000001,4.0,43.0,-0.022665165219015737,0.03918619038461024,3.433296775218042,19,0,999.0,0.06652,тейк,0,0.5935000000000005,3.75,0,1.821361996392068,0.9314736512327113
REZ,1775504235,1,370500.0,30700.0,12.1,0.0,29,12,31.684722222222224,381,0.619358074222668,616,0.41084497671324016,0.08172160174340082,0.9340659340659307,1.9140083217753068,2.5397711415015456,6.771287416448701,7.395498392282973,8.217967599410914,6.461895102868742,6.431054461181929,1.7728531855955687,8.377581120943955,9.377791009228954,12.872503840245786,-5.9556786703601095,0.6749028072316615,0.245027683283805,2.373663293505679,7.357664233576644,0.9058457632497607,0.6,1,-0.29850746268655914,9.055933708197683,-0.29850746268655914,9.020771513353122,0.9650793650793659,4.385157876792567,0.6107662617984008,78.75728292267938,65.3197872893473,1.1704800677244436,0.14583333333333437,0.05208333333333112,2.1430559421096618,7.140493045373,6.278208373953287,0.5498765242544804,7.39897394002548,0.5185743031022629,2.260680794548798,0.5213633710997617,0.4901845298744578,0.955859530806976,1.3999198551874765,0.6216613508919054,3.29144451145952,0.4609547954944593,1.3373233609432544,0.010168102259258571,0.014728535500027506,12.304485833741596,0.017654949872043302,0.052026688799383436,18.437476083754724,-0.15552613999999998,0.02494248687474765,-2.38563221011846,-0.040612564606292034,-0.04724710985080838,1.68894772,1.92228571,1.136981,0.6731889842037265,1.1434589090909093,1.118478,2.2435566775751674,-0.38748699999999997,-0.29006955319148936,-0.29021326923076923,-0.0233675,-0.6851430000000001,-3.384947,4.0,22.0,-0.01532597781889189,0.1513632013819155,3.5146280953743725,19,0,999.0,0.003674,тейк,0,0.4884625000000005,9.633333333333333,0,10.249319542732716,-0.21659769188894845
GUN,1775512556,1,1300000.0,322100.0,4.0,0.0,29,5,13.811111111111112,167,1.0833333333333333,127,1.3,0.1945525291828787,4.462474645030423,5.677154582763344,5.604921394395079,6.920415224913512,7.36622654621264,9.496810772501775,12.773722627737216,13.186813186813184,12.856099342585825,8.041958041958042,1.1787819253438192,-7.429598562013185,3.0679327976625093,0.772791791120485,0.18132148058975844,2.027332629286782,6.855955678670367,0.7219219001943198,0.6,1,-1.403956604977663,11.689237348538839,-1.403956604977663,15.04095309009681,0.9017857142857144,9.083818587976333,0.5693534095699332,78.82518151200732,80.04044406141816,1.64628008561041,0.06666666666666358,0.46666666666666823,0.4778156996587013,4.0616929947100004,8.714374590580586,0.5112129387803425,3.1093466746916723,0.5285902384633316,2.825750756245787,0.5171971783072388,0.5089896592904868,0.8440278740314053,1.207380381396828,0.49798907139250154,4.48103540582,1.103243256360379,4.399747138684806,-0.005408663190025864,0.009695553088295616,6.200001508073338,0.0005225227158136558,0.011046529771564062,10.0889783681958,0.0017533154598368128,-0.00800838346546684,15.41042811486777,-0.0059764592200635125,-0.042559274900186406,0.46632854,0.5379574,1.295919,2.7789828175646294,1.3951566363636365,0.84769,1.0623543639943485,-0.1427834,-0.12925006666666664,-0.10387214720812184,-0.004293,-0.038384999999999996,-0.07101299999999998,4.0,124.0,-0.6632905739453188,-0.04205699010222386,2.8618857409644205,21,0,999.0,0.01545,тейк,0,0.5930000000000005,1.1833333333333333,0,17.387313915857618,-1.3036199951456302
PIXEL,1775532114,1,1100000.0,11700.0,93.7,-0.02,37,7,53.56611111111111,644,105.76923076923077,33,43.65079365079365,0.4336124401913777,1.5419501133786762,1.9735843327766789,3.4976887519260424,3.1321971441731877,5.71293673276676,7.955641272902603,4.512214096779199,3.1797235023041326,3.8657801144270865,5.580006287331041,1.6956850870552653,-20.073774393146127,-3.788464512138545,0.9407227362126823,0.26031255334835146,1.3474403832909765,3.704275351134423,0.47074535941865375,0.8,5,-0.10410469958358481,8.908325234855852,-0.10410469958358481,9.952529055491887,0.9886178861788617,4.517471007011076,0.6020562062226508,79.64125967387348,64.63538447355259,1.3026897709064218,0.11249999999999295,0.012500000000001626,1.0714832389407736,19.961614395410002,2.091875094295064,0.6046196115664245,1.0302217922959536,0.5651487210394449,0.8310128375884441,0.5657946359089514,0.47589884182846326,1.0636880217513924,0.8832944141021795,0.6341427636274963,5.337349460958469,0.2673806514459946,1.1759610444588064,-0.008964765686403586,0.01293961633351648,1.8545221167473036,-0.013838743900822847,0.01259417331736068,3.4918448102667643,-0.06678727978893906,0.017792519790130523,2.2033861499176854,-0.022191997948139308,-0.017401186271693292,0.56430789,0.70017953,1.395534,2.4730010420375304,1.1783062727272726,1.5663285,0.43891431130262243,-0.33225054545454547,-0.44996889361702125,-0.7209706306620209,-0.050056500000000004,-2.025313,-3.312801,4.0,38.0,0.3719809447497058,0.1165315882278195,-0.6578909284569057,3,1,999.0,0.006717,время,0,-0.8838908138454671,48.0,0,8.573023671281831,-0.8838908138454671
DEGO,1775544763,1,686400.0,18600.0,36.9,-0.04,37,13,4.773055555555556,58,1.0,4,78.89655172413794,3.8378876266502937,6.452628265659444,5.194401244167968,7.50158931977114,7.50158931977114,6.586826347305386,9.273021001615511,7.604199809099588,2.7651169857186186,17.75766016713092,23.475721066082535,26.571856287425156,17.227036395147334,7.76462395543176,0.022984117300874764,0.19740135017299834,2.0711270829715023,7.574793125397861,0.7956109241914496,0.4666666666666667,1,-0.20655060489819244,10.57096247960847,-9.281115879828327,28.25180128934395,0.6828597616865261,2.804149409582757,2.89804763111844,63.73164696152474,56.847176033041926,1.7196231185271198,0.4084507042253465,0.014084507042259798,1.3024142312579423,44.45758269940001,0.6704680142908956,0.5957532279456129,0.2944861553999131,0.6002200439862567,0.23467022713992047,0.556184458033218,0.49747574558813074,6.684145729985124,0.6837499657495146,0.5688907808293856,2.8006423641,0.06299583094826694,-0.13019234397682045,0.005579514008374753,-0.006491663761292177,1.4790702777766507,-0.02085713668557032,-0.01749760397250033,-2.4042054229404086,-0.0027120468036414547,-0.04534772239402973,17.903664702378276,0.06543699763953947,-0.13037862389553245,0.77785647,1.02624309,2.083078,2.677972197107263,1.5094793636363635,0.9497975000000001,-0.25926884264810324,-0.3074806363636363,-0.18803509302325583,-0.22267162121212122,-0.036797250000000004,-0.322882,-0.100973,4.0,67.0,-0.13247851414196488,-0.09039745720701431,-0.5519249161518247,6,1,999.0,0.3382,тейк,0,0.5930000000000005,0.08333333333333333,0,1.04243347131876,0.9921836247782385
GUN,1775613384,1,89400.0,27200.0,3.3,-0.0,24,19,14.821388888888889,179,0.26798561151079137,409,0.0745,0.2230897936419396,0.8417508417508435,1.0118043844856706,2.044293015332199,3.2758620689655293,4.781341107871717,7.927927927927914,11.131725417439696,12.735257214554574,26.1938202247191,29.002153625269212,25.66433566433566,7.476076555023936,16.9241573033708,0.9126312361681447,0.14461007239447618,2.3449744795784433,3.935185185185186,0.46939115374367285,0.8,1,-0.11117287381878782,8.964264082374317,-0.11117287381878782,27.086280056577095,0.994805194805195,12.304434501777362,1.242727800079855,77.90401900742935,81.5217185170934,1.0598179510891328,0.3939393939393984,0.5454545454545435,0.1129943502824915,29.449472615150004,0.838547333303891,0.5001867599408036,1.488015387927068,0.4887153636054842,0.8613597211873463,0.4898291096673667,0.49323243293930935,6.756191630201624,1.2455485948050233,0.44994691517344537,5.942776661245261,0.20179569050034718,1.0273204500957034,0.01521561411779837,-0.002617439981990377,-0.4421367430479828,0.02980902967691179,-0.054850457012024845,2.8832210780614265,0.06821579287889423,-0.045661608661158204,41.57544438712624,0.3448610717311402,-0.012885004628685248,0.63027366,0.65942423,1.258236,1.996332831043582,1.0344835454545456,1.0683125,0.36367902234638516,-0.2348065454545455,-0.17307560606060604,-0.5486649105263159,-0.0083445,-0.8501230000000002,-0.15376700000000001,4.0,123.0,-0.5088704163016877,2.233400114481965,4.141721149571054,1,2,999.0,0.01797,тейк,0,0.5902142000000006,2.466666666666667,0,0.9256538675570525,0.6140296208124641
KERNEL,1775619108,2,1300000.0,54500.0,23.1,0.0,22,6,13.68361111111111,165,1.0,284,0.08496732026143791,-0.3317437279701463,-0.8150211492829906,-2.4157531465692217,-3.172524926981568,-5.075039494470768,-7.752830550758006,-8.45553227956579,-5.652600588812562,-5.569197524801095,-7.227636784714853,-5.23410547067521,-13.301469925151055,-6.949283778552062,1.3413104313422686,0.6226897164036486,0.1918771569318101,2.409996144698745,6.001899335232674,0.7061809217837598,0.6,8,0.8496800587433073,11.276618063568655,-14.693877551020407,0.8496800587433073,0.04663212435233191,-8.591896528676157,0.9730066394432725,21.313869008769018,35.17118143518,-0.1826184621417492,0.19072164948453685,0.37886597938144223,-1.6959480044683728,35.297701093209994,2.7535729998681626,0.42530352469989535,1.8253065783095388,0.4045449388011706,1.0790954500101158,0.4330219353216512,0.4647392149950973,0.31215580628070333,1.3298415425319172,0.5988627803365602,6.01907741712,0.1705232134304025,0.27941257560464283,0.003644563444224813,-0.04430553233660006,-0.052818937960319445,-0.058947731921273006,0.09817388245647352,4.283970361722167,-0.016496064309506564,0.16125546324522144,38.06262717350351,0.12423410339962371,0.9797547892839844,0.78565179,0.83002973,2.538206,3.2307009699551505,0.7345790909090909,0.91456,-0.506647035346917,-2.7570606363636365,-2.541223808510638,-1.3899505454545455,-0.222071,-3.1218779999999997,-1.3979170000000003,4.0,28.0,0.0257601700171195,-1.7758206829423862,3.9297403447523527,3,2,999.0,0.09614,тейк,0,0.4643358000000005,3.25,0,1.7603182858331623,0.7178141828583318
SOLV,1775633834,1,1400000.0,28600.0,48.9,-0.05,20,4,19.42861111111111,234,1.2727272727272727,957,3.9204704564547748,-0.9671569615152142,4.618986802894853,8.570797437596656,8.212241303390577,13.720499768625638,13.066482631700026,10.05373936408418,13.379469434832746,13.667900092506958,29.410215903106884,15.051498127340835,-10.342940532652312,43.41990078786111,17.58820431806214,0.0008198301716651431,0.12592394310113572,4.3710494969350755,14.592575297688537,1.4550230771155064,0.4666666666666667,1,-1.265568501406178,16.82703590706407,-1.265568501406178,31.381983426891203,0.9490703314470496,13.712694129224401,1.7301854480926475,77.05626556329227,74.41331633047098,1.9992040616698563,0.010101010101007092,0.01515151515151283,4.332210998877684,27.319825492395,7.432481672098383,0.49604477542723613,2.8445411353298997,0.500896108811366,1.1747293543836808,0.4835236177263063,0.48475072103939787,0.3853375780435232,1.1415855526079692,0.5651078223369315,3.7704595337347597,0.1380118454557603,9.394215342411982,-0.001864805792256674,-0.014374109130341761,15.66657511473759,-0.009365141281458267,-0.02200705705327044,6.481058333874201,0.007979883965213874,-0.00844822691106506,46.64668736932096,0.08983333833100793,0.038614011095543965,0.83411043,1.02028585,1.861457,2.2316673345038978,1.1985407272727273,1.0088555000000001,0.6446415705808957,-0.7273136363636364,-0.3626691276595745,-0.6024376487455197,-0.046165000000000005,-1.4196900000000001,-1.1932150000000001,4.0,22.0,-0.057642986630712656,0.46678283750778427,4.71754128231574,7,2,999.0,0.004915,тейк,0,0.5617712999999994,1.0,0,6.53957273652086,0.43432925086469976
OPEN,1775651500,2,758300.0,122300.0,6.2,0.0,23,3,6.592777777777778,76,3.8029087261785355,17,2.9020283199387675,-0.26954177897574594,0.16242555495398214,0.4888647474198704,0.5434782608695565,-0.26954177897574594,1.3143483023001057,-0.054024851431655474,2.720710716268737,5.83524027459954,10.250297973778299,2.663706992230863,13.080684596577008,13.3578431372549,10.309892729439806,0.0001615066785762504,0.00845052411861698,11.642257536368493,11.389297987236136,19.2686214129516,0.4,193,4.9943246311010325,19.580022701475606,-12.197437114380637,12.66747868453104,0.44731182795698904,-0.696724601604326,1.578493890322863,55.239545113432555,72.45768347579978,0.5947114005058974,0.03571428571428182,0.1428571428571471,1.255458515283836,14.211829074499999,0.5336444996800543,0.4044332788008851,1.20036131035443,0.49283680399847646,4.543969524279688,0.4985628307360352,0.5057954899062068,4.820255412215896,1.079075325468186,0.5113202681773652,6.23076808300188,0.4384212651545059,0.7185712846104364,0.0022148968837727434,-0.0030722098353221927,-0.18280284919622858,-0.033184660463400184,-0.0058116209204222,7.959372772656947,0.17848840678666167,-0.20032124660243356,28.708677289801976,-0.008635978932605703,-0.31102403648927146,1.22345593,1.69713506,1.970031,1.6102181955994115,1.2378003636363635,0.8486675,-147.32799002188852,,-0.22227219999999998,-0.13009166666666666,0.00125,0.030000000000000002,0.09000000000000001,4.0,208.0,0.1579165625292145,0.012826947744115635,4.877852651216652,12,2,999.0,0.185,время,0,-0.11210810810810921,48.0,0,3.621621621621629,-0.11210810810810921
STO,1775659583,1,576700.0,112900.0,5.1,-0.02,24,4,6.674722222222222,81,1.0531409788166546,1191,0.9929407713498623,1.4169016120870292,-0.9321375609067317,2.882076855382798,5.624152989007691,7.214367596484528,9.20909232445899,7.329202050340444,5.42571578868265,1.321681352015025,2.4912331969608292,-3.732930762368769,-22.00911718923727,-59.16460486101005,-4.507597895967274,0.4817929065640344,0.12649244994880843,2.922345927732306,7.196333078686035,0.9666926029671145,0.4666666666666667,6,-1.0997532604864357,11.089357036572945,-1.4955764639797753,16.85964181591004,0.9047831917746986,4.525667327431404,1.122987567436685,73.79830774849198,56.35886831397552,1.2622075223588562,0.2661417322834643,0.34960629921259867,1.771710717397612,103.58793908192,3.381307400718566,0.5033819281063683,2.16198160559069,0.5181458759219634,1.0681841082454044,0.5026871123105601,0.4898029656689602,0.09268809304482854,0.9816445736842963,0.5636739382464074,15.73055655178784,0.15185702786641708,1.064556919065529,0.010762517814810302,0.002117949466758917,4.849951952127585,0.028715292343424625,-0.0002844647219082397,7.149421670552236,0.010604139572868654,-0.0030635415938637944,3.866153116878901,-0.04882929106243661,0.024633584324198043,1.66800286,1.84064609,1.454951,0.8722712861535501,1.1703476363636367,0.9931755,0.9754706749038448,-0.33926369999999995,-0.21023190909090905,-0.2543701145038168,-0.0355875,-0.45682200000000006,-2.138768,4.0,73.0,-0.8204833286106994,-0.6522705727396994,4.542752635900027,14,2,999.0,0.14029,тейк,0,0.5700222000000016,2.4166666666666665,0,10.820443367310562,0.5607866452491268
PIXEL,1775703666,1,630000.0,38900.0,16.2,-0.0,26,7,39.83083333333333,479,0.45,707,0.42,0.3873824017708971,0.8337965536409087,1.7957351290684764,3.64233680902728,5.664773554681823,5.97341901562729,8.818236352729446,3.939263715800023,9.014423076923084,3.731236597569687,9.889444192033924,12.061776061776076,-6.615186615186608,-4.674767691208004,0.8428296302827324,0.26398876974512414,1.4719135330392596,5.189910118875041,0.5788879645157262,0.7333333333333333,2,-0.09637890678783068,9.646739130434788,-0.09637890678783068,9.541062801932387,0.9890453834115805,5.987695237943047,0.6223971978209312,79.44559218243239,68.30650602072159,1.267619649986674,0.04477611940298656,0.01990049751244039,2.6628895184136026,14.336696788561,4.174689825128078,0.5260024629113674,2.3732382799169938,0.5543040368254614,1.1774302158390226,0.5580116729203454,0.49275223228188747,0.7120815602723978,1.1392695370986374,0.5723493317229806,5.58166776373566,0.3893273217711611,2.663905165905822,0.002737108062979221,0.006584823732615819,7.947957499475744,-0.020683978410201975,0.03228995824994141,11.74346983652379,-0.03357380104142016,0.01245882531273379,8.598838821519728,-0.05558036627029206,-0.012843250393105632,0.541834,0.69447891,1.462759,2.6996441714621078,1.481310909090909,1.011182,1.3317254569717807,-0.0725725,-0.10347307142857143,-0.26403334108527127,-0.01089375,-0.5845520000000001,-4.935867,4.0,58.0,0.18293370944992837,0.0076030316384700924,-0.4210009813542692,3,3,999.0,0.007256,время,0,-0.014598808379272346,48.0,0,12.358324145534727,-0.014598808379272346
BLUR,1775705148,1,2600000.0,2600.0,998.5,0.13,24,0,4.823611111111111,59,1.0,0,,2.57249766136578,2.861163227016905,6.095791001451389,12.116564417177923,13.803840166061242,15.725593667546178,11.263318112633192,9.21314741035857,19.18478260869567,17.776584317937694,23.340832395950507,18.60465116279071,3.687943262411353,5.853920515574629,0.1927240779103078,0.17546906206502863,5.599679253949041,14.516971279373369,1.2760676986199166,0.4666666666666667,1,-0.04557885141294182,17.388978063135376,-0.04557885141294182,20.03284072249589,0.9972752043596731,11.53393020742277,0.9063763661959471,84.14155733674843,82.70036834660735,1.862340476697502,0.06338028169014065,0.021126760563381846,6.585612968591681,38.93614405296,10.969635354810896,0.5138031311763877,5.353346052630348,0.5269650421777449,2.9160082360700175,0.5068923435358474,0.49920365206200634,0.8317111704256575,1.0993223639554073,0.47620056037862657,6.80656544844375,0.1748135470011007,5.768872640509692,-0.004696892278067577,-0.005657371654252619,19.012746030813176,-0.014662573557310155,-0.07144300790895308,23.92921483218766,0.0487235718582526,-0.05070016457972093,93.45711452957921,0.30493188734856935,-0.30649583310905526,0.71559633,0.82938168,1.185329,1.6564212955088802,1.1943058181818182,1.076684,2.1245262357766594,-0.7066342000000001,-0.7805898260869567,-0.5704033181818182,-0.30097125,-1.2341410000000002,-0.285194,4.0,34.0,0.21807570786329666,-0.2474290574499327,-0.4271687162064386,3,3,999.0,0.02193,время,0,-0.363876545918832,48.0,0,13.315093479252171,-0.363876545918832
AIXBT,1775709668,1,341800.0,68400.0,5.0,0.01,24,10,16.403055555555557,198,1.1527824620573355,7,1.1959412176347095,0.1126972201352272,0.07510326699211589,0.9852216748768461,2.5789068514241675,2.303262955854124,2.657935285053936,8.333333333333325,4.020296643247456,3.374709076803728,9.806345282241447,19.239373601789712,17.2975352112676,20.316027088036126,1.359703337453655,0.8451688659044123,0.20999390461907233,1.8293193047325573,4.654832347140037,0.5527332323318943,0.7333333333333333,81,-0.2992891881780757,8.835504885993494,-3.963963963963968,10.033030553261767,0.6883852691218131,2.670988240527694,1.0574329068788488,68.01517099951784,67.02324643572746,0.9596352368467387,0.10909090909091058,0.03636363636363476,1.8076923076923102,22.93714622828,1.1979936031083387,0.5573543372151781,0.7602435262543826,0.507669422694981,0.7532608164174228,0.5090121608453526,0.47770988973163386,5.88688527772462,1.0366999838571336,0.5367579525826928,2.59288879059,0.11304321665757781,3.0130383478751632,0.005775381886404363,0.01997282820869195,5.803245101297971,-0.017699113036991787,0.025638975868485403,21.00608619065898,-0.019565815399400943,0.12928861085787924,36.45221274842123,0.010383142539015955,0.06216732244322909,1.38584071,1.77247503,1.436952,1.036881071274057,1.3175816363636363,1.3972535000000001,2.52073034287908,-0.1719201666666667,-0.13071388461538463,-0.1820593486842105,-0.0031989999999999996,-0.13840200000000003,-0.150446,4.0,198.0,-0.08817396653056919,-0.10015361589819083,-0.9984021651151975,4,3,999.0,0.02665,тейк,0,0.5947437999999994,25.933333333333334,0,2.231482176360222,0.7798761953095685
NOM,1775714513,1,31900.0,6100.0,5.2,0.0,20,18,8.090555555555556,98,1.0,1280,0.13063063063063063,-0.09436929852154607,1.7622556872797235,4.473684210526319,5.6377847996008645,6.612957368244388,8.321964529331517,9.19718067732509,7.188660141748238,5.374917053749173,-5.826538176426988,43.742928264313186,26.181962653953118,-20.291128121470702,-13.758339510748707,0.7971658416905897,0.16142655523435806,1.4473493988998776,6.148705096073526,0.6359517842224617,0.6,4,-1.213063763608091,12.609457092819621,-19.04154983431048,11.243432574430834,0.300561797752809,-3.7312427573065188,1.3926126141248103,77.59603811568567,59.443233635052025,1.3023062835336547,0.2370572207084475,0.06811989100817395,4.18856767411302,135.83583724691002,1.95086625290361,0.5288588884690386,1.0915931359639264,0.5397025551591056,0.5498238480745622,0.5370036478670845,0.49609089820528884,0.599849353140674,0.7960579889118191,0.5688361213120755,9.06260719198448,0.06671735070555275,2.7639563699193515,0.0472317527611954,-0.0071937795508274505,7.947542903109572,0.09389096044884049,0.004037889599887157,12.653857906537635,0.10013862570546794,0.005085775721030306,-11.136656055198191,-0.16233150098413618,-0.051637902759522736,0.74668578,0.76275208,1.182599,1.5837974040432377,1.270786090909091,1.0535355000000002,1.3758409615388665,-0.6406602727272727,-0.35647982222222224,-0.36439305703422054,-0.01400875,-0.8063039999999999,-6.468667999999999,4.0,118.0,0.2820798726966167,0.08420310296191058,-1.0347049438227396,6,3,999.0,0.006352,тейк,0,0.5930000000000005,0.06666666666666667,1,21.597292191435756,-2.5548754999999974
ENJ,1775717129,2,2200000.0,1200.0,1792.9,-0.02,22,1,4.154722222222222,51,1.0,446,5.712801869644248,-0.2614379084967311,0.1312335958005173,1.059602649006619,0.7926023778071167,-2.67857142857143,-4.773790951638079,-3.478810879190397,19.639357114856914,12.041116005873697,49.534541891229765,57.319587628865975,54.68829194120628,45.61068702290076,54.92405683488486,0.7333644839332176,0.027420690026380895,9.230698183886998,13.933161953727492,3.5142530705512596,0.4666666666666667,30,3.0384875084402463,33.55840648210668,-22.851365015166834,50.567340897878644,0.5313634007257646,3.632522230791646,3.1916479869677903,49.45067150227466,63.393439458422876,0.3807274101751338,0.3580246913580265,0.23456790123456642,1.0901883052527372,617.3453428367,0.954935510214776,0.544289004242409,1.283993623884381,0.5051508355021213,2.6924696570820337,0.494651912722982,0.4983960506375086,116.85469522308541,1.164807410743934,0.4833109771724682,14.89311964555,0.02412445451862674,0.9307614004891995,0.010087858148121409,-0.017987354310770476,-4.455739949734639,0.03726006718084829,-0.003094729351505232,-5.2834267662825285,0.03166633097220384,-0.053494087776044474,278.4912581913824,0.4754991828584565,-0.059469710908883644,0.91249324,0.94415532,1.047889,1.1483800143001608,1.0382691818181817,1.2063895,1.5187450395441182,-1.534874727272727,-3.139253510638297,-2.865522978417266,-0.195806,-8.66589,-1.0091649999999999,1.0,14.0,-0.14730132979583477,-0.15053539341980393,-1.2158152105769093,6,3,999.0,0.03052,тейк,0,0.5233479000000005,3.3666666666666667,0,11.013728702490177,0.31567077300130986
SOLV,1775720525,2,742000.0,4200.0,178.3,0.0,24,4,43.50944444444445,523,0.6745454545454546,725,2.40207186791842,-0.2690582959641419,-0.11228385358187376,-2.349066959385293,-2.754700480979455,-4.549356223175971,-4.99786416061514,-7.756117793446704,-7.429760665972951,-4.916631038905517,-10.790212595266757,17.67195767195766,4.1198501872659055,-9.959514170040496,-3.2892097874047344,0.5032103017392104,0.1366481975468589,1.3480465185097934,5.351650604880042,0.6456593391459742,0.8,6,1.9482007792803069,12.101764840705954,-15.227749190013352,1.9482007792803069,0.09615384615384613,-7.370027356216879,1.649126443459295,32.806994929744775,45.21612557471638,-0.20678930714511934,0.27083333333333637,0.35416666666666363,-0.39258451472191647,46.398700802765,1.2442010683447362,0.34957273709877,0.5461811548808237,0.397563066367858,0.5154109554514269,0.4381800146435275,0.4759932115285624,0.7156873110263415,1.010407318938631,0.5926251200398811,3.4955269875794404,0.07533674277731359,-3.8776725084510466,-0.0023994447945299147,-0.002598129614525879,-4.4883936786711764,-0.002772017991946152,-0.0018736204162974612,-13.525567809217442,0.060421866490782294,0.01522667571815517,-19.363833093585804,0.03471698082511154,-0.15507656771517575,0.91584291,1.10598626,1.489502,1.6263728022964115,0.8500036363636362,0.6662445,1.7438579672739705,-0.1742337,-0.206527175,-0.4238817803921569,-0.021092999999999997,-1.060378,-2.111767,4.0,17.0,0.17703612722883566,0.10693738660825236,-1.144608526051838,7,3,999.0,0.004448,тейк,0,0.5716718000000016,34.86666666666667,0,11.587904676258987,0.8413218625899278
FIO,1775729823,2,61800.0,3800.0,16.1,0.0,24,16,4.105833333333333,50,1.0,0,,-0.7745617611088385,0.2884219200659288,1.4800917239941702,1.3111342351716848,2.570585756426458,-0.6327822004490669,-4.4740973312401895,-22.558065542475347,-22.877059569074774,-24.044312685286318,-22.012175584748483,-26.939816899294613,-22.496417767871357,-20.486815415821503,0.6752937431207694,0.04690349738567372,7.818525185323821,13.603524229074893,2.192617725121074,0.6,55,4.083814410947184,26.170622193713932,-24.1153546375682,4.172908196019676,0.11194029850746263,-6.616683733541984,2.582933483192454,32.61398642721312,17.087409161936336,0.36844214471817316,0.3709677419354842,0.5725806451612895,0.1451980916822304,9.562984316952999,1.8068981288888721,0.4918745719921665,1.8133799574781033,0.48035356029767695,3.6474539173766822,0.5106603723433965,0.4908466092999521,6.240550858170696,0.844921856503328,0.47065950316663735,1.26627677056062,0.13241439372809582,0.46174462490591317,-0.006183742770339951,0.01318554176015252,2.719823628223428,-0.03965908214399538,0.01579257145646973,-3.918907991122178,-0.27120945349672887,0.04198883191390501,16.56932645367306,-0.448310000488117,-0.47246293179525456,1.61059413,2.10628743,2.247051,1.3951689989084959,0.9970152727272726,0.8979329999999999,0.8759103124016936,0.11954400000000001,-0.0395763,-0.04452445679012345,0.00125,0.030000000000000002,0.09000000000000001,4.0,102.0,0.06438761625540135,0.49689913525179374,-0.3390820335421707,10,3,999.0,0.004868,тейк,0,0.5950000000000005,16.966666666666665,0,9.12161051766638,1.4440548166803615
OXT,1775729823,2,176900.0,6700.0,26.6,-0.13,24,9,4.105833333333333,50,1.35659509202454,0,,0.9212730318258089,1.6877637130801704,2.7280477408354598,2.7280477408354598,0.33305578684430515,-7.093292212798774,-9.534534534534533,-19.72018654230513,-20.983606557377044,-22.458172458172456,-16.551246537396125,-20.775805391190005,-19.613075383589063,-14.28571428571428,0.8619947873292649,0.08593153665806286,4.6634216514363835,12.26708074534163,1.396966695223819,0.6666666666666666,55,9.545454545454547,27.181818181818194,-23.1014677728143,9.545454545454547,0.2248394004282656,-5.332887968605049,2.145615106379742,33.40491319238748,18.879681615599765,0.2679856512207118,0.14705882352941085,0.23529411764705943,1.7979452054794454,8.662822106139998,2.7897308998173997,0.5979300745051581,5.9604297584505375,0.5473082939914666,3.655438845629256,0.5127555842724089,0.5037574518270357,12.054385456429271,0.9743615873042454,0.5486027013835794,0.8408956857000001,0.09706948560146393,0.19618421953773169,-0.049397540074791135,0.022877005645004278,6.528840925902357,-0.0474689245997697,0.019747522688359886,0.913367162047285,-0.29948476961778947,-0.24822457319859692,18.605619762049198,-0.5430771337983463,-0.3323347793730601,1.30275913,1.43159379,0.919592,0.7058802957688731,1.3034261818181818,1.758257,-0.09579567400369951,-0.755132111111111,-0.7634028888888889,-0.2878306935483871,-0.0252095,-0.18428699999999998,-0.019109,8.0,342.0,0.06438761625540135,0.49689913525179374,-0.3390820335421707,10,3,999.0,0.01205,тейк,0,0.5930000000000016,2.45,0,19.832614107883817,0.10956459377593332
RARE,1775747754,1,594700.0,185300.0,3.2,0.03,28,8,4.082777777777777,50,1.0,29,2.3561806656101427,0.4895960832313362,0.7361963190184229,0.30543677458767515,-0.2430133657351008,-1.6177351707609366,3.2704402515723263,7.81352593565332,9.539693128752514,9.612817089452609,12.158469945355188,12.852233676975944,9.90629183400269,17.20199857244826,4.030054644808745,0.8018889797302946,0.08216446375835916,6.9780997102420805,8.582834331337331,1.032664829072014,0.6,71,-3.3549146556798193,13.645484949832799,-3.3549146556798193,12.311901504787981,0.7594936708860758,4.841616770049351,1.1805887488062783,65.70898585936459,70.11856597213637,0.8101226321254407,0.17241379310345198,0.79310344827586,-0.06116207951070152,8.84680116567,1.7474442492038549,0.4551768977342364,2.560649392621945,0.4745216173038386,3.558195240120558,0.48729794750142463,0.4933478165222737,3.6031355656228055,1.0211215543465442,0.48553998793432196,1.64651219645301,0.18611384675879214,1.5448845951018475,-0.0004368251068770368,0.008653770962627982,-1.9048793016962606,-0.007387425124268265,-0.042747826884828255,28.65934017111853,-0.12962325629275218,-0.04495533881249025,42.2679628679532,-0.09978609921198356,-0.0736379371244602,1.90356872,2.07250342,1.418843,0.745359484579049,0.9528668181818183,0.8128435,3.6679138723204616,-0.5639731,-1.044142457142857,-0.41951644736842103,-0.013699,-0.043585,0.030466000000000007,4.0,44.0,0.7780918727915198,0.1975831894086566,0.3141654426454643,15,3,999.0,0.01642,тейк,0,0.5593254000000005,5.666666666666667,0,2.632399512789285,0.8697252974421442
NOM,1775816188,2,1200000.0,7100.0,170.9,0.0,19,2,4.001388888888889,49,14.906832298136646,1259,6.3391442155309035,-0.3549623739883545,1.710144927536228,-0.6652512384996534,7.6875863127205735,-3.810307017543868,-0.1422879908935748,-18.3953488372093,3.175536606880325,-4.918032786885251,7.72064466615503,9.127662882910892,28.817914831130697,8.235657001850715,32.003069838833454,0.3889707301615552,0.10658032655971593,10.18578851066243,14.745211420310799,0.9540140296180827,0.5333333333333333,54,13.230074217489495,39.448209099709565,-20.60187804050232,13.230074217489495,0.31048845134418773,-5.963437766206936,3.158290288208593,48.64304704748155,49.26272120672706,0.40310912360205103,0.5498084291187739,0.04597701149425234,3.129170992140007,193.73883136740798,1.2583985805058062,0.4712143237898428,1.9421980375629546,0.4722705798625842,1.7282354226186205,0.4948439836221801,0.5039302253662046,1.3189334654856044,1.022060566836413,0.6187665326206362,8.854965620676,0.04570568304855399,2.513161209181547,0.0020140655291247533,0.009095403068147379,-8.581036336002402,-0.0197392219449275,-0.03978768544615496,-18.425302141892697,0.22838602609165393,-0.06861404050655262,-11.789033862152387,0.2227728186849398,-0.18772444352742945,0.81488854,0.86081794,0.992076,1.21743766331528,1.019697090909091,0.8146245,1.0016283085984652,-9.249262909090907,-4.440134574468084,-1.0435567860465114,-0.18080100000000002,-0.816537,-4.515091,4.0,103.0,0.1608883605015432,-0.4563924059410196,0.626639320706146,10,4,999.0,0.007018,тейк,0,0.3930000000000005,2.0833333333333335,0,3.7078939868908645,3.258692582815618
LPT,1775840177,1,4800000.0,195000.0,24.7,-0.0,20,2,4.015,49,5.504587155963303,141,4.0,-0.04244482173174635,-0.674820750738081,0.25542784163472554,0.25542784163472554,-3.444034440344401,-11.56590311678557,15.328109696376103,17.51497005988023,17.808904452226116,17.047713717693846,15.046409379579861,21.01747173689621,16.526472043542807,1.4910536779323857,0.3736580874913989,0.10633151105862183,9.388082739382153,25.69316081330868,1.6762119610471669,0.6,120,-14.207650273224049,34.62481608631683,-14.207650273224049,18.999494694290032,0.49086161879895546,-2.536230567388731,1.5895488932753363,57.358989801088796,63.303733403822775,0.5724952198720171,0.2750000000000028,0.5750000000000027,-0.25423728813558366,64.58718977929999,1.5597319626791761,0.5501082713675757,3.596682953981864,0.4708431494595899,5.737381759894497,0.5026456837135658,0.5033886317348358,20.91021944858934,1.289230494073956,0.4785358778460664,6.11816549165103,0.09472722861231973,1.1400266368137402,0.024321293390211718,-0.007502351154372033,-10.418235640132,0.00782756723357858,0.15109245831267226,85.34148619068715,-0.03882464475715264,-0.29914940040896454,89.50998562422983,-0.08741716390801657,-0.2759305515024789,1.41103789,1.50904033,1.441581,1.0216458468028806,0.979774,1.3925845,5.567645840299781,-0.5203414545454546,-0.8834191063829787,-0.2436416448598131,-0.128679,-0.517304,0.04255400000000001,4.0,183.0,-0.028609194279793915,0.5610313568795933,1.0427759164778339,16,4,999.0,2.355,тейк,0,0.5824198000000005,4.533333333333333,0,2.6626386411889413,1.1424934883227174
ILV,1775842279,2,991000.0,909.2,1089.9,0.0,21,5,4.845,59,1.0,0,,-0.2936241610738355,-0.46063651591290444,-0.2936241610738355,-0.6063140288522062,-4.346076458752524,-7.2932917316692825,-7.184693479109727,16.949569495694927,23.898879332812072,23.512600675500117,24.092926128948044,32.239221140472864,26.638252530633988,33.073525591062605,0.9180502072985214,0.0697665049307793,4.44945805047039,7.808244053023417,1.032334168758339,0.6666666666666666,22,1.019974500637466,23.671908202294944,-18.316151202749154,25.138194261647783,0.4725383473527954,-6.797496654411306,1.8391295680963582,47.546759324679805,60.91896572258498,0.14852420865939778,0.5365853658536596,0.3170731707317129,0.2521538138264168,65.8693527829,1.4629858889431366,0.5887809005409241,2.0651558199751157,0.5050777313637735,4.212162338021757,0.49031813297627286,0.49282433929922104,63.59458725635838,1.16825767314472,0.5205379001507389,4.10088807265901,0.06225790750024829,-0.6303356131151738,0.016870390292599513,0.01697272070803213,-6.4877225097063285,0.022445613082703764,0.03526898269559853,2.223782510185335,0.028638728784144085,-0.09804001136225293,177.1619221365017,-0.37783423257847815,0.17866184031540366,1.47044435,1.75675676,1.022442,0.6953285923401318,1.130475909090909,1.250848,-0.30951668524916515,-0.8584988181818182,-1.2354616,-0.6418640093023257,-0.19189575,-1.06177,-0.070953,4.0,148.0,0.27306438462204596,0.9254082479933423,0.86985026237969,17,4,999.0,4.754,тейк,0,0.5396165999999994,6.566666666666666,0,1.5923676903660144,0.9473875259150185
FF,1775865737,2,3200000.0,11900.0,267.0,0.0,23,3,5.6002777777777775,68,1.0,334,264.46280991735534,-1.2535982913919441,-1.6826923076923128,-2.743735138101333,-2.743735138101333,-2.035928143712562,-5.433526011560685,-15.341135259931526,40.95970307529164,50.00705318098464,49.90132506343387,50.47403424366777,48.35379464285716,53.93746381007527,77.06512545813362,0.8926075217310714,0.1110063005289188,3.8590574554747903,7.713542077450908,0.5238990724717473,0.7333333333333333,1,1.05483227216574,26.057208020526446,-37.994169096209916,51.65430690245294,0.35726967843756163,-15.551540967166632,4.341658412260085,47.77215884242373,61.505665526115514,0.23064351150773008,0.22064056939501567,0.3523131672597873,-1.098901098901106,438.92737935877,1.280908817423231,0.4570059204190942,1.0175136018975628,0.48419117851800786,1.9352990979951439,0.49192488469192236,0.4961767043111856,106.18922572050835,0.9051337887517708,0.5733079825616798,36.95730555521953,0.08419913473889584,-0.3227847224600455,0.025633863125585243,0.0034882295777447503,1.8443291602168177,0.04788663635785939,0.04535284342909063,-6.059797410025968,0.029213814506857227,0.17103362197574978,56.26918271386852,0.02068222803138431,-0.36609986661253835,1.09492501,1.20806189,2.186068,1.9965458639035014,0.9709856363636366,0.8385819999999999,0.39500319287667995,-0.5298615454545454,-0.3966953414634146,-0.6152430724637683,-0.03781925,-1.92538,-2.5318379999999996,4.0,237.0,0.11423205032801143,-0.36877982928733566,1.6264717687985097,0,5,999.0,0.10634,тейк,0,0.5930000000000005,0.7,0,4.733957118675947,2.5312769616513076
CKB,1775880685,2,2200000.0,251100.0,8.8,0.0,22,4,4.003055555555555,49,1.375,0,,0.0,-0.06684491978609097,-0.33333333333332993,-0.7962840079628442,-0.9277667329357087,-0.46604527296937315,-11.117717003567174,2.257181942544473,2.4674434544208257,4.03618649965205,3.675450762829402,0.0669344042838027,-0.5984042553191404,17.049408489909524,0.44042272052605635,0.20024775804855752,7.628697577441557,9.642857142857142,0.8756756756756753,0.6666666666666666,140,0.4029550033579632,14.84217595701811,-12.57309941520467,4.181184668989535,0.2181818181818181,-5.955898542915827,1.6578955270216231,48.07830596707119,57.34274743999358,0.40588803938346296,0.1764705882352911,0.11764705882353166,-0.7947019867549754,13.741548533133999,1.1079371666325386,0.48916563485974834,0.6709523727624048,0.5019757616395665,3.4226222935663215,0.48660349091850547,0.5016967983550602,8.850623596967424,0.7595064255072923,0.5709430343998622,2.1323676697217997,0.15517666473907046,0.22456447002454638,0.015100016878194067,-0.03133517245472095,-0.17230817018861755,-0.005639191747382699,-0.04601497762295359,-7.552271077820527,0.1199349423242364,-0.08567126138141312,55.85598740153135,-0.04787321427191715,-0.47627745406176436,1.80163447,1.80263158,1.109932,0.6160694738483772,1.222081,0.970439,0.6793005322403282,-0.24964090909090902,-0.40166665957446807,-0.16736826086956522,2.825e-05,0.010349,0.080707,8.0,228.0,-0.12779675379790412,-0.11286743630462004,1.388972024282653,4,5,999.0,0.001495,время,0,0.04895982173912993,48.0,0,2.8180602006689037,0.04895982173912993
ONT,1775881272,1,393400.0,19200.0,20.5,0.0,23,12,41.24055555555555,496,0.245875,696,0.5245333333333333,6.842737094837936,12.232030264817162,12.944162436548234,12.658227848101266,12.37373737373737,12.944162436548234,13.520408163265296,12.944162436548234,11.389236545682092,13.375796178343947,19.6236559139785,7.878787878787863,-13.170731707317074,-0.1273885350318471,0.30960525184878135,0.26267915796113883,2.048727225845237,13.231552162849859,0.9786355561956884,0.26666666666666666,1,-1.220865704772478,17.165149544863457,-1.220865704772478,15.734720416124848,0.9166666666666664,10.711906930167792,0.5821586746793724,85.81668077095367,78.12839966166057,5.27696357879492,0.2499999999999913,0.6250000000000043,0.12642225031604948,47.769647077580004,17.668204640541315,0.5112494359586401,4.859382669162472,0.5078462738400451,2.1885843584016773,0.49271565874919576,0.4875753844026501,0.5715937783376406,1.7990384231618692,0.672332952729408,10.309052273019999,0.21580758711232775,13.968271344286642,-0.005607340854700937,0.0872019202613874,14.844621384277756,-0.009547706145379031,0.07552962540568209,20.68194123241267,-0.004707174204077513,0.1425145295961885,11.513478379964038,-0.02045481590376874,0.20904236946330212,0.45446852,0.50301291,1.711657,3.766282865972763,0.9773267272727274,1.1105885,1.5296832005859948,-1.0370841818181817,-1.107753340425532,-0.5512632822299652,-0.143034,-1.4744629999999999,-3.108374,1.0,38.0,-0.28341301042421607,-0.04380183445926722,1.3336952587766904,4,5,999.0,0.089,тейк,0,0.5558520000000017,10.216666666666667,0,4.5861011235954985,0.605469978651685
DASH,1775881618,2,23000000.0,2900000.0,8.0,-0.0,21,0,14.501944444444444,175,0.8984375,13,3.7096774193548385,-0.022904260192391224,-1.0428474268873278,-0.7277689333636594,-0.3197076958209699,-2.2834116856951026,-2.1958323997311346,-7.344512842284024,-4.984762734000869,-0.9305492510213398,14.267015706806262,36.44889027821194,32.43325242718447,46.96969696969697,23.324607329842916,0.755242817660396,0.1462066772259263,4.238560660632196,6.151253423214664,0.7643979057591627,0.5333333333333333,52,0.34482758620688614,9.931034482758626,-8.720200752823093,17.401828940290475,0.6080827067669171,1.33204312020756,1.348017927285758,40.36484829690408,56.229119072543675,0.10803706926815208,0.5769230769230759,0.11538461538462064,-0.3642157978602234,327.44495726612,0.4267353478796658,0.4805543660865845,0.5971585873961838,0.44648699508100365,0.7852434184627586,0.4719589590587372,0.49441552381964504,9.919178370010568,0.9192904429726803,0.5363932281183769,20.902512023510003,0.06383519293754822,0.8313994207262754,-0.0018424945174112528,0.004417548101653734,-1.4894878029262926,-0.06066468957054061,-0.025539942451724085,-14.210352877725407,-0.12201839461109976,-0.04043321495672192,25.639941557555957,-0.25508104062593817,-0.44629050588468633,1.18492077,1.28998549,1.767119,1.4913393745305015,0.8863986363636365,0.971902,1.9348257921087955,-0.08844245454545455,-0.12156169565217391,-0.1781064824902724,-0.00920125,-0.22594199999999998,0.020624000000000003,8.0,213.0,-0.28341301042421607,-0.04380183445926722,1.3336952587766904,4,5,999.0,43.65,тейк,0,0.5860787999999995,41.86666666666667,0,9.307958854524623,0.49266986529209555
ENJ,1775923566,1,364100.0,18100.0,20.1,0.0,18,9,17.00777777777778,205,1.4161804745235316,289,0.1655,0.6303183107469135,4.2101827676240156,7.004021447721187,8.901773533424295,11.917280056081324,9.838321293429653,11.682406435816706,13.954318344039972,15.562794064422736,9.876118375774269,3.1997414350355635,17.303453343130037,59.80980980980981,-1.6173434273915932,0.39811963108830123,0.21418730838041808,2.6493894366176107,11.760588029401454,1.0033361369561,0.5333333333333333,1,-0.46758104738153783,13.117066290550072,-0.46758104738153783,17.303453343130037,0.9691358024691363,11.353992344500895,0.8196444134622174,81.4145643961077,74.22448858804722,2.4703744929978395,0.2840909090909086,0.13636363636363832,1.727057229935669,36.38884408823,7.352465713553635,0.4760873954242081,3.4865397323064893,0.49749882026368225,1.3060478367366493,0.4994074823078064,0.49448389379727725,0.24179321238979287,1.1288539439745773,0.6871225973292892,9.503647876819599,0.26116927082862634,9.252742696702576,0.028189863868964604,0.04220752944642636,16.155735765877964,0.04211406761913783,0.0627777200804136,15.955683755604856,0.06807811498070215,0.08827553726557413,-9.412732546551418,0.011328912420465187,0.02917935041261477,1.18516542,1.20206363,1.146125,0.9670590962736663,1.2886399090909089,1.1200525,1.365787420876477,-0.42631472727272735,-0.329388914893617,-0.2302991267605634,-0.034044000000000005,-0.511817,-13.994877,1.0,53.0,0.21524643928165776,-0.06985214400794248,0.5472169674541894,16,5,999.0,0.03193,тейк,0,0.5750005000000006,1.3,1,20.086157218916377,-2.6368558999999996
NOT,1775947522,2,444900.0,85500.0,5.2,-0.0,20,6,4.834444444444444,59,0.9860372340425532,10,3.051440329218107,0.10551305724084692,0.6097560975609762,-0.5503144654088077,-1.2233211868818317,-1.6584607411246455,-2.2159237309971602,-6.4349112426035475,0.3437334743521925,5.680868838763575,3.462377317339138,4.9792531120331995,7.568027210884343,6.332305968058272,10.577971646673934,0.8518172631098375,0.15167738393491392,3.3464518117996,4.926470588235299,0.7547724750277482,0.6,7,0.7968127490039834,10.889774236387794,-9.101796407185624,6.571187868576245,0.3811074918566778,-2.2836190871694195,0.7488478613031153,44.07661193035115,54.58254095907623,0.16313993233843121,0.0,0.4561403508771921,-0.8110936682365288,9.674090582472399,1.8395176615875746,0.440639250678543,0.8253905551300004,0.4514255649308191,3.009766671044035,0.47314147061610895,0.48095274272380156,3.838273583854841,0.9275405597632908,0.5752554444159541,1.9005371741080999,0.1964564170560393,-0.4560194020534425,0.0011872277910645046,0.002323640857647913,-4.326714233237016,0.07015098472705361,-0.007836968133614786,-9.574949688685152,0.03524742458056784,-0.09619943403022346,21.013850512991628,-0.014789279856761373,-0.19484352318897424,2.53550296,2.92663043,1.523129,0.6007206554395029,1.3029695454545454,1.4650634999999999,1.4879691930002679,-0.07274983333333333,-0.09871021428571429,-0.08147933057851238,-0.00453675,0.005026999999999999,0.083055,4.0,74.0,-0.13203991448064167,-0.18671580383810005,0.6439067797657572,22,5,999.0,0.0003795,тейк,0,0.5955510000000005,23.25,0,0.5902503293807593,0.05517136060606099
NOM,1775951458,2,227100.0,7700.0,29.6,0.0,18,11,41.576388888888886,500,2.8211180124223603,927,1.1682098765432098,0.3717472118959009,-2.1502778448900806,-2.1502778448900806,-2.2211492032834346,-8.267270668176662,-7.639680729760556,-9.131702939196773,-6.982085438677088,-8.722109533468569,-30.781063066142544,-45.32199270959904,-31.541582150101423,-39.65131873044256,-23.82498718167835,0.5111357919324888,0.20022111185998964,4.755107642993384,7.058032713421469,0.7560727129701128,0.5333333333333333,3,2.8179741051028273,13.81061183041381,-32.149438766962646,2.8179741051028273,0.054679802955665005,-10.899372364117266,1.9651909175529312,25.144177590489406,26.93258864069145,-0.22643070578639743,0.17391304347826497,0.4130434782608675,-0.4572803850782181,84.72537653881601,1.7136516375514355,0.3741425680840108,1.4817331628120771,0.3990125635443079,0.6457266593241692,0.44283340945115696,0.46365150620652473,0.6312150344109853,1.1634120798426486,0.6480997273281394,6.38491904457,0.07536017313118483,-5.266927847287106,-0.03335247977488309,-0.019426530227844463,-4.547271909113815,-0.057228491704058526,-0.03389490919452187,-9.50510908781217,-0.05212503630359944,-0.06309698904506444,-23.910274472336834,-0.06194928066991734,0.023584610191432986,0.67408638,0.78975265,1.176545,1.7453920371451503,0.8482496363636364,0.4942985,1.040891184382772,-1.0379928181818183,-1.0898424680851064,-1.323866392086331,-0.12087300000000001,-3.6731649999999996,-6.081534000000001,1.0,9.0,-0.35175330877337263,-0.8386976764394705,0.21777463687073784,23,5,999.0,0.00405,тейк,0,0.5305377000000006,5.25,0,11.783209876543221,0.5704834024691346
TRU,1775994339,2,1100000.0,9200.0,117.0,-0.03,25,4,4.078055555555555,50,1.2664057103384756,485,0.3055555555555556,0.4659171477767732,2.2050489438433907,2.553763440860224,2.1419009370816866,-1.9861660079051324,-5.11765831260761,-12.876592007026776,1.2762916071063835,3.6901526238762417,61.81076672104406,49.69815876848778,35.50546448087432,129.87253765932795,85.72593800978791,0.9297159121018678,0.1254442833914284,3.379923418441688,8.769100169779298,0.7406992943707726,0.7333333333333333,24,3.9509536784741117,24.669880528191147,-16.619031607262947,62.82009192383455,0.6593728463128877,5.030986577922514,3.369675882997144,45.36365046055967,57.98045658318975,0.23125462502008215,0.14726027397260208,0.21917808219178106,1.9095788604459152,155.82674955835904,0.9367116215062834,0.5920681009748834,0.9601610989767451,0.49639043324282583,1.329006372073676,0.4909537181477467,0.4967296368516327,1.3078114182483938,1.2623887550647763,0.5638967798934951,5.139544715944649,0.0329824290791603,2.8367572700812804,-0.018241337316108774,0.0060159094741525365,-5.422777364595044,-0.03909324279746784,0.007247510860473261,-15.975412653107746,-0.0028576546233470834,0.06322537803883654,110.98924487715509,0.06421482222069463,-0.1970481192453628,0.99882261,1.08751334,1.306536,1.3080761157379086,1.0642677272727274,1.3145915,1.2406553414436008,-0.38662870000000005,-0.829064,-1.2571335053003534,-0.11093050000000002,-3.435091,0.08171600000000001,8.0,254.0,-0.10072691255225141,-0.41336144860596447,-1.92501030078287,11,6,999.0,0.009919,тейк,0,0.5930000000000005,0.95,0,1.2588970662364973,2.9461592852606113
CTSI,1776011502,2,458200.0,25100.0,18.3,0.04,30,10,8.917222222222222,108,1.096696984202968,146,5.756281407035176,0.3058103975535298,0.6134969325153561,-1.501501501501501,-4.651162790697672,-5.747126436781591,-5.202312138728315,-5.475504322766566,-2.9585798816567865,11.56462585034015,7.8947368421052655,8.970099667774111,6.148867313915862,-11.111111111111105,14.144736842105265,0.45801367343526456,0.04680408386965797,2.9413885206293067,7.605633802816881,1.3890289103039262,0.6666666666666666,7,1.2345679012345734,14.814814814814813,-11.827956989247301,13.888888888888907,0.4761904761904767,-3.7618797193055054,1.6171323563894415,42.01791328918885,52.31974314520173,0.0471151041804641,0.3076923076923052,0.07692307692307898,-2.4024024024024038,41.2609617297,1.6895982428111687,0.45410943752680316,1.5079536739739583,0.4474088314935628,1.846605560033658,0.4891549795198066,0.49859893294226376,3.0255329453305,1.0218226511790165,0.4647490699888499,3.52768187699268,0.08549684081778017,-4.858170186117405,0.002391259334178164,-0.043701653412262065,-13.87082178712813,0.034278839546663775,-0.07148199187869042,-12.434862129064872,0.04047828016993393,-0.033358265344674454,12.133341663630492,0.3835186997903961,-0.4578110379517739,0.53328474,0.6212522,0.757329,1.42012126579883,0.8407890909090909,0.707594,2.2709985046239547,-0.2582002857142857,-0.5353056666666667,-0.45187579591836735,-0.0500355,-0.5074449999999999,0.05679000000000001,8.0,448.0,0.2979824634631756,-0.6863670880046246,-2.6821948500541093,16,6,999.0,0.0328,тейк,0,0.5919045000000005,10.716666666666667,0,3.3536585365853577,0.5280844878048785
ENJ,1776013313,2,446200.0,4100.0,110.0,-0.01,26,10,5.3533333333333335,65,1.0,600,1.2254875034331227,-0.5285678328718846,0.43202033036848775,1.9607843137254832,3.1584442704254867,3.50969093766369,-3.8208809929423215,-17.854915817917274,10.66928031363763,25.30120481927711,29.40406024885396,34.88054607508533,31.034482758620683,103.08324768756422,57.531106745252124,0.8786669090745258,0.13362998168518042,7.322455858646748,11.990808439523715,0.6874251497005988,0.6666666666666666,40,5.980155537677678,29.92759452936444,-23.529411764705877,32.88500336247478,0.44576116681859623,-1.4468143195668581,2.301806848421186,50.91787896323571,58.42971249791889,0.31907500213082396,0.08928571428571266,0.38095238095238176,2.271567126084739,307.34393831693006,1.7951435159260087,0.5299164549287741,1.5862505815334143,0.5103661365333959,2.6544362728502864,0.48471059403125544,0.4963833748666329,2.0796066197926577,1.1861743573504304,0.5603955448187481,13.49655446933,0.043913520934362744,1.568000085023491,-0.0019759658355672505,0.00939886544466706,3.5278258496673986,0.07341548464541603,0.026572080566907186,-22.322036829863855,0.07003344052363758,0.195577190185948,42.29512233889581,0.038397151763381876,0.057087672782642596,1.28794299,1.2368594,1.212821,0.9416728919033909,1.0929625454545455,1.116253,1.250189978911234,-0.3526388,-0.635138108695652,-0.5503340419580419,-0.028354999999999998,-1.4729929999999998,-10.943208000000002,1.0,58.0,0.048972425842763734,-0.22406724269214973,-2.8776032212058267,17,6,999.0,0.03952,тейк,0,0.5562754000000005,7.0,1,23.111968623481772,-2.6782177999999974
FIDA,1776022272,2,755600.0,19500.0,38.7,-0.0,24,5,5.5825,68,0.9934262424401789,0,,0.2913752913752843,-0.17401392111368041,-1.3753581661891112,-0.05807200929152101,-1.1487650775416358,-3.2058492688413986,-6.821873308067139,2.6849642004773244,5.907692307692303,8.993033565547815,9.478371501272242,5.131337813072689,-0.2318840579710213,16.972767574414192,0.7311150569134702,0.06641645651914357,7.533214981234071,10.58648111332008,1.5518436997065221,0.6,3,0.2913752913752843,19.463869463869464,-16.04878048780488,11.680726800778718,0.35363457760314326,-3.833386253037896,1.562241718662827,45.7809507025913,55.08946556902178,0.2295327021418763,0.2500000000000027,0.031249999999998983,-1.3218390804597524,32.85338620135,0.4663694515803184,0.44673888031959674,0.5180469076085873,0.4642291392873915,3.0679863553072106,0.4834860152536858,0.49381449678125877,6.935167188373953,0.6729089819480348,0.5097408227482131,2.47862796324,0.07544512909716895,-1.9106448590187508,0.00385803406515306,0.0002201945760760271,-2.1140983364502097,0.02542130853282276,0.021611707407866998,-14.415807988923103,0.12312470049750868,-0.06745533394591785,50.56904872450261,0.27173125358875216,-0.2312957205346181,0.92631236,0.98860399,1.317307,1.4220980490857318,0.9167069999999999,0.6445585,2.1131743932969016,-0.065743,-0.7417776923076922,-0.530324006060606,-0.204876,-0.9222300000000001,-0.020853,4.0,28.0,0.10950466731975972,0.6362901890759609,-3.342678573127289,19,6,999.0,0.01721,тейк,0,0.5889935000000005,12.216666666666667,0,7.125276002324221,0.4740962207437536
PROM,1776085616,1,178200.0,35200.0,5.1,0.0,28,15,4.690833333333333,57,0.8397737983034873,261,5.693290734824281,-0.06997900629811538,0.42194092827003704,0.6342494714587588,0.0,0.9187279151943395,4.8458149779735615,6.171003717472123,7.2072072072072,21.119592875318062,22.891566265060238,20.914479254868734,29.93630573248407,38.23814133591481,15.748709122203097,0.88833732868041,0.07884486974224456,2.5223889223948524,4.224326292789526,0.6591913819678541,0.6,19,-2.1247429746401703,11.035007610350078,-2.1247429746401703,26.037069726390104,0.9049079754601222,8.701400439126195,0.9399514303280843,70.4542134999068,83.38190388566973,0.9077054956515245,0.4883720930232571,0.4186046511627896,-0.2781641168289273,10.059745215999998,2.6887193631286506,0.5178679148724314,3.2974049030229438,0.47962843306908953,2.2860726435916927,0.49374885659765644,0.5015694019143636,5.1477917641943405,1.3491079363843936,0.489758557670317,2.13139168612224,0.21187332684452756,-1.9008553832409958,-0.01649982061139721,-0.023543295337911996,1.9208579070814968,0.03006764184392674,-0.016008766434216337,11.915016926907796,0.01973135849688945,0.02162545406594152,41.005295007792064,-0.14823222343056142,-0.33782987201038817,2.04914371,2.38396624,1.72768,0.8431229062016349,1.0678250000000002,1.0192675,1.9308069598422861,-0.22158300000000003,-0.13227761538461538,-0.1264276739130435,0.00125,0.028549,0.09000000000000001,4.0,173.0,0.22445153271759555,0.5636649831268548,-0.009992948637660426,13,0,999.0,1.428,тейк,0,0.5929999999999994,0.8666666666666667,0,5.366967086834729,-0.0670252100840334
ENJ,1776105095,2,2300000.0,16500.0,138.7,-0.05,21,0,30.848333333333333,371,5.154639175257732,600,6.316945893985169,0.4187994416007479,-0.6445672191528584,-3.250392288724502,3.600576092174723,3.1548757170172026,4.17571807868693,-9.098567818028657,8.469464689620509,20.256338813039832,12.954723894268504,42.63053536021148,48.2142857142857,120.99334357398872,24.260664747448303,0.47938135653891717,0.07793477180712034,7.2845638266605395,10.226804123711341,0.9939627199833382,0.6,121,5.888125613346418,25.26987242394505,-15.471993732863309,24.344569288389508,0.5168195718654433,4.993043541322706,2.5935585788111646,54.28810610967793,61.66125434159761,0.525281178148631,0.5810810810810809,0.07657657657657815,-1.7371428571428482,245.25548575740999,1.7356361343110098,0.49190678655606934,0.9889887420392248,0.5043773234277287,1.9117107477632607,0.47405018850086916,0.49413741478697354,1.2705508035439772,0.8794819203174414,0.5414279886406691,13.490080615,0.055004195210310074,-3.7906425169191516,0.012253624904388305,0.010885308174479968,6.6404697597876705,0.01965675422590807,0.0002778162540610918,-13.965426886675413,0.11211722452761697,0.006237837444125427,10.340301295832322,0.28805289284389346,0.10121386982740699,1.63850416,1.52475248,1.270977,0.775693483744344,1.0112237272727274,0.9757605,1.5349038624521936,-1.1083275454545456,-2.534173957446809,-1.0178171986062718,-0.048291,-2.819248,-3.899361999999999,1.0,28.0,-0.37695036244697055,0.7318445975483145,1.5154714049251616,18,0,999.0,0.04316,стоп,1,-2.462787499999998,20.95,1,20.188832252085277,-2.9632874999999994
MMT,1776150170,1,41400.0,11500.0,3.6,0.0,21,16,13.431666666666667,162,1.1694915254237288,747,0.14603174603174604,-1.8181818181818077,3.330970942593914,5.959302325581395,6.578947368421062,8.000000000000007,10.204081632653072,11.724137931034484,12.935708752904752,15.256916996047432,19.5081967213115,21.500000000000007,17.865804365400173,24.296675191815865,6.9672131147541005,0.71238461075872,0.2547283224265599,1.5642777070453473,9.463487332339792,0.813112793160247,0.6666666666666666,4,-4.330708661417315,17.683397683397683,-4.330708661417315,19.901315789473696,0.7857142857142859,7.86094559899182,0.5307827732578525,71.70236870423584,74.58503249610224,1.1617595243594505,0.058064516129032975,0.006451612903226881,10.583941605839398,13.845238839200002,39.52598584698888,0.5162752049909719,11.115403894389758,0.5149815137783285,3.295857185590933,0.5135564771764077,0.5053237940245066,0.8614688126764535,1.3254538884031986,0.5524326530981318,5.0248510496,0.3629298929371408,13.246646710243981,0.001502790880498539,0.04879087683590311,16.125997958867664,0.03609845083817209,0.03617987802797473,18.808580069652336,0.069385131326541,0.042048391422981446,21.983758415606825,0.1597697170166843,0.0735993994627453,1.14621717,1.3676164,1.822056,1.5896254633840463,1.2611660000000002,1.364096,1.604261241235052,-0.19106159999999997,-0.11358471428571427,-0.08475244382022472,0.00125,-0.019143,-0.264057,4.0,57.0,0.4050711401977436,0.25654692682086644,4.923819827129594,7,1,999.0,0.1458,тейк,0,0.5930000000000005,0.06666666666666667,0,3.04189986282577,0.9914595526748986
ZAMA,1776161493,1,39700000.0,559700.0,71.0,0.45,17,0,4.320555555555556,53,7.351851851851852,0,,0.6152944623498469,3.496081977094634,10.311596530677814,12.775041050903123,14.926372155287826,10.099390830394373,12.075718015665803,29.389600602863595,34.77237048665622,33.307453416149066,37.46997598078465,33.25572370974002,54.89400090212,18.944099378881972,0.4518657524778535,0.08972132478988111,11.243902881270618,14.543028685790539,1.148371798815791,0.6,1,-1.0089362928797807,28.149242704100462,-1.0089362928797807,38.579499596448755,0.96468213925328,13.486662848565278,2.08833528903732,72.072029597291,73.86515293729819,1.387246369892962,0.20408163265305965,0.2551020408163263,1.7058255551979595,73.64132039496,15.228256776635828,0.5113620912569716,5.902625847269155,0.5134628306983852,4.613772527676913,0.5126921892677007,0.5090174437987868,6.985059100547364,1.1033744474628648,0.6376198415065998,13.85413971297536,0.18812997429529435,2.6108198225164303,-0.057973588113570895,0.05324979073132763,11.150442558557838,0.02883270070042121,0.03331387475241776,29.92497420837332,0.07194989490333414,-0.18915501042787453,89.70353666162691,0.11217898994073372,-0.3495637042676224,1.7877193,1.86932215,1.405466,0.7861782327907967,1.0928086363636362,1.0994385,2.478111377687995,-4.590199181818182,-3.014210558139535,-0.6755797333333333,-0.07206549999999999,-0.322943,0.003914999999999999,4.0,108.0,-0.32390224576684945,0.38741246486799774,5.24814015014472,10,1,999.0,0.03434,тейк,0,0.4155195000000016,8.45,0,17.879848573092595,0.3886684391962737
BIO,1776244888,1,6300000.0,914600.0,6.9,0.08,22,2,10.254166666666666,124,1.4318181818181819,0,,1.3187812642110108,3.0050855293573875,3.917910447761197,4.502814258911836,4.995287464655984,7.945736434108541,10.133465150766185,12.128837443382,14.373716632443534,18.19628647214855,27.02394526795895,28.045977011494273,19.849381387842936,7.320954907161825,0.6358867492278821,0.13372947368855015,2.1822497865715107,7.841239109390119,0.70500826970077,0.6,1,-0.08968609865470656,11.555777888944462,-0.08968609865470656,18.63684771033014,0.9943181818181821,9.917421454649489,0.9286297436037403,76.652760684949,76.8888737163566,1.51865750376987,0.08333333333333012,0.3333333333333301,0.9817671809256856,30.801039797980003,6.531822518757768,0.5312715356753048,3.0431827634282405,0.5084002703849564,2.510206259061118,0.503372902823445,0.49489913403604296,5.8838518413220235,1.0049473493316439,0.5419419770554265,6.112982766279449,0.1984667662641815,2.389999349126648,0.0034160003083338886,0.00028803535409593906,8.132420195823364,0.009494547231011286,0.038255212038674546,24.113490935529146,0.06761389669125517,0.08501247072609908,40.30962600763321,0.12947884935237686,0.08537270987922674,1.72947368,1.88250429,1.225897,0.7088266298449827,1.0426787272727271,1.2172785,2.379589861589048,-0.44379063636363636,-0.45913881395348843,-0.23801202298850582,-0.0315555,-0.216278,0.004982999999999999,4.0,158.0,0.23518032071767614,-0.2308506549982714,-1.0368557269827217,9,2,999.0,0.02228,стоп,1,-2.021999999999998,1.5166666666666666,1,21.63375224416515,-2.674723199999997
RED,1776249987,2,9200000.0,72900.0,125.6,-0.14,23,1,4.7588888888888885,58,7.076923076923077,1427,26.24821683309558,0.06337135614702394,0.12682308180089752,0.31766200762388674,0.1903553299492433,-1.0031347962382364,-3.4841075794620924,-4.879518072289157,3.74507227332459,11.197183098591568,13.92496392496394,12.464387464387471,7.050847457627141,-19.10860655737705,19.76911976911977,0.844360328215927,0.051445946843287765,4.330201445289417,7.028571428571418,1.375946218487397,0.5333333333333333,54,1.2179487179487358,15.897435897435885,-12.665929203539806,15.762463343108513,0.48423423423423473,-0.3498409458735252,1.2501005530357623,48.75634587132782,60.0509687810056,0.3179832098188539,0.0,0.5454545454545466,-0.6289308176100628,58.577267103,0.5796590589228944,0.5837399677738827,0.8564403419194454,0.5192075238418249,3.0834437921660856,0.4838796768140437,0.49684532202953297,0.6235588338777298,0.9238423265692174,0.5318038352778565,5.79839049124002,0.09898704357518684,-0.22238294070998643,-0.001603220467843891,-0.004094751748701775,-1.5222767867452136,-0.03450527769152667,-0.019974172929886014,-10.742321070932137,0.11329510317605762,-0.010326766949228405,24.271691272461425,0.20243494689153985,-0.18916363692265126,0.57938283,0.64935572,1.160379,2.002784583726791,1.2291870909090912,1.599869,2.2015127133021415,-0.4098865454545455,-1.1207236382978722,-0.38813500361010833,-0.15628875,-0.874201,-2.248231,4.0,73.0,0.11862685024746078,0.06421565645300387,-0.41010847422964236,10,2,999.0,0.1579,тейк,0,0.5375616000000005,13.533333333333333,0,4.600462317922727,0.7537616454084871
MBOX,1776256952,1,25100.0,2200.0,11.4,-0.0,20,15,10.514166666666666,127,0.6419437340153452,302,0.4883268482490272,5.68475452196382,9.163701067615659,11.85050136736554,11.952554744525546,12.362637362637363,13.087557603686628,12.259835315645006,11.85050136736554,10.940325497287517,19.01066925315229,7.068062827225141,3.544303797468351,-4.73602484472051,6.013579049466555,0.2343238583257559,0.27916641759746563,0.9242209964821058,12.465627864344642,1.0253681867363182,0.3333333333333333,1,-1.918465227817756,16.69776119402986,-1.918465227817756,19.24198250728861,0.8918918918918916,11.595763069657284,0.5387927349147426,89.071548111052,75.933666630978,5.8402297760792345,0.22222222222221366,0.7777777777777863,0.0,3.8210190422,25.123492443442082,0.49450335751085495,6.757999849425613,0.5025247608424713,2.0424267525886655,0.5001028816148131,0.4855482362139168,1.6008163219268745,1.469409784819385,0.743589657711586,1.052906654,0.2755565053121996,2.922411284533122,-0.02320409346509844,-0.026037708722709496,2.285700420822079,-0.03717106084821353,-0.04511183948555808,2.3932382055015244,-0.051378345506517875,-0.06801246416944351,6.217659801442688,-0.08257214368351418,-0.12236544224573775,2.70517241,3.33777038,1.89685,0.7011937549666197,1.4552365454545453,1.0127905,0.19520965362784834,-0.061952714285714285,0.08856025925925927,0.0681390287356322,0.003763,0.040052000000000004,0.03296000000000001,4.0,197.0,0.29166666666666785,0.23783222484679012,-0.16093170704772897,12,2,999.0,0.01227,стоп,1,-2.052149399999998,21.333333333333332,1,21.366503667481652,-2.5526493999999995
D,1776260184,1,52100.0,6300.0,8.3,0.0,18,12,4.009166666666666,49,1.0,287,1.273838630806846,1.0152740341419664,-0.5484298982751157,-4.282308871105056,4.5374244537424335,6.892945426887231,5.76669802445906,9.89150620662691,9.687804878048766,3.450496871549502,21.611681990264998,33.55904015205511,22.02083785543738,-2.8598583030931324,10.665224445646304,0.590690372452675,0.12094631360246656,8.018573031426346,10.611237661351547,1.1431247440836119,0.7333333333333333,16,-5.353986025759749,16.210135002934845,-5.353986025759749,23.726202266974795,0.772206303724928,6.483905376691057,2.543567014671076,74.51421031007607,67.01697223606057,1.2971866124446472,0.7078228086710642,0.02827521206409093,2.5811209439528193,38.910496760789,6.247976244263153,0.47455345542180233,2.8346605138230427,0.5115378575545951,1.0452954197744675,0.5049896544860477,0.4966324338499953,3.2193061341487654,1.1897076121403514,0.6502533157264676,4.164155394628,0.10701881860383533,-3.0056394072338843,0.03768800473222256,-0.013837882477307661,14.433607722090148,0.09743002360548036,-0.044370214810795616,18.36351936714562,0.12343250431719222,-0.02698010770641035,42.96773316205671,0.28991300956449617,-0.1443838536145705,0.60240964,0.68167331,1.509401,2.5056056539865463,1.323918818181818,0.9549525000000001,1.8564937415540217,-0.39750233333333335,-0.1701973448275862,-0.25021564732142854,-0.00734175,-0.378614,-0.28266299999999994,4.0,143.0,0.28771602307122723,0.5875699794086531,-0.1395515010852666,13,2,999.0,0.011243,стоп,1,-2.021999999999998,1.4333333333333333,1,21.31744196388865,0.7084769488303817
C,1776261093,1,14100.0,4200.0,3.4,-0.04,17,15,6.926111111111111,84,1.0,324,0.12314410480349346,0.213836477987428,2.193432529502304,3.3333333333333437,3.8316173595725145,3.01267132143781,3.266364225534679,7.213026510563858,9.844202399007319,4.293755727189419,16.086259653212885,20.474822319673393,20.6207418622256,4.7187171398527905,8.276264024479097,0.5658383806112409,0.08894694649277737,2.2399686369553695,5.18829585478191,0.7491858994957366,0.6,1,-0.20042590504821822,8.656594528378946,-0.20042590504821822,17.507374631268434,0.986699916874481,7.52853994542606,1.27231646823395,66.02590816044723,71.91250395911322,1.218951735796599,0.20422535211268417,0.6830985915492926,-0.20536516493389056,19.809320936339997,1.3853384450618298,0.5664415965540789,0.812878459302459,0.5420719950586854,1.1371791413543566,0.49880603361286097,0.4925919767940762,2.7390901288342158,0.8325313038696557,0.5312678236234069,4.76250412325,0.24041733376701646,1.5353193220476902,0.0028127300073308437,-0.0026986276761727934,2.6693638409692744,-0.021689040638535606,-0.0010068783132969328,7.737070777623223,0.08900829016211165,0.034290754111903965,12.678533316547181,0.20650890248506015,0.023501240105395116,0.43642763,0.56239316,1.4823,3.396439405085329,1.4097738181818182,1.686518,1.072652480382801,-0.10021985714285715,-0.1593714838709677,-0.281377132780083,-0.008675750000000001,-0.645254,-0.7911330000000001,4.0,128.0,-0.6222776195424551,-0.13526436744294434,-1.7389822974104185,13,2,999.0,0.07967,тейк,0,0.5929999999999994,0.9833333333333333,0,0.22944646667502067,0.39276060161917986
BARD,1776282656,1,191100.0,7100.0,27.0,0.0,15,6,16.75638888888889,202,1.2706117021276595,502,13.94890510948905,0.09302325581395099,1.0644959298684809,1.3182674199623268,2.7371101209420656,5.043931012040348,6.852035749751728,8.431306684581784,8.322147651006716,7.135745104546953,2.6391096979332174,-2.4183796856106388,-0.8294930875576201,0.6234413965087393,-5.341812400635925,0.8130786490234426,0.28228051468520077,1.6075996329492748,5.024630541871922,0.6037660893055773,0.8666666666666667,1,-0.24721878862794533,8.8829071332436,-0.24721878862794533,9.164693946567448,0.9713261648745511,5.799110031441157,0.5159144489061571,83.47839227132096,68.29107799237612,1.2035280472307734,0.16363636363636566,0.09090909090909091,1.2884978001256986,47.6433985891,2.2156661756231375,0.448170336043929,1.5722180583048746,0.5099747803145427,0.9252665665812806,0.5128817206111708,0.5101558225772898,0.8028657036815281,0.9201841238024031,0.5785952182472872,14.082374353293819,0.2955787112239224,0.9962372885779391,-0.01692091661810513,-0.0035462423695999945,6.348464645294394,-0.01583626927731574,-0.023061603336682612,9.753651990016854,-0.055746956897672284,-0.05450899236882467,26.272831285418086,0.01235014931750178,0.009610746196768272,0.50813953,0.56805433,1.358299,2.6730827259197882,1.2326943636363639,0.8570355000000001,1.156837528855785,-0.25588518181818176,-0.5432082553191488,-0.6213496794425087,-0.086911,-1.714819,-1.336497,4.0,9.0,1.0136981874877105,1.656436730214228,1.2901326989775974,19,2,999.0,0.3228,время,0,-0.48233470532837636,48.0,0,5.638166047088,-0.48233470532837636
ENJ,1776291335,1,1800000.0,14000.0,129.1,0.0,19,5,4.400833333333333,54,1.0,1129,0.9473684210526315,1.1433868974042083,6.094003241491097,7.747174366289911,7.841845140032944,12.487111925764683,8.605242782877998,13.017955801104964,13.39646610463101,50.32149418248621,71.30146545708303,127.6077885952712,152.61126833033188,262.32472324723244,51.57013258897416,0.006436989939289517,0.11543271108287445,4.039239064998457,13.381826578916979,1.0446225878286415,0.6666666666666666,1,-0.2944760357432963,14.711706464764118,-0.2944760357432963,74.00318979266348,0.993103448275862,29.80165883998822,3.034444646567821,70.22347671772505,79.52935866032139,1.230940362899942,0.07344632768361671,0.04661016949152497,6.857457347275719,805.0126156106102,1.5410735798624038,0.5411203920594593,0.7252175107401204,0.5231418756224692,0.7698868840378599,0.49835140160401153,0.4983998952162781,2.874290849073432,0.8807077187432291,0.5489240043833052,32.103506722555586,0.039879507600268795,5.944355494031428,0.02061562873244216,-0.00533171387698006,13.550779918446242,0.05366050846398718,-0.0066018308356007305,7.564785622060621,-0.029973320029150874,-0.020660324234610727,93.28238210164854,-0.3536248560450902,0.024799770501717333,1.24178821,1.22941546,1.321756,1.0643972855886592,1.0511232727272728,1.104414,0.581103956538132,-0.1494069,-0.2768102666666667,-1.1408550246478872,-0.008549,-3.285931,-11.379119,1.0,44.0,0.42862939023753377,1.0145905474586714,0.9839879788660744,22,2,999.0,0.09819,тейк,0,0.5930000000000005,0.2,0,5.011294429167945,3.3000200304409826
ZAMA,1776301899,1,7400000.0,166100.0,44.3,0.01,20,1,43.32222222222222,521,1.3703703703703705,0,,1.7109685304002475,2.2734254992319514,1.6799022602321356,2.620221948212098,6.019108280254781,7.387096774193558,8.542549722856219,10.487885828078337,8.401172256593936,4.063769928102534,25.0563486100676,29.98828582584927,47.82415630550623,-4.126289465457955,0.6739490881490907,0.14651404424762474,2.5456505937085705,6.853785900783271,0.7765085581665185,0.5333333333333333,1,-0.17991004497750485,9.8846787479407,-0.17991004497750485,12.847457627118652,0.9844155844155851,7.119336770049944,0.8546517557012818,79.76054381301132,66.24524973166308,1.2609417502529328,0.02105263157894652,0.8947368421052674,-0.2421307506053183,40.801138938250006,2.447790036813213,0.5317805452283709,3.3774375948651025,0.5079828385995314,1.4578965641529054,0.5192454293948228,0.5002178730821326,1.0556644826652868,0.9118647138201855,0.5319979404407879,11.58092229827,0.28383821137436893,0.13878766345054583,0.01401755757016998,-0.005314894545252025,8.38996808136705,0.02890024503813904,0.007018291255171505,13.95631951696874,0.07810191766063035,-0.0010960738649693491,7.36838695860329,-0.08232776244312545,-0.10184497721280261,1.47456247,1.67032214,1.285911,0.8720627482130344,1.0923637272727273,0.9996535,1.6337416778069882,-0.3380681818181819,-0.3220448510638298,-0.24937039788732399,-0.0328065,-0.559209,-2.541547,4.0,168.0,-0.005616760413074129,-0.03315649867374759,0.3377603149745667,1,3,999.0,0.03329,тейк,0,0.5874562000000005,5.333333333333333,0,1.501952538299789,1.212793732171823
BB,1776316300,1,776400.0,153900.0,5.0,0.02,24,6,4.085,48,1.2069019120161666,130,2.1230516817063165,-0.09810333551339978,-0.5210029306414898,-0.5210029306414898,0.9583608724388792,1.6300731869594243,5.599723470445905,9.029264810849401,12.39882266372334,15.4572940287226,20.465299684542583,18.96417445482865,22.493985565356866,30.891173950299923,10.488958990536279,0.8957158394589261,0.10164015177385498,2.111076015704283,6.173272535952279,0.7690755388402208,0.7333333333333333,41,-2.4896265560165887,11.932833154698086,-2.4896265560165887,20.798734677738228,0.8708609271523184,10.214609432432686,0.8055664775834113,83.66442588396134,86.93176390430293,0.9610074882052726,0.7294117647058812,0.03529411764706147,0.660283922086502,9.4089004808,1.5515874191538621,0.4334298553538245,2.7269316862046837,0.47901686196714066,1.8814777899505235,0.4812304654319025,0.4894694019686799,3.3495830493914602,0.9565725456399043,0.5234674086606942,2.2756041321245903,0.2418565417678969,-0.038874376366571095,-0.00738545496309051,-0.007887873036416915,7.521336094977449,0.04224496599013561,-0.02770118758835649,19.830057408616053,0.0764447229776235,0.018381244615152115,48.34248205062386,0.04207438427007615,0.009922511223936947,1.8981989,2.38116592,1.759996,0.9271926140089956,0.9265699090909091,0.879448,2.196198452922614,-0.23390449999999996,-0.1510511923076923,-0.15316493913043477,-0.0022765,-0.046372,0.065499,4.0,168.0,0.0641266287161768,0.17105333547315915,0.8198861770232435,5,3,999.0,0.03055,тейк,0,0.5903118000000005,13.383333333333333,0,8.286415711947615,1.0025819284779058
CTSI,1776326477,2,6000000.0,103800.0,58.2,-0.0,25,1,11.418611111111112,138,1.0526315789473684,432,14.48225923244026,-0.4987531172069848,-1.4814814814814947,-0.7462686567164201,-5.000000000000016,-5.450236966824651,-8.275862068965512,-10.135135135135142,-5.6737588652482245,-9.111617312072905,28.295819935691323,27.884615384615373,28.70967741935484,25.07836990595611,42.765273311897126,0.5932831778550803,0.13679400084040466,3.893435797545486,6.557377049180335,0.5995316159250592,0.5333333333333333,17,1.7857142857142794,16.581632653061227,-14.00862068965517,30.819672131147534,0.5911949685534591,-2.2988724445392905,2.3812913343569577,35.595000612169315,52.54235545290726,-0.10611849273283422,0.21428571428571075,0.7142857142857157,0.24875621890547706,71.75285111700002,0.627778003315157,0.49823473413028085,0.7978007438485936,0.42117492020031316,0.8163435299328774,0.4699038250478373,0.5001203274624714,5.417284883418366,0.7565214891552221,0.5303969384466473,4.22284646494788,0.05885266437792301,-0.036786505178498796,0.005989862260651346,-0.0005218298834579471,-5.962705994287987,0.038953355308523285,-0.0047989896218592065,-8.965542728500232,0.06504639402903867,0.03258874756284147,47.524438617013786,0.6728601457303334,-0.047177550124954615,0.70498502,0.84638554,1.298596,1.8420192814877119,1.0425200909090908,1.1345905,0.884600215878689,-0.13367783333333333,-0.1592924074074074,-0.5064242196531793,-0.006702624999999999,-0.539961,-0.49633399999999994,8.0,478.0,-0.42434644379809594,-0.24608593769830378,1.3060154589030981,8,3,999.0,0.0399,тейк,0,0.5930000000000005,7.8,0,4.010426065162909,0.8711103824561397
BIO,1776332809,2,3000000.0,131700.0,22.4,-0.01,30,5,34.67666666666667,417,0.6818181818181818,0,,-0.17162471395880674,0.8670520231213841,1.3062409288824295,-3.1362753261171217,-5.420054200542013,-13.16247822841502,-15.903614457831328,-24.212812160694895,14.953886693017115,56.64272890484738,79.52674897119343,96.9525959367946,91.33771929824563,86.26570915619389,0.7674318655677331,0.12994966668886673,9.312079743005075,11.770381090207415,0.7625802630971117,0.7333333333333333,15,2.496328928047009,23.024963289280475,-27.124660680726663,60.82949308755761,0.5040091638029782,0.2166682760862626,3.2040481125385516,35.49246584538159,55.06864592372964,0.12677545871177082,0.13888888888889184,0.6944444444444399,0.34732272069464276,755.3910764575301,0.6421725058421353,0.5359335680777667,0.9337564455612636,0.48930651029354805,1.2984298954819125,0.4895946919559108,0.49545012251466775,72.92971618313436,1.138598723287519,0.5455090871811625,17.0848069894642,0.022617168142341368,0.8969496209788597,0.009318356567133756,0.019698728482999472,-6.5240802276327,-0.027909334451100776,0.006457161001252265,-9.966740323940371,-0.0487816624298949,0.025097851797086346,126.02398284151862,-0.41133275696793725,-0.07643615226042688,1.07407922,1.22492947,1.141101,1.062399289318715,1.0048222727272729,1.0292185,0.6266965506720081,-0.066645125,-0.12883418421052634,-0.6013737814814816,-0.012061,-1.8178159999999999,-0.222164,4.0,133.0,0.03094929942040192,-0.4738938477780952,0.9901351696823824,9,3,999.0,0.0349,стоп,1,-2.029550899999998,3.2666666666666666,1,20.85200573065904,1.8950449982808022
ALT,1776337294,2,2900000.0,193200.0,15.0,-0.02,27,6,4.176666666666667,51,1.8125,0,,0.22684814518281193,0.013315579227701768,0.22684814518281193,0.791733762748259,1.3493455673998067,1.1582491582491583,-7.202866320731404,2.7356038845575137,8.603238866396756,9.713701431492861,10.148115559466198,10.651149086623457,11.455705594301824,18.229623137598615,0.5679307072800992,0.1361345800680107,4.183965834290859,9.209100758396538,1.2005774786787806,0.5333333333333333,79,2.427383062866495,13.950634119732719,-10.11249401627573,9.906350599941472,0.4448094612352169,-1.967444023300291,0.9977402058660098,52.08134111047284,59.8497557653855,0.3936943271925182,0.01111111111111261,0.4888888888888874,-0.5963424330771239,18.419787899941998,2.7767536101299544,0.5104733302992591,2.0710570520999387,0.5554977351171125,2.7304908690822858,0.48294969243256075,0.4996616982849722,5.329791423812043,1.096966600849181,0.6146063145969178,3.040538983651,0.1650691636715629,-4.07597099861523,0.041523337761392165,-0.02146785046391786,-2.254932040185975,-0.06423975428346018,-0.04451736584606858,-15.278700810335376,0.02888247785388387,-0.060152948845953125,42.59199163346916,0.13003678350951597,0.1052158395533791,1.36932153,1.52723735,1.301847,0.9507241151754914,1.2825527272727273,0.9984649999999999,2.1211973303405585,-0.15202670000000001,-0.5143750476190476,-0.3336556687116565,-0.15087275,-0.60634,-0.015812999999999997,4.0,58.0,-0.3901623821230715,-0.9576467042470505,0.5985704204080289,11,3,999.0,0.007511,время,0,0.12158627700705658,48.0,0,3.2086273465583792,0.12158627700705658
AXL,1776337294,2,8500000.0,131600.0,64.9,-0.04,27,1,4.422777777777778,54,1.0,0,,-0.05169739789763206,0.15541357278534562,-0.3949854027133659,-0.8377500427423468,5.4737224949991115,5.339629495096276,-5.537459283387625,12.643231695474855,25.351199481305397,27.165095373821547,27.668941228263265,24.919233254361405,25.677139761646828,34.61960096470074,0.24135823588819863,0.052307067471448886,6.6757193923105085,13.4302417443514,2.7394998126688686,0.4,147,8.108108108108114,19.217148182665422,-9.685456244160696,27.500549571334364,0.6679124399359317,1.5601678165712896,1.4867859400535817,57.78547364400315,68.97267921353045,0.5052219834955689,0.20289855072463958,0.7391304347826091,-0.13748066678123116,52.42066071824,2.7849199044605526,0.4557437116462129,3.3815577550969773,0.5019885500076199,3.207139640784645,0.48341320935606497,0.49535513769195433,18.710294504045166,1.0824008543800137,0.5484760044100754,4.73446272029941,0.09031673114055261,-1.029598764939399,0.009481554137068748,0.009178857175748734,11.517170964405143,-0.020822411159991727,-0.036886309936820405,-5.36794457659634,0.02566956292310385,0.0492871646895372,117.40245578609918,0.0034452868175038898,-0.17266432370607232,1.24490835,1.35684647,1.472727,1.1830003389406134,0.9856671818181817,0.874653,0.9693876382441622,-2.5097313636363636,-1.2699102142857144,-0.7668412830188681,-0.236577,-0.9402530000000001,0.03433100000000001,4.0,58.0,-0.3901623821230715,-0.9576467042470505,0.5985704204080289,11,3,999.0,0.058,стоп,1,-2.1941631999999958,10.65,1,21.092689655172414,-2.6946631999999995
WAL,1776345991,2,4700000.0,100500.0,47.0,-0.0,29,4,4.918055555555555,60,1.0,107,186.5079365079365,0.012199585214101027,-0.1704822211398005,-0.5821004123211404,0.26908023483365184,-0.9544520961701108,-3.3824395992928635,-9.26397343663531,10.634278002699048,16.168343488734592,20.011711316059145,19.24363636363635,19.678832116788314,13.940236275191097,32.26467574293661,0.8020329176668549,0.08732493099691974,5.5362787083669485,6.661528297731778,0.819873337940146,0.5333333333333333,28,0.8984615384615369,14.559999999999995,-14.57747212670627,21.093057607090103,0.5051291121330032,-3.247808243814976,2.099543137815135,51.835610719624874,68.68374244510707,0.30956348699445563,0.27814569536424133,0.2649006622516545,0.8443465491923652,46.16809624446,0.506944956605363,0.5112069002851943,1.018576908083857,0.5441428097829046,2.698016101825446,0.5021211895919219,0.5059788045766154,11.1896720401353,0.9230121089285979,0.5473800405041875,4.87300723385333,0.10554923486666558,-0.37538987749068387,0.004864619622705346,0.0018775064325546875,-4.1519059186062135,-0.03161573871440704,0.06477442234983233,-5.546414959565937,-0.016105059598544913,0.02349144866393682,142.6205987549924,-0.11536867231522663,0.2645255421203334,0.98726115,0.93759398,1.040028,1.053447712390992,1.240369181818182,1.0759035,0.5987079947392859,-0.4246592727272728,-0.46160287179487175,-0.3382027598039216,-0.046657250000000004,-0.21773800000000001,-0.026205,4.0,153.0,0.09945413999610242,0.10333994155673487,0.6820553210681979,13,3,999.0,0.08198,тейк,0,0.5622043000000005,10.7,0,0.9758477677482391,0.9432127007806776
MBOX,1776351380,2,210900.0,22200.0,9.5,-0.0,26,15,4.42,54,2.3433333333333333,376,6.869706840390879,0.190839694656475,-1.0056568196103122,-0.31645569620254443,2.20635950681376,-4.429611650485443,-3.0172413793103536,-4.429611650485443,20.320855614973276,22.663551401869153,30.0578034682081,48.72521246458923,37.55458515283843,21.715610510046357,36.0858794384806,0.7013349284637529,0.02375972630324189,5.151619947867037,10.048622366288473,2.6950075723357307,0.5333333333333333,56,5.7046979865771785,26.04026845637586,-16.134185303514382,31.031613976705508,0.551775147928994,2.4612647118928743,2.237458385113368,53.25749179552787,67.88550669110782,0.3963959958365927,0.13953488372093212,0.0,2.3778920308483276,45.26268405251001,0.5979699112487583,0.539030902515711,1.395427758813553,0.4540573772376551,3.4700671452631204,0.48522249157269653,0.4852384562373749,14.762899867977733,1.2050942860371865,0.5120969118192525,2.02762121166,0.04479675154278792,0.6302410199233943,0.02081028558992859,0.004481066357313823,-17.5064201230148,-0.02339522368810598,0.13252875577573264,-27.562356786699947,-0.1161577890427532,0.1567790227833843,31.50835496631357,-0.4156635987702014,-0.049667720166399976,1.46377526,1.63644366,1.589751,1.0860622142226941,0.9990288181818182,1.096384,6.222296436230336,0.22767116666666665,-0.20310920000000005,-0.333054724137931,-0.1630385,-0.953648,0.053344,4.0,63.0,-0.8557071955306195,-0.5622072957829127,0.007439842113021733,14,3,999.0,0.01575,тейк,0,0.5955583000000005,1.8666666666666667,0,12.010920634920641,0.5780595650793651
SIGN,1776355029,2,16600000.000000002,533500.0,31.0,-0.02,23,1,4.105833333333333,50,7.904761904761906,0,,0.3610108303249149,1.090909090909098,2.5289778714436384,9.141895681435797,5.075593952483826,0.7246376811594235,-15.648027741655824,-24.777734827986077,-33.28762427151183,-32.36009732360097,-30.375670840787116,-36.92058346839545,-38.63134657836645,-19.81230448383733,0.2514496023455135,0.05977875602961284,9.777265452466644,27.360988526037076,1.6423626788765193,0.6666666666666666,168,20.495356037151712,45.51083591331269,-34.85102109139605,20.495356037151712,0.24125364431486884,-7.406990634060218,2.8877305372235105,42.46310448709377,26.3183850608645,0.4109063245848268,0.255172413793105,0.10344827586206715,5.166666666666675,139.04392333212,2.458036686739606,0.5310249220892522,2.693100884464885,0.48731095181162465,3.9965011722750523,0.4754750350236444,0.46351689543049485,8.714157941591441,0.8305752825254598,0.5410409411214534,12.91091835682,0.09285496300317282,1.225610126292831,-0.02493302449547896,0.0064799451138977116,0.16443526322906798,0.029645366815812535,0.07381451676180895,-13.254247603537305,0.3962647719234891,-0.03019686644533759,-30.934924746403645,1.0675532086738513,-0.2015758565793091,0.62589438,0.76247184,0.999033,1.5961686698640751,0.987243909090909,1.1910965,0.847023524137412,-1.8450562999999995,-11.528097413043481,-2.4491861659919034,-0.173314,-0.775288,-0.023160999999999998,4.0,2.0,0.7934339485850428,0.14446808196111327,0.9693372898120556,15,3,999.0,0.01946,время,0,-0.34900416957862146,48.0,0,9.084121274409029,-0.34900416957862146
FLUX,1776360732,1,221300.0,23700.0,9.3,0.08,28,17,9.515277777777778,115,1.3094674556213017,82,29.11842105263158,1.0950080515298,0.8838180941667995,1.0136765888978383,3.494889548302016,6.334688346883466,8.80415944540729,8.055077452667824,9.239603271271978,9.296657381615603,10.450387051372267,13.83499546690845,18.162996423866005,9.563699825479933,2.2167487684729092,0.7832058998995328,0.19027815145745205,2.578843513544271,6.395250212044101,0.8013358778625949,0.4666666666666667,1,-0.03184713375794512,10.059586400280395,-0.03184713375794512,11.90730837789662,0.9970149253731355,7.64122474741209,0.5422099749757724,86.24958186064005,87.7271506504331,1.2061444701887225,0.23913043478261164,0.543478260869561,0.4853583562530295,1.34271186088,9.623329803142926,0.47297938121161087,5.976061631585695,0.5470411545633264,2.38910529095765,0.5392707673527892,0.5001333315175176,1.3651811587031633,1.5470646345399672,0.6062174142658813,1.20201191083,0.8952121045852781,1.4566162269354033,0.008048977620541686,0.012799009030242336,7.399470499467808,-0.0001367459856542741,0.013997052287531897,8.928530104968857,-0.019566579200422707,0.04085521674374859,14.352076853876362,-0.06417079594138553,-0.035938686635911266,2.48543689,2.96502058,1.327819,0.5342396764699184,1.272022090909091,0.9854105,1.1084350408091665,-0.09976557142857144,-0.1299266875,-0.07522423,0.00125,0.030000000000000002,0.09000000000000001,4.0,147.0,-0.47053740819354983,-1.004090293393467,0.14147574865375212,17,3,999.0,0.06278,стоп,1,-2.020743399999998,17.783333333333335,1,26.842290538388024,-2.5212433999999995
TRB,1776389789,1,5300000.0,1500000.0,3.6,0.39,29,3,4.012222222222222,49,1.1521739130434783,2,13.845350052246603,0.4718554882989112,-0.283822138126788,0.6589628497755573,-2.2490146070020978,-5.364758698092031,-2.879520847730943,12.697139802191938,9.409871801525927,15.122057779476815,25.319541049878104,35.59758137141387,33.42616621305146,42.28822139723252,11.200285357588701,0.5170289644927969,0.08589923382638694,10.85941482248911,22.59043764229698,1.8382760548714399,0.8666666666666667,102,-15.273311897106112,33.26191751472949,-15.273311897106112,25.483659741651277,0.5297611681722558,6.0025383015006595,2.281540516726632,54.95945765742556,63.39939640956534,0.6179928012817594,0.020847810979845435,0.539263377345381,3.1003575451829413,90.3044103866,1.6005066838313224,0.45049294211172786,2.9944524900516445,0.4442570573376608,2.7813984689110014,0.4872657844590522,0.47501424231174855,10.694995383112234,0.996158099743904,0.5387836679132112,10.25366716373589,0.11354558564569733,2.6975048497877685,-0.04147437012759814,0.01256951422472552,-6.502188618642002,-0.018760552665917474,0.0461741324633711,24.004106599498876,0.1207494049451796,-0.1576245557403242,69.12286181887633,0.4357902024863607,-0.0659084386574258,2.61036158,3.00191205,2.066785,0.7917619596592438,0.894910909090909,0.9596525,1.8905129008152677,-0.11308900000000001,-0.07325860000000001,-0.06483272222222222,0.00125,0.030000000000000002,0.07840200000000001,4.0,143.0,-0.32668665827162435,-0.22739957965127733,0.20115354854974843,1,4,999.0,21.08,тейк,0,0.5932098000000006,3.8666666666666667,0,3.679118880455401,1.0673262785578739
ENJ,1776397266,1,467400.0,17400.0,26.8,0.0,27,16,33.82611111111111,407,0.25966666666666666,840,0.5903005809547865,-0.3284671532846617,1.5241635687732513,3.879802206162042,5.88007237012147,7.3365649154985,5.6615940159917555,8.588469184890645,10.209846650524623,-0.9550290135396544,5.1732991014120655,26.650177770907412,87.05479452054796,169.15243101182656,-3.145057766367132,0.47757103015375907,0.10846324754186146,4.495733267066493,6.862361382909321,0.7806713530919952,0.4666666666666667,3,-0.5945158942004203,11.755932203389818,-20.756359415804226,15.394366197183107,0.33744983019450475,0.942444723542013,2.1442699451987197,64.57439392967332,55.474824607091804,1.4384744794305282,0.19626168224298862,0.0747663551401841,3.027166882276866,385.01120480391,0.6540914692880713,0.5395005366469972,0.4799971567305493,0.5104608107257106,0.3957152532027628,0.49848939425879685,0.4949101374559136,1.1196959224224783,0.8907957744742417,0.5188498747550935,18.8366129356476,0.048924843486675335,3.209793690794771,0.009654632085089432,-0.002433214261146066,10.38465265169477,-0.0013032788755569236,-5.971329089893285e-05,12.884696365078362,-0.024358607545615696,-0.04102104706273746,-20.908955928286034,0.37028712026358424,0.1216913749478683,1.43252811,1.35880617,1.406638,0.981926979429395,0.941494090909091,1.2392889999999999,1.5002320073227835,-0.265899,-0.3002355744680852,-0.5407389823321554,-0.036306,-1.445474,-13.086420999999998,1.0,18.0,0.1901803628716392,-0.3804613811028035,-0.3965333333333265,3,4,999.0,0.08193,тейк,0,0.5837915999999994,2.283333333333333,0,3.344318320517514,2.8350295938606136
XVS,1776415009,1,3800000.0,119700.0,32.1,0.0,35,2,4.004444444444444,49,16.873889875666073,190,60.60606060606061,0.23752969121140222,0.33967391304348116,0.8535336292250006,3.7947997189037297,10.100633619083133,11.178020323673321,11.303692539562938,9.529106414534683,9.28597854236035,9.936732415333104,11.55589123867069,10.512532734754965,9.28597854236035,-1.2281354670636402,0.4669982366240787,0.21611638880669212,5.503996506791841,10.290827740492169,0.9206306163800566,0.4666666666666667,37,-3.652968036529669,16.004540295119195,-3.652968036529669,12.234042553191493,0.7419354838709684,4.648097683077146,0.7313132089052644,87.83194031811932,76.41308516910117,1.4819272199241145,0.18439716312056909,0.21985815602836975,2.9567053854276493,6.6073859639000005,6.860417328314263,0.5336404997716978,17.68541147316705,0.5567020853247372,4.705645035703043,0.5527506411730247,0.5269267674874839,8.391346319191799,1.1413104726077257,0.5846079075929985,2.1329283856190098,0.322809715865312,3.366191969522392,-0.013908026771801918,-0.004513664996775968,44.20163380104951,-0.10106890790220058,-0.16824653783989907,45.18633381809016,-0.11969960373736299,-0.1940237317332365,55.483044632771026,-0.07500404566780461,-0.2283342926383336,2.19190141,2.50580431,1.34469,0.6134810598073387,1.6852660909090906,1.33524,3.9974843317737045,-0.8110336249999999,-0.43697276470588237,-0.0949325142857143,0.00125,0.030000000000000002,0.088188,8.0,443.0,0.1658551816067666,0.47084079478141305,0.5646523603540343,8,4,999.0,2.954,тейк,0,0.5930000000000005,0.2,0,12.953938050101543,0.6366383125253895
MOVR,1776419198,1,3500000.0,3900.0,902.9,0.11,36,3,4.16,51,40.88785046728972,0,,3.49216710182767,7.857142857142851,10.990549527476357,7.382323061293605,2.422480620155021,-17.40036467830165,49.504950495049506,118.84057971014492,117.78846153846155,151.4670896114195,169.1850594227504,163.59102244389027,163.59102244389027,68.19984139571771,0.06752803830996339,0.08938134020519675,30.658622709093365,56.874039938556066,1.1089115135926844,0.4,132,-25.282752120640907,109.68379446640313,-25.282752120640907,152.46815286624204,0.640896921017403,2.9608475602097117,6.189802422449666,60.886901917016466,73.74624893750438,0.5919249634855062,0.09505703422053355,0.3079847908745242,5.3822420294823425,284.61485313898004,3.126274054600202,0.559146466830263,3.3649245989138263,0.5147919955122824,5.616719083772512,0.49850701927453,0.498004155674361,251.8027526463238,0.9367134160069409,0.5030911130799118,7.165604597760001,0.02517649560004154,8.345350037321065,0.04404097253777062,-0.006123912621604943,4.000255546472653,0.10307278802624098,0.05154942880072699,140.20022409467973,-0.34972598750773554,-0.1267281105990784,630.4830654129487,-0.5745681553094144,-0.6694489187717831,1.11134119,1.26188228,1.177932,1.0599193214461886,1.0547694545454545,1.255239,2.8320445267125303,-0.802864090909091,-1.0807441428571427,-1.0888510517241379,-0.11969975,-0.45379899999999995,0.084015,4.0,133.0,0.552710699374237,1.4713233333199405,1.4150570643693516,9,4,999.0,3.171,тейк,0,0.5930000000000005,0.9,1,24.331494165878276,-2.5456028999999973
KSM,1776419792,1,2400000.0,252900.0,9.4,0.01,35,7,4.071111111111111,50,4.6875,350,1846.1538461538462,1.022727272727253,0.07504690431519023,1.5226494099733534,-0.7443245254931119,-1.804123711340222,-16.27687961073616,12.129493378179523,15.83061889250812,14.75903614457832,19.89211058664868,26.969769102594633,26.909350463954308,27.333492480305544,6.922904023376031,0.13252508065591823,0.04896337174359504,13.148631121998044,16.473317865429248,1.317032040472177,0.5333333333333333,119,-17.748650732459538,37.539766702014866,-17.748650732459538,20.406320541760724,0.4399026763990266,-0.4000544726417643,2.4346465962042316,53.43410307756367,58.986032154773206,0.5558228160363237,0.22999999999999768,0.4399999999999975,-0.6238185255198592,40.9960855123,2.1138319102295724,0.48567736435993436,2.0066419172073955,0.4761462913559331,5.350351785894064,0.49288160270079184,0.4921261834998088,25.46463079744756,0.8364993044075775,0.5045862616319756,3.5974539315,0.08775115688595832,-0.20912646031741033,0.004186524055001195,0.006557994339645656,-4.921503165417029,-0.03652548007665091,0.03452240654368954,67.79609592682192,-0.037422748683568985,0.1017820365714377,107.35677835810131,-0.025954081125223794,0.15871184791180748,2.10819672,2.30674157,1.657338,0.7861401093537419,1.0003442727272727,0.8854869999999999,5.589359243048387,-0.8458494545454545,-1.2284514680851062,-0.40662738095238093,-0.05815725,-0.447561,0.08099100000000001,8.0,363.0,0.552710699374237,1.4713233333199405,1.4150570643693516,9,4,999.0,5.334,тейк,0,0.5930000000000005,2.716666666666667,0,0.988450693663312,0.7806563909261334
TST,1776420730,1,873100.0,204200.0,4.3,0.0,34,16,5.505,67,1.039899952358266,380,0.7275833333333334,-0.282602701957535,0.8434406803290218,2.3777510438044214,0.6890311804008897,5.314115163427258,2.6683698814846446,8.529632408102028,3.0706754060985997,6.964879852125683,35.192972619381365,48.39470714945122,34.33930727087009,73.98677089597116,24.567797402111946,0.5945294829920666,0.07230678716758455,5.145284069620448,7.549560292144886,0.8644311504904284,0.4666666666666667,52,-4.514553494818818,16.546153846153857,-20.997160332022702,41.749951009210285,0.5256600049346165,4.876857696691661,4.55481187989391,54.03933484385482,58.85778373083795,0.8885241164886437,0.4543670264965648,0.1364082433758588,-2.871109887083456,78.882345160752,0.35838142400565637,0.531439821646109,0.9001704951270374,0.49806371075428285,0.6113661411277983,0.5088407432798827,0.4922249200718217,8.418955902236366,0.744743555581443,0.5182603045345282,4.974197103072,0.06305843332795483,3.0491410854162737,-0.026624637570002885,-0.009518182306494039,4.412676444065511,0.03785806527315705,-0.016749764620686336,7.027097502236468,-0.12025590547730014,0.006735561361775222,127.32910803286441,-0.026172165139316417,-0.2991932780895806,1.99718468,2.29610656,1.936179,0.9694541618454635,1.146895090909091,1.321549,0.8238452920388046,0.009995000000000006,0.015761800000000006,-0.07880488059701493,0.00125,0.020417,-0.03293000000000001,4.0,107.0,-0.005016514895095359,1.5296602899545375,1.5924365634057525,10,4,999.0,0.014467,тейк,0,0.5955000000000005,20.3,0,17.41432225063939,2.4533166516900535
EUL,1776421260,2,140000.0,10700.0,13.1,-0.37,34,25,4.063611111111111,50,1.0869565217391304,0,,0.3102743106974337,-0.37120044824203724,-1.5093817074014915,-0.11235166069797353,-1.3864818024263315,-1.215277777777768,-16.071744645701813,5.636417644437852,7.65097623732407,16.36943717277488,29.70730372936994,25.485179957657046,38.3620270401712,38.653468586387454,0.6196483686168135,0.10510864277219897,8.873666802122832,14.74875562929604,1.0656540719460728,0.5333333333333333,140,3.341808935706503,24.59861968761352,-23.500941113202465,20.41818335731822,0.35564730168092024,-6.180733566685792,2.9755240585007616,47.250685179259754,57.14425962316539,0.3343394356843913,0.17008797653959015,0.24340175953079088,-1.3867702121758474,29.40355583398,1.1072749765691534,0.4774995018983458,0.6724343056995399,0.46787959703905835,2.5591811461251583,0.47362543346379304,0.4668543828252325,4.753107300855216,0.7595924296200703,0.5511836955848995,4.44223463504201,0.15107814374982412,-2.3762111984887535,0.06967640252911877,0.00018858505063734654,-2.1255765180327457,0.07888615030082957,0.02519018691208763,-13.866474810329986,0.025902015786017918,0.03542814324155441,34.03267311680496,0.20339559845081956,0.024233587408409196,1.52137469,1.95409836,1.638827,1.077201435499101,0.9059570909090908,0.736203,0.8627859088116113,,-0.22351999999999997,-0.1562157857142857,-0.0076100000000000004,-0.005440000000000002,0.09000000000000001,4.0,98.0,-0.3773172126761759,1.1609389218992572,1.6298911523651816,10,4,999.0,1.4225,тейк,0,0.5975000000000005,35.5,0,17.034758523725824,1.2283374340949034
BAND,1776426706,1,210100.0,9700.0,21.6,0.0,36,26,4.081111111111111,50,3.57312925170068,21,40.40384615384615,0.9915014164306069,5.551443375277576,7.907680665909966,12.995245641838359,19.23076923076923,21.206969825754364,16.741711011051997,25.032880315651028,27.720555306762208,31.36803316444037,38.17829457364341,37.97774552491535,35.61578697099384,12.528788576692772,0.2086061271268973,0.17644382515107934,5.562315747961888,19.23881221246342,1.1016942465061592,0.6666666666666666,1,-0.0350508236943492,22.86821705426356,-0.0350508236943492,31.975937066173078,0.9985549132947978,14.993657864276821,0.9320691651069906,88.87005834219123,84.27528389699775,1.7862570376256761,0.5203252032520337,0.06097560975609759,3.976833976833971,9.437465967669999,13.609441408275618,0.5259586645887543,9.386388536882885,0.5117953551164068,4.226932383889566,0.5073014133696773,0.5079396364725117,8.404170907352215,1.055663450079023,0.5599400989652485,2.441031852096,0.25865331440222006,5.860398642079567,-0.014622399471401537,-0.0047400818729743666,56.111220381401814,-0.09746231540544203,0.06346004260987548,64.94246310012059,-0.13091723406506162,-0.01686440624227159,97.45788452932953,-0.16903490087470008,0.024958995558099994,1.8574514,2.25405405,1.550395,0.834689402909815,1.1255887272727272,0.9390475,3.879081597887396,-0.15072566666666665,-0.22068181818181815,-0.13726081250000002,0.00125,0.030000000000000002,0.09000000000000001,8.0,248.0,0.25817441411708497,0.4774670241000756,1.2445757274808011,11,4,999.0,0.2852,тейк,0,0.5930000000000005,0.5833333333333334,0,14.297286115007001,2.4451624772791027
METIS,1776428828,2,1800000.0,250700.0,7.0,-0.0,32,9,4.020555555555555,49,1.8,595,2.6019080659150045,-0.09027307605508073,1.3739409205404174,2.548065786425746,1.0730593607305883,2.7146171693735566,-8.039052762775245,-10.691950776679448,30.244189467490436,33.38354926182585,36.55151141270818,45.43363994743756,42.94478527607362,46.54088050314464,52.89944478716841,0.5145105495507296,0.06435343680162536,9.05849364804947,9.81394397873646,0.8000187611745417,0.4666666666666667,71,6.418269230769225,23.557692307692292,-28.97481148724531,38.47356897091021,0.4051383399209485,-9.069451784483807,3.530081613949336,53.92716385336961,64.51219593114493,0.32474251140587107,0.334951456310683,0.16504854368931912,-2.3350714123781424,91.20424356466002,1.1032342202913492,0.498891944228089,1.1412585320002815,0.47864813713459753,2.6910636241309955,0.4832902591862682,0.48055084276103427,56.46445201313965,0.8691741007136476,0.5266235885702267,3.26440881846151,0.035792290916235495,2.9408825014076267,-0.03517707674594106,-0.007972880022139917,2.0375032823319206,-0.04603887212670654,-0.013697050466774052,-17.773434779884145,-0.0178335015316452,0.051505305060427053,100.75276680660919,-0.24731965876627227,-0.004457678574190993,2.02696986,2.21003717,1.351382,0.6667005892233643,0.898705090909091,1.0825855,1.6623191736582201,-0.5727828181818182,-1.0880308085106383,-0.6825625789473685,-0.1224915,-0.583342,0.08597800000000001,4.0,212.0,0.4845410544580542,0.807722143582601,1.23681864544265,12,4,999.0,4.427,тейк,0,0.5930000000000005,0.4166666666666667,1,20.487915066636543,1.7284621375423526
SAPIEN,1776439279,2,646500.0,1200.0,519.9,0.0,30,15,4.003888888888889,49,1.0,0,,-1.278840994455377,-2.3443029016277372,-0.2259580621836621,5.233555767397524,7.750122010736948,6.41025641025641,-14.14683465546741,27.10420264824411,38.00475059382422,47.99570988068105,49.57994579945799,45.88344125809436,49.25635478637103,72.38235688430083,0.3760547502278301,0.08324841817265274,9.633195892404611,19.161812542552394,1.1619266055045876,0.4666666666666667,138,11.370056497175153,34.38256658595642,-17.12462462462463,48.33378124160173,0.6119428376998979,0.24152131515775555,3.8952987072338146,59.433926201356094,67.64437323586023,0.5766626678572138,0.5062893081761011,0.017819706498950705,4.344497607655495,105.06292406294,5.351640847497903,0.4828772683622895,2.4024266966252648,0.4959744678515688,4.467752972517114,0.48431655908429805,0.4860130177215546,26.937476324976394,0.9891818019700246,0.5124262047293677,4.39939705552046,0.04187392550472815,4.4478072123900425,0.05374631777892369,-0.02174946047082582,18.188150618069354,0.006728331800806897,-0.04432088451320759,4.475688882337092,0.18952090363552188,0.04041061774889143,237.02903563524399,-0.16295199878791977,-0.18506199796744605,2.07557604,2.15020747,1.284621,0.6189226389412358,0.9862220909090909,0.903221,-0.31637387382677484,-0.36486820000000003,-0.26393343243243245,-0.19759081159420291,-0.01662275,-0.041491,0.09000000000000001,4.0,38.0,0.9511966541969175,3.3288116587459893,4.716036084556352,15,4,999.0,0.11039,тейк,0,0.5930000000000005,0.15,0,1.0327022375215211,2.082449749451943
SKL,1776456934,2,8100000.0,429000.0,19.0,-0.0,24,0,4.066666666666666,50,0.9759036144578312,264,1472.7272727272727,0.0,0.6410256410256387,-0.7585335018963413,-1.0088272383354413,-0.3807106598984866,-3.325123152709375,-7.863849765258224,10.407876230661039,13.933236574745989,16.468842729970312,23.817034700315443,26.205787781350477,19.30091185410334,26.409495548961416,0.7326505419973784,0.07287573402223971,3.197430463251383,7.692307692307699,0.9274106175514628,0.4666666666666667,5,1.1597938144329856,14.175257731958757,-20.142421159715163,19.119878603945352,0.3888888888888886,-6.328195376649825,2.3194496759888343,49.647058963426744,59.67728631502044,0.2368623109053204,0.0,0.44999999999999546,-1.3819095477387022,50.42467489601,0.6075876750067906,0.45252222475831183,0.8623527062573244,0.4639186972880494,1.7725015374770867,0.48779744819486137,0.49770977270625616,30.66961471339525,0.9562594529475997,0.5176765059506775,3.28008465515,0.06504919787612842,-0.12962547478971853,-0.011088358733504666,-0.0009832705213889126,-1.5894894417922134,-0.03302259525460338,0.023233767526148474,-10.644250072138872,0.019681319411355647,-0.02492943054603891,63.04627065235293,0.08360957800720237,-0.09271213427983815,1.57127072,1.69942748,1.367555,0.8703497001458794,0.9341354545454545,0.9780775,1.353567322606315,-0.32454877777777774,-0.607266909090909,-0.6717804216867469,-0.04650525,-0.548553,0.09000000000000001,4.0,224.0,0.3748113311438095,-0.44090112943164783,2.7791228165598536,20,4,999.0,0.00785,тейк,0,0.5770111000000006,9.45,0,1.3610191082802592,1.3002615713375794
RARE,1776460001,1,238800.0,74300.0,3.2,-0.0,26,18,6.003333333333333,73,1.050131926121372,1,3.262295081967213,1.6048699501937103,7.873090481786149,8.961424332344215,9.742976688583393,9.742976688583393,9.350804050029794,9.8086124401914,9.48121645796065,12.707182320442012,16.05562579013906,21.268163804491415,23.470073974445206,22.645290581162335,5.689001264222493,0.32760673520433164,0.20898356739958912,2.362779733729603,9.802749551703549,1.0061349693251547,0.5333333333333333,1,-0.05443658138268859,11.875761266747876,-0.05443658138268859,18.070739549839242,0.99645390070922,9.822109989917859,1.09692756015083,81.91074386024529,81.98837142899761,3.9352436663183217,0.039999999999998335,0.039999999999998335,1.3690476190476364,8.44143786774,6.739206925546039,0.5975992628953616,2.647253433944043,0.5551873214731216,1.3064470690622485,0.5251517667161675,0.5030531918334075,4.906453568347109,0.9096338689399089,0.6513592489034465,1.37948141016,0.16341782428226584,5.634619053615331,-0.0791704511550948,-0.07018260986450253,6.1650698854583075,-0.0743056925432074,-0.05538187390376281,4.692967182030938,-0.08332769602897128,-0.05566621086625201,8.555651512551353,-0.09114804944444055,-0.009132355755626764,2.36784741,2.8626087,1.687838,0.7128153583173672,2.3448171818181818,1.7981055000000001,0.47845372733876335,-0.13572974999999998,-0.08226154545454546,-0.07708628985507246,0.00125,0.029713000000000003,0.076226,4.0,173.0,-0.08416420164243377,-0.6701360193612116,2.7860495365672477,21,4,999.0,0.01836,тейк,0,0.5930000000000005,0.18333333333333332,1,21.39934640522876,-2.5224999999999973
AXL,1776474368,1,1100000.0,57800.0,19.7,-0.01,30,13,42.49888888888889,511,0.12941176470588237,0,,1.847612818835831,3.163299105664108,4.830023561090546,4.67148378423794,3.557772236076473,10.228278180852946,10.364989369241684,9.127540294323765,7.526324874848944,-2.747853239656517,30.97140454163163,37.17242898040078,34.043468904669695,-11.88134270101483,0.4649896799181813,0.17918114684384467,7.210797148705517,7.717157214644654,0.7348245814012152,0.3333333333333333,1,-0.49520766773163416,12.792792792792795,-6.203884957084771,12.23423423423422,0.6223648029330889,3.113128910942331,1.0899408710066638,82.78769945928468,62.716009584673614,1.4214609852149036,0.08835341365461769,0.4096385542168676,2.089951513124899,42.223773643639994,2.976486498559905,0.5005380110537078,3.617919035371155,0.5059370869358596,1.5360991450912536,0.5250553840721022,0.48926307340859176,2.1103881156934015,0.7477829773579016,0.6271107156856428,4.66852022544027,0.11056615320178687,4.702207521045487,0.0037902278263539646,0.03623420016345413,12.833943844516105,0.0050818541748993695,0.07965904810194746,17.21361758588509,-0.11269681600402803,0.10752553091295636,-16.369442690360724,-0.344944677861039,0.07522899922186976,0.96831597,1.11974341,1.507556,1.5568843711211329,1.0186975454545457,1.0198965,1.6607462846963306,-2.1138716363636365,-0.7714550227272728,-0.435140675572519,-0.022991499999999998,-0.694103,-3.5042550000000006,4.0,173.0,0.13566037392931385,-0.19227857879473564,2.9838371593133406,1,5,999.0,0.06229,тейк,0,0.4700868000000006,24.733333333333334,0,9.976818108845741,0.6961342506020224
TLM,1776498689,1,1600000.0,230900.0,6.8,0.02,37,9,6.247222222222222,76,1.1428571428571428,217,1.4545454545454546,1.5818091942659374,2.6986506746626615,2.5449101796407136,1.3813517513566742,3.9979757085020218,6.421543241843608,9.076433121019111,7.987388334209133,11.989100817438691,14.93288590604025,20.669406928948895,26.151012891344383,27.48138957816377,5.369127516778516,0.84012406099488,0.1287372449217288,1.9822254574171083,5.567010309278331,0.6056134914486603,0.6,1,-0.43604651162789665,10.55168719871451,-5.386740331491713,16.16732617297909,0.7096774193548389,6.589018710937644,0.9394837628524786,70.85253870392832,81.13097115512758,1.2944581222989546,0.0,0.14285714285714088,-2.6732673267326867,12.501574112449,3.4235195456102288,0.49247333324775144,2.8537822904193537,0.4731202324177895,1.4310262646583969,0.48506338274753324,0.4952631100712726,9.208712314522542,1.0001308755350575,0.5196058236281094,1.4822828066957399,0.11856769342507763,-0.4192655658401212,0.02102754345662139,-0.004347317985275212,5.768252218521996,0.04241445845263736,-0.0043484261301789395,23.937402182018186,0.04786489862650378,0.04294648041019333,59.208434603322814,-0.06205152123773572,-0.039213696198167614,2.73058934,3.45996276,1.789158,0.655227783171526,0.9184117272727274,1.0963465,2.637313784264459,-0.00047100000000000006,-0.0616025,-0.1344641,0.0004275,-0.05858399999999999,0.09000000000000001,4.0,8.0,-0.13165113874992196,-0.15586827185916086,2.6903532989236867,7,5,999.0,0.002055,тейк,0,0.5935000000000005,0.7666666666666667,0,7.7046228710462294,1.344585333576642
ILV,1776499345,1,1400000.0,190500.0,7.6,-0.14,36,11,28.758333333333333,341,2.4096385542168677,130,4.934790271413465,0.3924646781789498,0.9272045768396131,1.790688420214881,3.1451612903225845,2.299540091981589,5.202549866337636,9.479991440188318,8.320982426423873,9.69125214408233,8.758503401360551,17.663293468261276,22.685851318944827,17.717441325356642,-0.6590136054421714,0.9187435050383257,0.233631712157886,1.7129714070280633,4.961340206185572,0.5393011337814243,0.6,1,-0.1366386882686088,10.07735281478299,-0.1366386882686088,13.613146791028186,0.9887096774193539,8.40623674596892,0.6031663611294735,80.65357152414978,79.03017540798966,1.0657030573392348,0.0963855421686756,0.024096385542166227,1.4591245252848273,5.1734319725,4.472438290672817,0.5405470728528781,2.995768142614733,0.5017585220195288,1.6847066656581997,0.513011512391929,0.47445948106549685,0.3132656285403056,1.1518685247086773,0.5569879568440633,1.8912828640000001,0.3655760574514832,1.3693144878951458,-0.01361364409494259,0.03744029657729131,2.439075026795634,-0.032231583068176306,0.061218208483734715,8.902595472488951,0.021068011083485105,0.056962064231425025,2.429658412638269,0.12597802079569442,0.06692302508848713,1.52207002,1.82717678,1.203327,0.7905858365175605,1.110786,1.146437,0.9390931973575815,-0.07792974999999999,-0.09332425806451612,-0.11242806521739132,-0.0036545,-0.074721,-0.23680100000000004,4.0,237.0,-0.16567482326504956,-0.01728073925183482,2.5365302462177386,8,5,999.0,5.116,тейк,0,0.5745061000000006,4.983333333333333,0,1.9021634089132267,1.1826918053166533
ARPA,1776502616,1,667400.0,162500.0,4.1,0.0,37,17,21.251666666666665,256,1.6977868226914272,61,1.5227013461099703,4.155614500442084,7.285974499089254,4.432624113475181,11.132075471698123,9.175162187210395,12.083729781160812,11.447492904446555,12.190476190476197,16.63366336633665,20.204081632653082,22.580645161290324,26.124197002141347,26.530612244897966,7.857142857142851,0.41843520345806406,0.13771531068384046,4.686204214528189,10.630291627469424,0.9286130785318324,0.6,1,-0.16949152542372614,14.009661835748787,-0.16949152542372614,20.449897750511248,0.9900990099009905,11.506898381775144,1.1553489194574773,80.30665363871434,88.89002237291808,1.9291807143880022,0.2641509433962254,0.01886792452830275,7.14285714285714,11.56394776778,10.263186205150445,0.5252897895002248,7.993324981458748,0.5229103815046744,2.476916336271099,0.5148600990936396,0.5049916320774839,8.449318447194582,1.129372961914769,0.5850373257946914,2.2796139468348398,0.19713111755713775,2.544026377063524,0.005225748598809199,0.006819128418504405,18.346634330948607,-0.01995207626823947,-0.16547522023907968,26.27770869087598,-0.006121070015347341,-0.1669178054942213,57.0465423806203,-0.07836600914470371,-0.11648955443030229,2.36858238,2.85042735,1.675195,0.70725638007997,1.4134229090909092,1.2194155,2.2954990153930486,-0.583134875,-0.2467547391304348,-0.13236372131147542,0.001225125,0.029801,0.088633,8.0,423.0,-0.6249659074084146,-0.5518614601583649,1.6113867434423668,8,5,999.0,0.01178,тейк,0,0.5930000000000005,0.35,0,7.854838709677403,1.7648171483870962
HIGH,1776509165,1,963500.0,44200.0,21.8,-0.27,30,14,7.655833333333334,93,1.441070894406222,294,1.6623533471359557,-0.08631851532152623,-0.7076989062835048,1.4460999123576013,2.1624007060900396,-8.371264595289919,21.81004998684557,29.98315553060078,88.13490451036164,283.91376451077946,296.74378748928876,309.3722369584438,319.38405797101456,266.00790513833994,205.22707797772068,0.15047199926367175,0.06183015239022605,15.688160830875997,47.02380952380953,1.5054446460980038,0.6,187,-20.895267384247397,69.35763888888889,-20.895267384247397,305.07436570428695,0.7403397027600849,36.18833249521272,6.857482334567504,60.43795112358006,82.89413160338282,0.6867597180882075,0.6395348837209295,0.18895348837209328,-1.2756756756756804,786.33929381641,1.452918048356491,0.521941742310413,2.53446836431036,0.49413081742215853,3.7896999342918636,0.5019139832084116,0.500941549971084,322.2009448032984,1.012940494886745,0.5543376502725738,18.686290846080002,0.023763648838389058,0.18124936853578522,-0.008297885698724028,-0.0010450771345799081,-5.784773225337614,-0.09363355910752758,-0.023025009005895658,18.053107883551476,-0.22357762107762924,0.0364913325924312,1080.7464663556868,-0.7937804093462455,-0.2397901824649058,0.86796045,0.83700441,1.266524,1.4591955197958617,0.9954872727272726,1.0413405,0.6021083359663892,-1.2995155454545453,-1.1083149148936173,-0.5235385129310344,-0.0844855,-0.655884,0.207041,8.0,313.0,-0.5212229938725166,-1.1774670320904512,1.3932102790679135,10,5,999.0,0.463,тейк,0,0.5930000000000005,0.1,0,6.41913174946005,2.6598859088552924
PORTAL,1776509492,2,183900.0,23200.0,7.9,-0.14,31,24,8.591666666666667,104,2.168632075471698,30,2.1284722222222223,-1.104209799861966,-6.0943643512450745,-7.845659163987129,-2.8474576271186325,0.3501400560224299,5.212922173274603,-4.847277556440899,42.44532803180916,50.68349106203998,54.751619870410394,58.69324473975639,71.82254196642685,73.06763285024158,62.63498920086394,0.35577793255082485,0.02053537550039335,20.375683751401972,27.84121805328983,3.7781021340736305,0.3333333333333333,116,12.568735271013365,57.10919088766693,-28.349999999999998,54.91891891891893,0.4725581395348838,-4.849425608916724,5.102086472587024,53.46990145089133,66.25794789287795,0.36118867400164395,0.6080000000000005,0.1280000000000004,-2.1386908619572154,93.802686390175,1.8639562114416521,0.41831242163026805,2.1832441943461696,0.48661347955651413,3.7676683743707087,0.479206884926009,0.48158336697113574,44.74861601751699,1.0038484466887114,0.4701919953512001,3.7321681282959998,0.03978743330198389,-2.8130308222939826,-0.012026021578059654,0.013187391875575383,12.543739839039514,0.0005403980354412585,0.068736570310308,-17.766515535286974,-0.006646108485720448,-0.07423248144080286,114.07329407791073,-0.3489089726971223,-0.3193237582638019,2.71298515,2.96807593,1.504562,0.5545780447784611,0.958567,0.7491985000000001,3.66525649262222,-0.5701364545454547,-0.4176541538461538,-0.3000343870967742,-0.004265499999999999,0.007938000000000002,0.09000000000000001,4.0,68.0,-0.5212229938725166,-1.1774670320904512,1.3932102790679135,10,5,999.0,0.01433,тейк,0,0.5930000000000005,0.9833333333333333,0,11.300069783670619,1.7837860702721566
MAGIC,1776510110,2,757300.0,52000.0,14.6,0.07,30,15,7.1097222222222225,86,1.8805562453439284,393,122.14516129032258,0.0431096421899646,-0.15775132654524127,-0.8544574195386012,-1.5136511529212027,-1.0235996588001117,-1.0517339397384973,-6.286175797550131,0.2592165898617438,-0.2864508736751481,2.66922282849138,6.273851320409096,13.184847992196392,11.32075471698113,9.556112667748117,0.7029832178680551,0.1052321898011688,2.419751659138969,5.788502109704652,0.826960434985669,0.5333333333333333,2,0.2592165898617438,13.680875576036854,-11.806435267291604,3.5395597858417727,0.203418803418804,-2.332124064694596,0.8569629813404577,41.91822838945085,50.55328775091912,0.22738342591138336,0.15151515151515024,0.2222222222222222,-0.8818091309913179,12.689267204347999,0.8031017957320745,0.48948559376668854,1.0101735796115765,0.4667805078790451,2.350750165500726,0.47707853655732174,0.48194066683035264,4.1412576977491,0.8361034400533861,0.548882129784528,2.21964255133754,0.17492283168069592,-1.0928435333826148,0.004273675700235957,-0.0007137985725164109,-0.37166221414302036,-0.0041720461121583785,-0.01391755263560468,-10.012458983446038,0.04593487102295968,-0.08206490327938287,7.8613396657631895,0.046947818267549124,-0.04096963355350647,1.80431433,2.20588235,1.759744,0.9752979127533726,0.9803112727272727,1.077905,1.5927742567027996,-0.09539633333333332,-0.11313294444444445,-0.09326231428571428,-0.0008972499999999999,0.020041,0.07474,4.0,58.0,-0.5317599543347429,-1.2048724226018326,1.2233200451417403,11,5,999.0,0.06962,тейк,0,0.5940000000000005,7.516666666666667,0,0.244182706118945,0.8777803486067225
ALICE,1776514930,1,5100000.0,30800.0,166.0,-0.09,32,3,4.096666666666667,50,1.0,218,1020.0,0.341796875,-3.248587570621475,-5.906593406593419,-5.124653739612183,-12.217001281503636,-4.8170449282075145,5.492813141683772,47.948164146868244,60.29641185647423,64.00638467677572,73.27150084317032,85.13513513513513,80.26315789473684,55.46687948922586,0.5824896030192378,0.03408857267954415,14.08198421361071,27.80665280665282,2.652326883096118,0.6666666666666666,108,-21.92249240121581,53.379953379953385,-21.92249240121581,67.75510204081631,0.5899076048329779,2.3960835919496493,3.8008918262951803,53.4861530461991,66.02683854119775,0.4828577579389953,0.2676056338028164,0.14788732394366308,-3.743797925124037,146.75595410141676,3.9481962656853704,0.40765644757735536,3.6572224222270417,0.46659355731466134,3.7684367527514366,0.4870526226504881,0.48722365824617064,58.23402007876956,1.0285138457212963,0.5118911982299674,5.435337957353751,0.0370365753855385,-1.6709188378358886,-0.047667015606457475,0.07232364343738085,-6.684155521728663,-0.215979015277326,0.08263394896560738,47.76017866326689,-0.3143403205558196,-0.021895096372412826,259.8458778302291,-0.4068156573363144,-0.32856883007303417,1.34174757,1.41918528,1.410082,1.0509294233340778,0.9237095454545453,0.746305,8.695030657574206,-0.6524055454545455,-1.3136376382978727,-0.8186436504065041,-0.1177595,-0.9287949999999999,0.04274,4.0,217.0,0.3381858902575585,-0.7813812914025942,0.7006312159699934,12,5,999.0,0.2055,тейк,0,0.5930000000000005,0.05,0,4.622871046228716,1.741252518248174
GTC,1776516978,1,1900.0,0.6,3140.5,0.0,33,32,4.7588888888888885,58,1.0,0,,0.9216152019002388,2.4992762713499816,2.9662659945715264,2.4597279830230523,6.507570440188504,4.567828312659961,9.010673234811172,3.2565373772722728,15.143631436314365,15.318640755618285,24.452255418863512,28.90776699029125,37.948051948051955,5.786559548366088,0.3823476070889377,0.10498154513855631,2.837139832289237,5.988023952095811,0.7341870565984147,0.6,1,-0.6082155890334118,9.824272942143676,-11.490709107574382,18.74790385690328,0.5487565445026175,4.253903044213114,1.2951798644057804,60.37077530121525,60.880240268287345,0.7969092874425243,0.5157894736842118,0.26315789473684315,-0.6101694915254141,9.636449940995902,2.1001968009198637,0.5400725348571711,1.4645925378147513,0.5330539332176768,1.0891520338531755,0.5163431397820996,0.47795959942650823,5.781676614473368,1.0578272629176362,0.5167898512804209,1.70922961345076,0.1773712958523516,5.540094563684739,-0.055519995216461004,-0.021330470828902826,8.040371682869662,-0.075412670998657,0.003143170916575011,6.79246535783391,-0.11587026247592558,0.017767858019918314,26.95545642526842,-0.19915784612374754,-0.055399519018187626,2.23190443,2.98995696,1.450537,0.6499099963702298,1.5020615454545452,1.894913,0.7538244014434348,0.23222100000000004,0.10402134482758621,-0.1379137409326425,-0.008660625,-0.313348,0.09645700000000001,8.0,183.0,0.44417239746241677,-0.48931582042736066,0.5764541465334894,12,5,999.0,0.10622,тейк,0,0.5913599000000005,4.416666666666667,1,20.636414987761253,-2.5231400999999973
PROM,1776517580,1,400100.0,11700.0,34.1,0.0,35,22,8.410555555555556,102,0.9187141216991963,336,2.5131909547738696,1.634723788049608,1.4631401238041741,7.51341681574238,8.093525179856108,8.811104405552195,8.811104405552195,7.770472205618639,7.770472205618639,12.126865671641784,15.134099616858233,28.418803418803428,25.469728601252605,52.667231160033865,6.832694763729252,0.00808128384586583,0.09661690383075622,2.232370229819863,10.89230769230769,1.4017562130177528,0.4666666666666667,10,-1.3136288998357948,13.056930693069301,-1.3136288998357948,17.15399610136452,0.9166666666666666,8.851238340379819,1.1584474427593447,70.31670578523332,69.62207188131218,1.9857626397522774,0.5838509316770176,0.05590062111801315,3.462686567164175,10.338089759999999,14.782619111327971,0.5851664717193,4.702505611442862,0.5605553600557859,1.5675007424195548,0.5301992535191522,0.4903088416307192,1.4249736817887635,1.106867728827301,0.5785430139411558,2.22277981002946,0.21500875515995327,18.135855852233497,-0.0465100611451601,0.0011361588465481631,23.411497448876073,-0.05991138071544133,0.02878997993985344,17.030744770273245,-0.019928258158683043,0.018708920368566195,34.886410886468575,-0.06296355010115862,0.12389756464602875,1.680937,2.24050633,2.116543,1.2591447508145754,0.9500591818181817,1.506623,2.191725846205167,-0.44825000000000004,-0.20226166666666667,-0.15264297101449276,0.00125,0.003049,0.09000000000000001,4.0,173.0,0.21841530486039762,-0.687266852771562,-0.03622256403257307,13,5,999.0,1.803,стоп,1,-2.021999999999998,1.25,1,22.372843594009993,-2.5225000000000017
NOM,1776518195,2,394600.0,14400.0,27.4,0.0,37,24,4.249722222222222,52,4.901863354037267,798,5.118028534370946,-0.15852885225111635,0.0,-0.7876496534341637,-2.2049689440993836,-6.168057210965438,-7.327839905826961,-8.459302325581397,-3.2862407862407905,4.444444444444451,4.931689436854381,0.8002560819462268,-2.32630272952854,-28.932520875648837,14.62845718093968,0.6127656990629828,0.05327425968287625,7.22495403534662,9.832338732594481,1.1478838845781487,0.6,7,2.1739130434782483,23.750811161583396,-17.435762978500268,8.511371467953133,0.27083333333333315,-6.312473629836246,1.958264479571153,37.68342036533977,47.59369520026073,0.0701377970792403,0.02362204724409422,0.6141732283464565,-1.4348097317529618,46.946558371522,1.5116208879790416,0.43331938303180095,2.1524192397531015,0.45154478448019986,3.0213604315767326,0.46105318414650504,0.471772122675581,1.126809955131026,0.9926630226650673,0.5496799843228677,6.44710220077287,0.137328537477706,-1.5676889044210274,-0.016439391791219116,-0.016650918635170653,-6.9422831658158435,-0.03455165228046675,-0.016813570967341818,-8.429730317154839,-0.0013181538980238106,-0.021841623073928895,14.53342328773255,0.11067319162176692,0.10665350054027423,0.96185017,1.13029316,1.545456,1.606753367834826,0.9128633636363636,0.7700400000000001,0.9965042024402968,-1.5546604545454545,-2.0663519999999997,-0.7012856300813007,-0.25316700000000003,-1.5883319999999999,-6.620112000000001,1.0,43.0,-0.055933625431148215,-0.5002496673280898,-0.9863757098965253,13,5,999.0,0.003149,тейк,0,0.3972132000000005,15.283333333333333,0,9.873928231184514,0.669981879422038
ACE,1776525081,2,1300000.0,25500.0,51.0,0.0,36,16,4.078055555555555,50,1.0,340,26.970954356846473,1.2561060711793415,0.8339124391938846,0.693962526023606,1.0445682451253546,1.3268156424581123,1.3268156424581123,-9.028213166144194,0.06896551724138167,7.881040892193303,13.18252730109204,21.728187919463092,24.123182207014548,23.6999147485081,24.414976599063955,0.47001872793616495,0.08275385914227598,6.211569527299554,11.139081183134058,1.282608695652174,0.4666666666666667,112,4.163675520459442,17.803302225412775,-24.110878661087863,15.433571996817829,0.2961832061068702,-3.517739583965429,2.0351671853343323,48.60648220406926,54.82997190616098,0.3600133846205296,0.13333333333333702,0.26666666666666483,1.2526096033402823,30.939959822185003,0.5804672898198896,0.5194185768269586,0.5670433646881513,0.48658342287614836,1.3411259803557702,0.47342682989130985,0.47990913625163195,18.640850596585686,0.7964957480431049,0.564052918804197,1.8485955955839999,0.059747834393065184,-1.9316202867757148,0.022486034182347403,-0.009598947348145592,-1.6863855597653354,0.015030377771212189,0.0021280392621416677,-24.327620863800124,0.035700422681957944,0.03969383841275209,24.574693352322583,-0.1559224235705433,-0.351815893733452,2.82036424,3.04755043,1.645381,0.5833930868446978,0.990097909090909,0.6573370000000001,2.694621894288974,-0.067099,-0.724733,-0.4920272932330827,-0.1837225,-0.729925,0.12369999999999998,4.0,48.0,0.17179172061172476,0.08036769533814603,-2.0737525554095138,15,5,999.0,0.1451,тейк,0,0.5930000000000016,0.16666666666666666,0,0.39686423156441997,1.7741676787043423
LUMIA,1776526279,1,1500000.0,458700.0,3.4,-0.01,41,12,9.095277777777778,110,0.9375,83,43.988269794721404,2.1670318967616176,5.710446758481691,6.958959979607426,8.94928163406612,7.5529733424470225,9.232905241235677,13.681929016526695,8.31182240578212,10.189075630252109,17.644859813084103,28.777493606138105,47.38321039690903,62.00772200772198,3.4859813084112234,0.7505695721791994,0.1957945315610158,1.554319059517839,8.834959841091617,0.6333536753052509,0.7333333333333333,1,-0.435023333069684,16.956521739130427,-0.435023333069684,23.934232548980994,0.9778761061946905,11.131739587204015,1.2693422997493757,74.38916502671694,77.90098203590188,1.538811194284816,0.09072164948453512,0.45773195876288586,1.8491936164823253,3.5807734814170002,6.447653076997117,0.5046372748213795,2.6897856600023116,0.5486854302720041,1.6767041075136955,0.4956094342027382,0.46422684682058984,1.8745250432031721,1.1219633610555182,0.5648707542678018,4.7760085145699405,1.333792416458568,2.844197884029742,-0.014088913512902645,-0.003572841819860284,2.6754986063686204,-0.012142966191209137,0.0017527311881522234,8.677473905192956,-0.08683422708609256,0.018520701697560593,12.932843369083024,-0.09811899034199734,-0.0242839520538205,1.4269046,1.95886525,5.131841,3.5964850067762058,2.3657031818181817,1.3552785,0.634228835328063,0.095756,0.07712928571428572,0.07365022641509435,0.00125,0.030000000000000002,0.093991,4.0,28.0,0.0838358446855425,0.17150109489769694,-1.9686103502955188,15,5,999.0,0.12588,тейк,0,0.5930000000000005,0.08333333333333333,0,8.837527804258016,1.1836390212901167
GPS,1776533481,1,853500.0,275700.0,3.1,0.0,43,19,24.8125,299,0.71125,312,0.4064285714285714,0.6093077003886949,2.7575107296137435,3.2338040314756844,3.703302652950735,4.211099020674647,7.873394908763243,8.337104072398184,5.207074590794258,3.860752629866604,12.843171909979967,8.214689265536723,13.822201093415742,16.53687028474082,4.1593024625898645,0.840711350528898,0.14657140124333237,3.348699281078993,6.50553422182063,0.7895880218747452,0.5333333333333333,1,-0.41593012373921656,10.072107130594032,-0.41593012373921656,13.511911816996559,0.9661016949152542,4.942550336220863,0.7629800205909827,75.00515688549397,67.98769606488175,1.212088300922158,0.03184713375796048,0.23885350318471466,2.480233943463661,6.003020497751001,6.616932845739488,0.602408941844774,3.393377278529651,0.5610235740615342,2.5563901255035395,0.5374325330576738,0.5079591713575524,2.557452476723704,1.0626962764626111,0.5359206028004737,4.12926973705608,0.6878653402238237,3.0486058439247676,-0.023987804997074647,-0.004247152105571583,3.179124190048932,-0.0029219687752271017,-0.02727228956874994,11.224868266343613,-0.014662377942687432,-0.06325807931671401,17.7674656835485,-0.044577120357394695,-0.032266528351756474,0.978,1.19902913,2.707216,2.7681145194274026,1.4812311818181818,1.675689,1.346374972516657,-0.05622066666666666,-0.08499816666666665,-0.05422936585365853,0.00125,0.030000000000000002,0.09000000000000001,4.0,148.0,-0.3049662551353638,-0.31139006471074815,-1.7885759665448364,17,5,999.0,0.009577,тейк,0,0.5930000000000016,1.85,0,1.7837527409418463,0.43446809437193307
VIC,1776533481,2,44500.0,918.8,48.4,-0.01,43,40,4.416944444444445,54,1.0,0,,-0.06572461386789019,-0.7020408163265324,-1.3623094388582557,-1.9032258064516139,-1.2822593734783339,-3.3989834815756126,-21.542827657378748,0.46250412950115116,4.215215901302249,9.862716763005785,18.32684824902724,23.71847030105776,29.680170575692966,40.02890173410405,0.7978768878542654,0.1894476502302261,4.14975156232904,11.615195408581569,0.5663980884069953,0.7333333333333333,77,2.425058942404834,31.778376557763544,-29.163754949918474,12.922391385072407,0.21749999999999997,-15.242640200666058,3.1456798490937037,43.62675970046659,52.888136497510594,0.2821618418279879,0.49142857142857077,0.14857142857143033,-1.0220635950681345,26.063235505659996,0.5176023541340588,0.4426961794126508,0.5076343458189138,0.5193690096885591,2.2528146555107895,0.45805153906365254,0.4747212433768279,18.896258979667493,0.9148531590010276,0.6172351626172272,1.32909881871056,0.05099515823436148,-2.964807342202902,0.009409540446054576,0.01834788145958899,-2.415838033631057,-0.03555200537466363,0.01811212916467264,-40.405772540556704,0.23362058512407824,0.2756461339567118,44.08673231936546,-0.3884416422886544,0.07449986962687016,2.55481481,3.22958398,1.635983,0.6403528716040283,1.183492909090909,0.719334,1.875602088229913,0.021981999999999998,-0.3038961538461538,-0.2772402380952382,-0.0147145,-0.033858,0.09000000000000001,4.0,148.0,-0.3049662551353638,-0.31139006471074815,-1.7885759665448364,17,5,999.0,0.06082,тейк,0,0.5930000000000005,1.2833333333333334,0,1.5126603091088597,0.4496554927326535
XAI,1776536772,1,1400000.0,252500.0,5.6,0.03,42,14,11.745555555555555,142,3.329369797859691,55,3.045464433326082,1.2562814070351758,6.145741878841071,7.466666666666666,7.562277580071175,8.820882088208815,8.139534883720923,10.009099181073712,11.737523105360449,11.223551057957692,16.698841698841704,19.11330049261084,21.875,28.617021276595732,6.0810810810810745,0.40955999149805955,0.15175960238817077,1.933276380897908,9.205776173285196,0.8842390271708147,0.7333333333333333,1,-1.946472019464729,13.119266055045875,-1.946472019464729,18.181818181818187,0.8857142857142855,8.394405621847433,0.9105275015269474,76.93223574362848,70.13570708161905,2.0379894278606674,0.17647058823529713,0.5294117647058811,0.44523597506678225,16.180161220289996,9.108243366029862,0.5508617068775158,2.893181819504824,0.5415397863495196,1.825113501994557,0.5148032014483015,0.5031196121495813,6.1538710616649865,1.0183290963438845,0.6352476514885989,2.5719191035878204,0.15895509745370284,6.906815188989923,-0.010869334877316228,0.007698584363249328,8.115351676807258,-0.03675503197151497,-0.02516313233848544,25.61735898633315,0.024239753016342513,0.09417072928673642,56.54299673806378,0.0836594745049124,0.03749676684029346,3.00268577,4.08586762,1.973489,0.65724126704074,1.2600634545454543,1.2421585,2.5594070478163737,-0.22917527272727276,-0.15676613888888888,-0.13900704402515726,-0.00513725,-0.060563,0.08859600000000001,4.0,93.0,-0.034045068809296364,-0.494270507694472,-1.741913978243581,18,5,999.0,0.01209,тейк,0,0.5930000000000005,0.13333333333333333,0,1.0752688172043001,1.5197239384615386
API3,1776540678,2,4900000.0,283800.0,17.2,-0.01,42,2,7.5713888888888885,92,1.96,0,,0.32679738562091387,-0.7460830639144489,1.578009671672187,4.367154811715479,2.649176954732524,-1.334981458590856,-3.3656174334140365,4.013552254365393,26.65820374484291,27.34524569240586,29.493835171966264,37.66816143497758,39.594263728576436,31.78047223994893,0.6639409257960263,0.030999065827717113,5.042233309026855,11.09399075500771,3.2735197006383414,0.5333333333333333,27,6.597222222222232,24.679487179487182,-14.502999143101968,29.746423927178167,0.5747487437185931,-0.4144673994249337,2.3291310763783892,53.76264464873128,69.49941163128565,0.43804561103147216,0.4970414201183452,0.053254437869819995,1.9547325102880597,114.64887533477999,1.344352230555928,0.5120435337000329,1.0470980559585301,0.5077029068861705,1.959802385202798,0.4912822654901035,0.49565843764252787,58.70573163850192,1.0143528106338413,0.526050061108886,5.4233566955289705,0.047304054921537775,3.0669262981853684,-0.006603995356966097,-0.004596194356412786,1.4274665631964778,-0.07487723583721939,0.011049401631986644,-14.140859847154385,-0.0642043295701874,0.04360537943370102,105.83810036064385,-0.14589543292938867,-0.14357498908873734,1.52741813,1.64002599,1.49131,0.9763600226481532,1.025686818181818,1.058403,4.201564832284009,-1.1242594545454545,-1.4884817021276595,-0.9892892096774193,-0.22420925,-1.100404,0.083453,4.0,28.0,0.03874723446573025,-0.6791842436607798,-2.045139653230077,19,5,999.0,0.3991,тейк,0,0.5303235000000005,3.8333333333333335,0,3.332498120771721,1.6484807897018292
MLN,1776543387,2,62600.0,1.0,60193.6,0.0,42,39,4.329722222222222,53,1.0,0,,-0.03167564143173873,0.0316957210776625,-0.8793969849246186,-1.4058106841612017,-1.1278195488721776,-5.480682839173401,-22.798434442270054,-2.1395348837209283,-4.68136514648142,0.766283524904221,1.12143543735983,0.7341206511330967,-6.847697756788662,30.52362707535121,0.8602480283082627,0.152653447144253,6.4793145295504395,13.398608606029361,0.6896498017058742,0.7333333333333333,13,1.479099678456608,32.057877813504845,-29.866666666666664,1.479099678456608,0.0330935251798563,-15.614365411272502,2.89905050163546,41.111121747283455,46.19914533100565,0.24904710569064986,0.22352941176470226,0.3058823529411795,-1.2594458438287215,31.58203932886,0.41951675889570395,0.358238054339772,0.3042760509267871,0.43407283000291064,2.0620172631566,0.46489527236035794,0.47726861584001723,16.59995194614764,0.6939119415554803,0.5935076607659507,1.68708699145285,0.05341919101187276,0.3912816321126611,-0.0036197049823653016,0.005620845069258307,-3.697254423504981,-0.029931268292088697,0.04419391593371347,-34.56432413478433,0.06475584754193253,0.2500173387687161,25.54433900068196,-0.30704603446804457,-0.02550369841925426,3.03127443,3.47653959,1.946532,0.6421497112684713,0.8721465454545455,0.44577199999999995,1.516083230289682,,-0.11292149999999998,-0.09639759999999999,0.00125,0.030000000000000002,0.09000000000000001,4.0,223.0,-0.06934766958807126,-0.6448308468165576,-2.3514742858323,20,5,999.0,3.156,тейк,0,0.5935000000000005,6.116666666666666,0,9.177220215462611,0.6263913936628649
SCR,1776549704,2,2300000.0,84200.0,27.2,-0.32,43,10,4.1025,50,1.2777777777777777,0,,0.10561892691169916,0.4238186056367832,0.5516656057712677,0.4238186056367832,-1.8840579710144967,-0.2525784045463997,-16.596268919394586,-7.0784313725490104,-4.1270483512037215,-1.660095455488686,2.442715088629477,10.260586319218245,5.404804270462638,17.908279726084263,0.23809106560954552,0.1930166878892626,10.62629007436664,15.999291282778161,0.9977900552486186,0.6666666666666666,181,2.68689057421454,25.13542795232937,-26.957459926017258,2.68689057421454,0.06620395088093994,-12.215897467695092,2.3250074205628546,42.01579304040339,45.38965751354698,0.3527165583148819,0.5161290322580581,0.16129032258064732,0.21267545725223158,13.954851905790001,0.26875772669460524,0.6142072480020546,0.3195033032883764,0.46319402624603384,2.032115558981608,0.47051614414000553,0.49113732112888375,10.170218236203073,0.5495137067295812,0.6775775331780935,1.60266544357428,0.11484646733580303,0.020657959241243695,0.008244874538422264,0.0017888836405111075,-2.077753709495034,-0.0333968846771272,0.025729152869496064,-38.60710928359177,-0.006645285709014903,0.0021763308673672377,17.05812422615349,-0.2127807711973736,-0.1522680827027456,3.43789097,4.16524702,1.355219,0.3942006921761105,1.0655626363636364,1.2920265,2.3262523324429303,-0.036182599999999995,-0.17269188235294117,-0.09352041025641025,-0.0119325,-0.023673000000000003,0.08656,4.0,118.0,0.07978221041633482,-0.022960021851603507,-2.1105915883829707,22,5,999.0,0.04739,тейк,0,0.5935000000000005,2.4833333333333334,0,0.1899134838573513,0.7117430390166706
ENJ,1776552376,1,3200000.0,45000.0,71.9,0.01,42,4,24.65277777777778,297,1.8823529411764706,1084,1.6842105263157894,1.1703958691910543,2.1195274496177863,1.8717504332755652,1.8717504332755652,-0.08499065102839376,5.85269223842968,7.892804698972089,10.863824971708791,2.2794501479032503,-6.0872343824892265,-20.717561370380356,-36.83644960240705,85.54292929292929,-12.957341428343195,0.7072561079237109,0.12724743433781388,3.7886656143962583,8.415047245498307,0.9773011951209639,0.5333333333333333,56,-4.157834664927451,14.059884694067337,-6.222080408423736,11.515841396319493,0.6088264794383149,2.374408348146062,1.387409704670873,65.41895435088676,49.72100682060222,0.951944001447692,0.14736842105263295,0.7684210526315809,-0.13795481979651525,80.65167151241,0.9222469536968606,0.49470763980975413,1.637322558252011,0.5235871955311334,0.9324880466992904,0.5420465662287661,0.4997970920857792,0.23471663054691866,0.8332862203406979,0.5612446386511747,11.38893814851144,0.141211433500904,-0.03066715719730606,-0.0016812940351419448,-0.01174441604091303,-4.3563046814692585,0.013328538352837871,-0.013272890326681663,9.218055783767554,0.11114104417363824,0.06951626024807234,-18.808419685386145,-0.01614162107275563,-0.11403247275682149,0.98593006,1.00341413,1.322536,1.3414095519108118,1.0419965454545457,0.8949605,1.1679062304643186,-0.4090715454545455,-0.2716888723404255,-0.1932107137681159,-0.026611750000000003,-0.368635,-5.576299999999999,4.0,73.0,0.07584686860784284,0.27473000329676367,-2.116352197193616,22,5,999.0,0.05878,стоп,1,-2.1406940000000003,10.783333333333333,1,20.660581830554612,-0.846357981150051
KERNEL,1776554209,1,2900000.0,258600.00000000003,11.3,0.0,41,4,4.164722222222222,51,1.0,0,,-0.8535544445799403,-0.5625535037299789,-0.2208859982820166,0.5067985166872679,3.8309283616396295,5.41942175547776,6.846254927726658,-0.9863614223088235,-1.4424242424242562,-1.2988589463462041,-0.9501766354001795,-2.3303303303303435,-1.8943050193050204,-7.62320951687302,0.8478644070406105,0.10430618290142205,2.3165026366608554,5.990663900414939,0.7991778085139082,0.6,2,-0.9984171435529099,12.769463133324166,-4.194650642158604,17.567958357432033,0.7733927434754928,4.35148351709862,1.2205377350526783,60.39077919066748,51.0865929644988,0.897693676289954,0.463917525773196,0.5051546391752557,-0.036855036855043544,23.69532651815,1.13964850570324,0.46084697729228263,1.2172583662751706,0.494126746144483,1.8162783040602772,0.4795284581277101,0.48744992189716324,3.789375435094845,0.8639524818865021,0.539781480475288,4.3178850499,0.18222517620057324,-0.1582841566051596,-0.01021669967931893,0.009261101040974884,1.994649507936197,-0.001503091220333208,0.058487418990561535,4.535582963001139,-0.007575860503280629,0.2278680627510863,33.43304178137079,0.07385269612132328,-0.19851559933344354,0.51569933,0.63694559,1.08074,2.095678503208449,1.010466727272727,0.8519975,0.662491100737788,-0.6777900909090909,-2.3932238510638295,-0.9063946894409938,-0.25397624999999996,-0.9952789999999999,-0.094347,4.0,43.0,0.27473690897157343,0.08625529188763803,-1.8060141723385326,23,5,999.0,0.08131,тейк,0,0.5478843000000017,1.9833333333333334,0,1.0922764727585799,1.0191490595744674
MOVE,1776560822,1,83400.0,16400.0,5.1,-0.03,39,35,7.003888888888889,85,1.759493670886076,0,,1.5442208703790428,5.3909664885867015,8.391608391608397,10.997442455242968,10.657827638959727,7.585523054040655,8.662994491737596,11.453518233179238,17.615176151761514,14.45147679324894,15.548455804046846,22.946175637393786,20.62256809338523,5.3270042194092815,0.011327136294171447,0.12306685334521225,2.728820154884337,11.27049180327868,1.2928679103071403,0.5333333333333333,1,-0.4587155963302725,12.71975180972078,-5.487804878048785,19.03455842018651,0.733615221987315,7.269711379935617,1.2181836216158004,67.82990898997397,72.80169700290702,1.7685023218587614,0.1547619047619025,0.011904761904765544,3.5052578868302486,37.28107772683,5.163295523037651,0.5642068421355443,2.954117898762916,0.5210508129354217,1.2984833758419407,0.5018639660010681,0.4987077252922244,11.308143392912822,0.9530174460808915,0.48240621611104,5.188081509100001,0.13916125352155,3.8567608263802233,0.022977450946691125,-0.041551251639138864,5.518821310364497,0.03065154430379735,-0.019605121948003124,1.09606865093832,-0.03378960510934892,0.00783820579841299,54.047428802445154,-0.07715239262040896,-0.09602021478205935,1.88287154,2.0337197,1.561221,0.8291702151916323,1.105783,1.2950995,0.12652306912854494,-0.0822492,-0.04019253333333333,-0.16320823076923072,0.00125,-0.099193,0.007085000000000008,4.0,172.0,-0.03502798273186114,-0.10408672484780723,-1.9547521167406323,1,6,999.0,0.0217,тейк,0,0.5930000000000005,0.23333333333333334,0,19.062350230414737,1.0282077465437798
DIA,1776564364,2,1700000.0,229000.0,7.2,-0.15,36,12,5.235833333333333,64,1.1333333333333333,75,7.734303912647862,-1.7598343685300333,-3.4096692111959315,-3.507880020335541,-3.1632653061224536,-6.364084854464725,-7.324218750000011,-8.574181117533719,-9.36007640878701,-9.316770186335411,-2.7165556125064105,1.0649627263045858,7.657402155416904,6.270996640537496,6.4069707842132395,0.8726051169403681,0.23529685630312883,1.8422228733461887,6.314750863344831,0.7402885899118946,0.6666666666666666,1,0.15831134564643357,11.556728232189982,-17.117903930131007,2.5391680172879516,0.10706150341685666,-7.62770683033569,1.5065774026702747,18.754247474910045,35.07806349908985,-0.3596270427721864,0.35294117647059686,0.2941176470588226,-0.3047232097511343,12.4173985415,0.7723363144017681,0.2907965996003717,0.5148441046676541,0.3141939698512221,0.33190223849432376,0.3819453658377823,0.49560363424210385,10.517950499737426,0.8580937900085703,0.6602050923630742,1.15414927807846,0.09294614119223081,-0.15146614822515447,-0.0008499796844603225,-0.00703470292267383,-6.211742951916888,0.025853027740259993,-0.04454776263049498,-11.704740092971699,-0.013802236371774135,-0.07133786631064687,-2.380729810807758,-0.13715186967079818,-0.19832820401085782,2.52795699,3.367713,1.766099,0.6986269968145306,0.6526121818181818,0.643993,1.3651146310679352,-0.10075625,-0.08503529166666665,-0.09427548437500001,0.00125,0.030000000000000002,0.07597500000000001,4.0,113.0,-0.06598146436539443,-0.2495825991698286,-2.071242447447974,2,6,999.0,0.1898,тейк,0,0.5926823000000006,13.5,0,5.4520547945205555,-0.13226659357218193
HIGH,1776595603,1,502000.0,17000.0,29.5,-0.14,33,17,31.66638888888889,381,0.7508226144181872,294,0.8661145617667356,-0.22522522522523403,4.165267047363108,1.9060138021689044,-4.90647040785036,4.728132387706863,-26.82869277961303,17.50663129973473,22.086614173228348,-3.275109170305679,-33.052677029360964,166.18025751072958,174.18213969938105,150.68714632174616,-43.02677029360966,0.0016475380342294789,0.020124176483076586,13.526476491123486,35.95628415300545,5.079482873517271,0.4666666666666667,125,-30.439659039928213,76.13591465823784,-37.31554477461088,28.67219917012449,0.27236893969255027,-12.298001250615675,5.6680951370730694,48.3556358540939,50.10095312740263,0.4394666218643611,0.4793814432989685,0.3865979381443308,0.8589362405021506,948.75207586809,0.6587371706711861,0.5121645256925245,0.8946506467019457,0.5150269679489075,1.5455343339986658,0.508858114827099,0.5072456574964911,8.300187331083237,0.9530020009918946,0.5225242487010477,9.2163384089356,0.009714169426720704,-2.2929131516421952,-0.016062861263396178,0.004122111000029571,-1.6811090234980397,-0.035576464288038956,-0.02153573216638971,0.14259421878479728,0.25869165763113733,-0.06769067597460776,-49.817806809035304,0.11381598858525321,-0.0652135155152278,0.95391211,0.9677128,1.190201,1.2477050951790518,1.0534832727272727,1.0412625,0.008145154618464942,-1.4137274545454546,-1.6428937446808516,-0.9250250719696971,-0.053768125,-2.169049,-0.45160700000000004,8.0,313.0,0.04105571847508038,-0.44649371115065284,-1.495080056542919,10,6,999.0,0.3101,тейк,0,0.5375963000000005,5.816666666666666,1,20.316027088036126,-2.5843083999999994
BLUR,1776597124,1,1500000.0,3800.0,397.5,0.52,32,10,5.4238888888888885,66,1.0,287,2.35626767200754,-0.06184291898577721,3.722721437740706,4.663212435233155,6.07154578273712,7.232913072329139,2.9299363057325056,8.165997322623841,13.046519762154606,24.02148887183424,27.696562623469,31.115618661257628,26.695413563308513,46.50951949229376,18.056104306598186,0.18430095951261027,0.09674658970388515,2.1301804976381344,7.1997345719973405,0.8855969808930051,0.6666666666666666,1,-1.1015911872705009,10.704607046070457,-2.1495610051468272,31.382113821138226,0.9157769869513647,9.189183944938195,1.5380553364602754,68.57877073248481,73.71356154818577,1.7509576251228511,0.22077922077922082,0.4285714285714292,0.8826413860738791,95.22719642967,5.725394051114241,0.4727260648140804,2.1342967373017756,0.4843391075716357,1.9041418906433765,0.4947256071644063,0.4993006155179189,3.441079318313273,1.4115506682583219,0.5324045832421793,9.64916808188529,0.1013278605656702,5.111224981167672,-0.0014864124570066473,-0.022411901139736123,7.062343044976638,-0.04920817593557014,-0.0257267433732028,7.0599186324028285,0.008808768105727838,0.09467142068220169,56.927634099162304,0.7717005276164137,-0.15206430738097443,1.51510941,1.47196002,1.567934,1.034865198282941,1.0229260000000002,0.8689135,0.8645506915417877,-0.737199909090909,-0.7079540888888889,-0.45988415530303034,-0.10557875,-0.7991680000000001,-1.0970669999999998,4.0,47.0,0.26795741491116853,-0.2444277246326565,-1.279711096520031,11,6,999.0,0.03232,тейк,0,0.5519042000000005,1.1833333333333333,0,17.580043316831674,0.007424899009902017
CFG,1776600423,1,128500.0,32200.000000000004,4.0,0.0,34,26,10.176111111111112,123,1.2463627546071776,0,,-0.03840245775731388,1.4814814814814614,2.6014978320851423,2.8447254049782655,3.953674121405726,2.4803149606299035,9.970426700464706,10.624734381640444,0.3469545104086258,14.417582417582398,19.294225481209892,17.623136014459995,33.28213005632359,4.043956043956043,0.7307549172216034,0.1554223311013694,2.556840314911457,4.792589609343523,0.47404526512502493,0.6,2,-0.38270187523918864,10.720338983050848,-7.0025008931761334,15.534842432312468,0.6410256410256407,4.023645553825084,1.4080432430274468,69.71737904052422,67.37049029341011,1.0773655660667338,0.2777777777777786,0.08333333333332434,0.9119746233148485,57.5438338076,1.252291653492204,0.5757685332702293,0.6739544223916125,0.5762601776676352,0.836708969051016,0.49738095250489905,0.4887786840435591,3.8557429935894354,0.9222624867700424,0.5238460668944555,6.5244197304,0.1133817352561987,1.1457054357909335,-0.009286921906972445,-0.023254717507850575,3.5238747044146645,-0.011129594892850592,0.008197550595958614,17.034028069168517,0.07069066645378141,0.06972819388826901,67.43017987940163,1.6493142512584176,0.09717206883143503,2.15380082,1.95483871,1.574488,0.7310276722802994,1.643732272727273,1.284333,1.708455272869574,-0.05119699999999999,-0.08053273529411765,-0.08917525247524753,-0.0025494999999999997,-0.033389,-0.03607799999999999,4.0,232.0,0.5080112536664183,0.46778431393406095,-0.5849846056682817,12,6,33.96388888888889,0.2603,тейк,0,0.5888160000000006,36.3,0,14.570172877449107,0.37797297237802496
PROM,1776609138,1,2200000.0,61500.0,35.0,0.0,34,6,33.843333333333334,407,5.051664753157291,314,13.732833957553058,2.3829087921117376,4.9705139005897125,7.9722703639514725,10.02207505518764,12.252252252252237,12.404149751916993,13.11847480708126,15.79925650557621,9.011373578302706,16.285580961269265,51.21359223300972,83.91143911439114,108.88516345347861,2.799813345776947,0.3516219290458372,0.10256687842478787,5.099232317433245,12.765957446808507,1.0166845247206482,0.6,1,-0.5983246908655815,20.9942084942085,-13.831258644536648,29.58918356734268,0.5872033023735811,8.432401240529085,4.0528739547183275,73.5740721973248,63.272518609366756,1.790832781880364,0.20388349514563064,0.16504854368931984,2.8273162244454086,241.3629582577,1.2256149566387027,0.5529874547378116,0.6989227332418076,0.527957807103877,0.7947933533685884,0.5117369160999579,0.4967327348933633,25.59921421343575,1.143518486767256,0.5340005328753235,6.402573881,0.026526745973025644,0.4966850570635062,-0.002474142306297278,0.0013382672515995786,6.867206309034457,-0.037447015577496745,0.01837742951246879,19.204450230198944,-0.06455156587730149,0.006520272913926428,89.62914743824528,-0.27607767149821927,-0.19432516819641188,1.21490371,1.28666326,1.350564,1.1116634091108342,0.9843464545454546,0.9619805,1.4639240088971714,-0.11077574999999999,-0.17627278125,-0.31770317535545023,-0.02350625,-0.659515,0.06304900000000001,4.0,87.0,-0.10815931788575872,1.162242186646334,-0.24217783974214147,14,6,999.0,2.492,тейк,0,0.5930000000000016,0.1,0,7.20314526484751,0.76183694847512
PHB,1776611191,1,577200.0,90400.0,6.4,0.03,31,13,4.008333333333334,49,1.7517450682852806,244,4.590059642147117,-1.3019218846869185,1.9206145966709443,-0.5000000000000004,-5.965741287655046,4.736842105263173,7.205387205387215,13.714285714285701,10.78636047320809,-22.49269717624147,35.02968617472435,44.990892531876156,56.692913385826785,76.49667405764968,18.744698897370647,0.8200923060793873,0.08273690144452056,10.253365865167341,16.989567809239926,1.2171500630517,0.5333333333333333,32,-7.710144927536222,30.38548752834467,-28.609865470852014,38.31450912250218,0.4087117701575534,-2.662949912785495,4.836765880279303,59.42734013544237,56.047940977968935,0.8730817556517796,0.017699115044248287,0.08849557522123898,-5.972797161442934,176.3733778525,1.305658096390174,0.5074000003778913,1.6319388075852974,0.5014962745084683,0.92740080150867,0.49647498078391517,0.4910803276752705,30.995385839085568,1.1732708606929523,0.4858780304193381,3.46036095212805,0.019619519647811754,-2.613457458788848,-0.0038932747484276,0.008435553718938449,11.998545377395796,-0.014086171213143261,-0.014366434404158746,33.92426086805467,0.02424859167490312,-0.11189364329282447,84.79163599708085,-0.5014224531768954,-0.5477958138678862,1.63770853,1.79585619,1.434909,0.8761687282657067,1.0272342727272727,1.0299485000000002,2.4736440216289886,-1.9480421,-0.8538580270270271,-0.45879610500000007,-0.01138575,-0.286188,0.19680599999999998,8.0,53.0,0.12309249465261018,1.058589567079693,-0.3147831289889047,15,6,999.0,0.1592,тейк,0,0.5930000000000005,0.2833333333333333,0,0.1740012562813975,2.876686492462312
GUN,1776615996,1,1200000.0,207100.0,5.6,0.37,32,10,14.177777777777777,171,1.0909090909090908,67,18.264840182648403,0.25031289111387967,1.3924050632911245,2.168367346938771,4.637491835401697,5.533596837944654,6.586826347305386,7.588985896574885,7.806191117092864,7.878787878787863,5.742574257425748,-8.56164383561645,1.6497461928933976,-1.9583843329253448,-1.7161716171617103,0.7558588220358647,0.24553283336518278,2.582454680397017,6.370272063702709,0.8394101860932152,0.7333333333333333,1,-0.12468827930174342,8.59851049424507,-0.12468827930174342,12.342215988779802,0.9887640449438206,7.187796519965373,0.5832356001538547,85.59671687738964,69.0640525552991,1.6533978336413917,0.3636363636363651,0.045454545454543666,1.6850291639662895,3.70799086159,5.685517115972617,0.4976728508944802,4.220154971884141,0.5304450742816688,1.4251823027832273,0.5223774527734865,0.497151178684278,0.8868342244498979,1.2560899319994425,0.5587955302919811,4.24331587506,1.144370639910491,1.3252803555426906,-0.022596662587493155,0.0019933124402831126,6.8604674581560054,-0.04390374293196608,0.022827243193514146,9.805504421562116,-0.0522867788324376,0.02903702589585544,6.050180615304068,0.037159946511379216,0.04172370326232233,0.97179487,1.19222689,1.42308,1.4643831161611296,1.5887936363636364,0.8164629999999999,1.2920704498854856,-0.087705,-0.08541307142857144,-0.10226137681159418,-0.00300625,-0.06356600000000001,-0.006402999999999997,4.0,213.0,-0.44128488678251143,-0.01507214799262302,-0.6818659382223147,16,6,999.0,0.01602,стоп,1,-2.021999999999998,1.0166666666666666,1,20.682833957553058,-2.5224999999999995
ALICE,1776621418,2,374800.0,27100.0,13.8,-0.01,28,17,33.67666666666667,405,0.07349019607843137,218,74.96,-0.46573519627410853,-0.2666666666666595,-0.9271523178807861,-0.992720052945073,-0.992720052945073,-3.6703155183515634,-7.654320987654318,-8.333333333333337,2.3255813953488413,-21.097046413502095,20.93775262732418,26.565143824027082,37.247706422018354,-14.556962025316444,0.8804748128664996,0.1833040913608195,2.217385749432199,5.34629404617254,0.6832311210187434,0.5333333333333333,102,0.1338688085676054,10.97724230254351,-23.478260869565215,3.8167938931297662,0.10700389105058375,-9.191728377620024,1.8828654441622084,32.04076109647443,41.68902119435645,0.12496893514690952,0.5000000000000115,0.33333333333334103,-0.13218770654327416,64.4615502071218,0.2093966628824375,0.4471774245065569,0.15319295341595726,0.5299982634365528,0.3457132137511379,0.4653582075505151,0.4980623283438768,2.2191943639385383,0.5831306278125984,0.5966183821475762,3.27513297734,0.05080754289676017,-1.178043567916498,-0.018228696800772548,0.011489203479349452,-1.558496422599831,-0.021752635115862007,0.011861805904118894,-13.970640776272237,-0.08952040372371128,0.04249309389199696,-36.6496112679308,0.05940480832470718,-0.04589538798204906,1.34455302,1.39439141,1.40914,1.0480360231536276,1.3987196363636363,0.825278,1.8251966175452448,-0.05314177777777778,-0.08853915384615385,-0.19157992964824125,-0.0030682500000000002,-0.291606,-1.138614,4.0,123.0,-0.5058128757183367,-1.1167464593373255,-0.909538083363115,17,6,999.0,0.1496,стоп,1,-2.026408999999998,11.333333333333334,1,22.264752673796796,-0.23224765133689868
BIO,1776622606,2,1300000.0,237400.0,5.4,-0.0,24,8,14.175833333333333,171,0.8666666666666667,676,0.23853211009174313,0.1065719360568318,0.1065719360568318,0.035498757543495074,-0.8793527963418923,-0.6346967559943573,-3.493150684931512,-7.211063549555485,-6.626905235255132,-6.191744340878835,-0.8444757213230125,-9.650529015710163,-22.77336256508633,59.0293453724605,6.8613652357494725,0.9176031581990213,0.14332503079099382,1.8422895859556032,5.406290956749671,0.7659754290123829,0.5333333333333333,16,0.7868383404864066,10.586552217453505,-18.554913294797682,1.9168173598553384,0.07625899280575531,-8.20121234182537,1.5305444288176842,29.04647069661364,40.66412181643526,0.17950919048435549,0.22222222222222365,0.40740740740741216,0.35625222657640343,118.00986851178,0.231585881618976,0.49355121628422727,0.4029286850895314,0.4857998485464039,0.651510467697413,0.4433543839633342,0.49361228112897404,0.6992409256940925,1.0514938876979252,0.6063176434926828,8.7616585310116,0.07424513425448816,0.11964788858369602,0.0011061234434199818,0.0037341082299013895,-5.5574580008391,0.004213666387494097,0.020658830847950505,-17.02033428849955,-0.02258184965813448,-0.055414161869923984,-12.733542162410671,0.33800949296710847,-0.08377189834664345,1.2815534,1.25035162,0.931935,0.7271917034436489,1.1852673636363635,1.2099069999999998,2.360308458181421,-0.1911751111111111,-0.18946386046511626,-0.2372444061302682,-0.02297575,-0.520743,-0.9725950000000001,4.0,103.0,-0.5604847608235097,-1.2540116094095,-1.2633966109659944,18,6,999.0,0.02818,тейк,0,0.5684927000000005,14.6,0,13.252377572746642,-1.0319622184528037
DOGS,1776632464,2,471200.0,88400.0,5.3,0.0,22,11,4.742222222222222,58,0.9895002099958001,0,,0.2941176470588225,0.0,-1.159420289855062,-1.729106628242083,-3.672316384180785,-6.318681318681307,-6.318681318681307,4.6012269938650485,9.294871794871806,8.94568690095847,2.4024024024023927,-1.445086705202303,23.550724637681174,16.29392971246004,0.7836333428833709,0.044384670517275064,3.526813883745916,8.831168831168835,1.3430735930735946,0.6666666666666666,14,1.1869436201780603,24.629080118694358,-25.21929824561403,12.17105263157896,0.24342105263157912,-9.782783016204021,2.729757770393477,43.43934728164556,53.08307935617553,0.12693215736173066,0.2499999999999979,0.37500000000000105,-0.8746355685131157,33.26781273354091,0.7794436790306191,0.42461415186185575,1.1404660507664257,0.42605798437537823,3.085513924202828,0.48325612854689554,0.48797535591333796,8.465093442955048,1.170184052785645,0.5007937581852613,2.49634327403554,0.07503779385888824,-0.39848549026896274,-0.002663923918328037,0.004519211066603024,-6.890568393952712,-0.009723426525043877,-0.0048100078733827045,-4.492400382740957,0.05793123228601904,-0.09392304837671561,55.09126458264364,-0.12307639102492285,-0.17768122615445336,3.02962963,3.36740331,1.250089,0.4126210635192395,0.7871106363636364,0.8323635,0.7109711910077007,-0.283614,-0.9216437692307691,-0.46558044594594594,-0.058657,-0.20962799999999998,0.09000000000000001,4.0,178.0,-0.43554344155400937,-1.0007220063281697,-1.4721402898841718,21,6,999.0,3.41e-05,тейк,0,0.5932963000000006,5.216666666666667,0,2.346041055718473,0.17128447917888548
BOME,1776657688,2,3900000.0,783500.0,5.0,-0.0,18,1,11.835,143,1.1142857142857143,22,2.6,-0.3768167952628687,-0.26944494341656355,0.1262398557258848,-1.9947043248013885,-2.2018671833714865,-1.5253636041149377,-2.8521434820647285,-5.850432423266049,-29.774854540855046,8.183943881527679,5.111700113593343,1.8155143957454767,46.68428005284018,11.360093530787218,0.6815986558014248,0.0411711022626481,3.702913218541326,6.9290826284970635,2.372899613914663,0.6666666666666666,99,0.7805409330187141,14.430931203485219,-37.8066539710989,9.593367548361641,0.12587412587412614,-12.059084652426,4.787563383754931,42.02214873925796,47.684142312012106,0.24550244831222323,0.1666666666666612,0.2121212121212156,0.7408745934224914,247.78961612234548,0.12823258174198598,0.5429988601904813,0.20038163152134436,0.4070369297149488,0.447019722010065,0.48546169114776355,0.4951292215764049,12.838941476145473,0.7913906678338793,0.49313050342189946,6.0514490004649195,0.024421721519908377,0.8399965433951273,-0.037046082947996384,0.0046618472261732435,-5.004705932792786,0.016101874573887676,-0.023919880558853635,-0.17234794031504297,-0.014809321818396115,0.0738198547552742,44.26746593908304,0.09511071917556113,-0.4328695688057429,1.85963489,1.81534623,1.264381,0.6799081942369881,0.8848907272727273,1.4060584999999999,0.06042751404297394,-0.10735422222222223,-0.11266762857142856,-0.14079075824175824,-0.00380575,-0.07772799999999999,0.07771,4.0,238.0,0.3084805249816691,1.1327523373608983,-1.1647874074172337,4,0,999.0,0.0005552,стоп,1,-2.0222637999999957,4.816666666666666,1,21.273414985590765,-0.04762364380403287
KERNEL,1776657991,1,3700000.0,18000.0,203.8,-0.0,19,2,32.99305555555556,397,1.2758620689655173,0,,0.07111363959608763,0.21364477994589848,-0.17026106696934606,-0.6635606381476755,0.2707709847513229,3.5162571722819003,7.69937241696006,4.360723820824708,5.392450569203122,-3.018607856650579,-14.704812704570235,-13.732221677292777,-15.513928914505282,-9.95175740868367,0.9099206839441429,0.18545127015800345,1.9585879538384976,4.598207727339498,0.6169890204635029,0.7333333333333333,42,-1.6219239373601702,10.03076923076922,-3.8403717370506962,8.24615384615386,0.6560587515299885,2.842734176857742,0.7557634347683314,66.30974053685352,51.10521973783838,0.8724309469115866,0.10869565217393075,0.7826086956521686,-0.07085163667279737,15.466660655059998,2.8653453832376776,0.4357273445699146,1.7389119076897253,0.4631345760100893,1.1675416771203448,0.4981435492128495,0.4961743410707959,1.6454269730849838,0.927927482079363,0.5432215064383032,3.8212330256500997,0.24706257613533167,0.027693859666544363,0.002930465703112617,-0.020452088688174164,-1.0814729991844518,0.010271797087670453,-0.0024834194082457017,7.8654258117225595,0.0010021063725618173,0.12508553139830036,-6.101418210683962,-0.00318444028687237,0.1975589270086282,0.50892857,0.60443459,1.01944,2.0031101810613614,0.998369,0.847146,1.0215671337571255,-0.5613003636363637,-1.3080137446808515,-1.5268603170731707,-0.12252425,-4.21833,-2.215619,4.0,233.0,0.3084805249816691,1.1327523373608983,-1.1647874074172337,4,0,999.0,0.07036,тейк,0,0.5550153000000005,4.1,0,6.8770608300170455,0.43995341586128484
SUPER,1776664307,1,444200.0,2000.0,223.6,-0.22,18,6,8.577222222222222,104,1.0,287,7.932142857142857,1.5945330296127436,4.694835680751175,7.556270096463025,7.211538461538458,8.692120227457355,9.492635024549912,11.037344398340254,14.554794520547954,16.04509973980919,15.544041450777213,5.770750988142304,12.248322147651013,23.20441988950277,4.058721934369602,0.7431349773207101,0.21618200422424225,1.0677719519179174,8.787632221318153,0.8028700347658861,0.6,1,-0.07468259895443419,12.050209205020913,-0.07468259895443419,17.989417989418,0.9951219512195127,10.186775200664687,0.6231201615384987,84.09125360053426,80.40106267755414,2.1180717666708393,0.2941176470588226,0.5882352941176452,0.16064257028112205,11.9213657117,21.355705454832098,0.5564737486047632,7.733333287537684,0.5554823444048513,2.598200858816121,0.5446992564440314,0.5242823102613066,1.7546947288277894,1.1335821141747526,0.5167575972286786,3.32996000916586,0.27932705779655204,15.46041750237137,0.029902296850297994,0.02903500876963694,25.855580875767338,0.07233594200023274,0.0905518744152145,29.19563358859143,0.08881868501353596,-0.04269091037120332,40.130272804283784,0.06445130433102908,0.03070015932904102,1.08944444,1.29232192,1.740162,1.5972930202847242,1.354012818181818,1.343413,2.6451683063347864,-0.9245087272727273,-0.37564170270270275,-0.17603811363636365,0.000332,-0.040415,0.06422000000000001,4.0,128.0,-0.4616722046728916,-0.7442689282795345,-1.9501051553241333,5,0,999.0,0.1338,время,0,-0.05922061958146579,48.0,0,14.837070254110628,-0.05922061958146579
HIGH,1776682014,2,134400.0,3200.0,41.6,0.0,28,15,5.422777777777778,66,1.0,779,0.2227747389358528,-0.40000000000001146,0.30988534242331056,-0.40000000000001146,-1.2206286237412267,-1.9388064222962798,0.24775472282438926,-11.702127659574469,0.6529850746268551,23.40831109416699,4.385682038052252,-27.632461435278334,177.85407725321883,162.74350649350646,18.219929055143492,0.12856601047651922,0.07146750238052847,5.693281479295353,8.657534246575349,0.7651331719128337,0.5333333333333333,152,4.016709511568117,18.701799485861194,-20.408163265306122,27.64195583596214,0.4578706727629,0.0708235119527778,3.1388768311112467,48.918677178447574,53.150377749487184,0.3180578826744413,0.13815789473684473,0.28947368421052644,-2.65001522997258,290.26483210423993,0.8160223257317575,0.48823352384726487,0.9891451462303624,0.5169065909519485,1.1806353609512386,0.5029063378560369,0.5043009150474065,1.164661538399946,0.8483755519546262,0.517725706107752,8.7316019174,0.030081501276270035,0.08066561496340441,-0.0038596796101039166,-0.008587224623260115,-1.9636008647403336,0.05903586487817725,-0.05077905840399155,-13.924382138414293,0.09469799405092183,-0.033818717305212354,-7.114305636502194,0.48471217068961603,-0.05151648234652184,1.42206189,1.3443769,1.14032,0.8018778985772553,1.0072477272727274,1.0628025,1.189901746373585,-0.5351114545454546,-0.41753260000000003,-0.44574940530303025,-0.075050125,-1.218485,-2.7491269999999997,8.0,313.0,0.020899643108651667,0.5307740577656705,0.11432256551562325,10,0,999.0,0.3237,тейк,0,0.5929999999999994,1.6833333333333333,0,6.5123911028730275,1.4345170137164043
CETUS,1776698829,1,279600.0,11500.0,24.3,1.95,29,13,4.338611111111111,53,75.56756756756756,310,3.899581589958159,0.6213753106876441,0.4549214226633458,1.7169179229480802,3.098471986417639,2.4894514767932474,6.441717791411028,8.582923558337052,10.009057971014501,13.13460642757336,10.25873808443032,8.051601423487531,8.63148479427549,26.444560124934924,1.5433499773036763,0.9320389135849895,0.15579675587271688,2.5898284636404867,4.507658643326029,0.5311919843372094,0.7333333333333333,1,-0.246406570841895,9.046126287505608,-0.246406570841895,15.998089780324731,0.9824046920821111,6.420982724100899,0.5818777075314424,77.31912107644703,83.46106726047313,1.0977000769007048,0.06666666666667515,0.20000000000000231,0.9298393913778513,2.08255976516,6.623457098308171,0.5890574299319231,5.832334277804906,0.49493237983610316,3.99445427524664,0.46517501787318183,0.4738547090120044,1.7818770364967929,1.2010543878030784,0.5378456197672168,1.2154812760152,0.583647728314686,2.0363404167416332,-0.013036936134179444,0.0037137538845821716,2.1640667527963897,-0.025480303760848422,-0.006895810344664133,21.454660526798808,-0.09736773479265359,0.18956313605833364,22.380730038788666,-0.09628755913679232,0.25856176047505897,2.02115385,2.60571429,1.884588,0.9324317394244875,1.1020900909090912,1.4370025,2.499691437419217,-0.143125,-0.0901024,-0.06369183783783784,0.00125,0.030000000000000002,0.09000000000000001,4.0,32.0,-0.01639191332276635,-0.1428153117180475,-1.2313059505002721,15,0,999.0,0.02429,стоп,1,-2.016999999999998,40.1,1,20.831617949773573,-1.3625837793330602
EDU,1776723931,1,3100000.0,127.3,23983.7,0.0,26,1,4.068888888888889,50,1.0,0,,0.6344410876133022,0.40693293142426423,3.7533094533561684,4.830841856805668,5.3947160259452565,14.52638817259755,9.195213899360756,38.47432966119311,48.6058443006915,60.33694344163658,37.815473727761685,37.70152955766846,35.65465282019955,46.83513838748497,0.6293133085249698,0.0697633368737814,9.96843821285509,13.599042080054735,1.2773764799377463,0.6,7,-1.5807357068991057,22.338695102114592,-1.5807357068991057,60.45279383429671,0.9591134887275505,14.028869029366664,1.8687896483960698,76.94639676291551,88.19126258514025,0.9225721827802503,0.12499999999999946,0.27187499999999915,3.017039237142405,108.33150094656,5.127445153916686,0.4938053646544389,3.483779987316647,0.49791095127380325,4.342569612853671,0.4979218008312467,0.4955053605822355,13.166374412963306,1.1839181702941817,0.496415339477764,8.378626009045739,0.07734247135723636,2.1850512183750004,-0.013877665523855165,-0.01059439031220466,11.686050878419806,0.03621239879723537,-0.029825772526516525,26.020023269610547,0.05145581947918876,-0.10556994410024101,168.10576727462055,0.10581395568642438,-0.3571835450033243,1.45661553,1.35032397,1.134123,0.7786014748861011,0.9902893636363637,0.9566915,2.8297355074490915,-0.5067495454545456,-0.8230061395348838,-0.49458372687224667,-0.0204345,-0.317631,-0.007517,8.0,94.0,0.08531153851725204,-0.2828012009869263,2.751327614241039,22,0,999.0,0.06662,тейк,0,0.5930000000000005,0.4666666666666667,1,23.506454518162734,-2.6268490999999994
PORTAL,1776731494,1,2700000.0,35500.0,75.5,-0.01,28,2,9.073611111111111,110,9.303928325292901,368,15.652173913043478,-0.8795669824086638,-0.5431093007467802,2.304469273743015,1.9485038274182243,5.319913731128678,4.493580599144087,8.357988165680474,10.900832702498109,24.680851063829778,28.50877192982455,33.54603463992707,50.10245901639345,79.97542997542999,18.59649122807019,0.7536706379854076,0.09297168266660841,3.163708494318307,5.671213208901649,0.6851028099682082,0.6,7,-1.545698924731187,11.54422788605698,-1.545698924731187,30.80357142857142,0.9374999999999998,9.892819958081866,2.4355559354863168,66.46385172838299,74.36952395850231,1.1143428798318034,0.1315789473684225,0.14473684210526178,3.865073787772322,30.597697889449,1.9195612384419707,0.5196907280540941,1.8555111291337214,0.5218335978383296,1.1648195892576614,0.5079023627436037,0.49960210784041703,1.218023661808387,1.1963558126379588,0.5340758817662192,3.941677851258,0.12882269331174775,3.4208589969633607,0.005276320037757687,0.01629840929463433,5.5615463284961475,-0.012698301864069395,0.0337871140104995,14.475394225937489,-0.04154849050829468,0.11855006491726217,55.55118199828153,0.103586388300283,-0.003234562109502348,1.51801997,1.75061125,1.636026,1.077736810010477,1.1761428181818183,1.3381665,1.7319232737581842,-0.2149489,-0.15443305405405408,-0.3865117909604519,-0.01274875,-0.612096,-0.27393,4.0,208.0,0.3164552777149776,-0.5446183214113498,2.2535127732306703,0,1,999.0,0.01465,стоп,1,-2.035567599999998,3.4833333333333334,1,23.481228668941977,-2.5360675999999995
ALLO,1776763603,2,4900.0,107.4,45.9,0.0,27,23,4.0055555555555555,49,1.0,169,0.8305084745762712,-0.227521698828681,-0.504201680672256,0.0,0.008446659346228458,-1.8404907975460127,-4.0207522697795035,-7.217302719222629,-0.9619406106231687,5.469445929093175,8.147606868834512,16.135360470819027,4.97384519904247,1.7007387046899192,16.56010230179028,0.391471997958028,0.09367475081119549,5.751352993666536,7.882416148591598,1.159007115181803,0.4666666666666667,34,1.0238907849829504,11.51877133105803,-9.410864575363432,11.666509478449495,0.5014187271990271,-0.4726272297516432,1.2149680807260446,43.8615790415093,56.80361409866218,0.13588833436644518,0.566844919786096,0.3743315508021402,0.09267059814659362,17.37564128566,0.9245406162187473,0.47077749018825327,1.0003301121475578,0.4297323458162629,2.0007152111830404,0.46295468930129724,0.47590339022160033,6.422370408675643,1.0236525426302407,0.5625932704046516,5.665395246209999,0.326053879282465,-0.4146312468646607,0.010913549978172954,0.005967302077020564,-1.9022940754529816,0.0010767278098191557,0.03995619223681812,-12.586938286062999,0.1619899468446555,0.0673552224410241,10.456819016663221,0.07932470954521853,0.15166196250335062,1.68485592,1.72365591,0.876447,0.5201910677323673,0.8359833636363638,0.6417525,1.7439947825021713,-0.021555666666666667,-0.04737627777777778,-0.061329500000000016,0.00125,0.030000000000000002,0.09000000000000001,4.0,153.0,0.4499857408139851,0.7602462528178089,1.916356096617844,9,1,999.0,0.1184,время,0,0.39454604864864845,48.0,0,6.3796874999999975,0.39454604864864845
NEWT,1776774666,1,2400000.0,7900.0,304.5,0.0,28,3,4.001111111111111,49,500.0,35,255.31914893617022,-0.7099064214262651,-0.2808685319217852,-1.092896174863378,-0.5280172413792972,-4.39150699119627,-0.44219154443485564,15.546376267367634,17.92284108329074,21.396633350867965,22.038603913273413,26.991333058192325,22.54082039028278,31.04770017035776,5.618720253833964,0.8527829481745668,0.14446973071456387,7.129576323859155,10.977871183088151,0.691302148968223,0.6666666666666666,64,-7.104759987923915,24.930852401307526,-7.104759987923915,24.072580645161313,0.7172607128554267,3.987717185754547,1.2121851510060877,66.13015329031825,87.28061435190908,0.749321333357512,0.46276595744680804,0.34042553191488845,-0.3963577932512119,32.102685179459996,3.378833630954998,0.46112147090426736,7.600116934278955,0.4886271670937305,4.595926551660555,0.5004785646410359,0.5181579233407231,12.756520941628262,1.1622058502245456,0.5103754883742005,3.5294581314799998,0.10994276995054061,-0.4805877072345255,0.006473340451603082,0.004505025682476127,-8.844348606078235,0.13468947776455176,0.04133143789176885,78.1313743336296,-0.15336302986351824,-0.30411342585667445,145.13874269647323,-0.2521421680107464,0.06849385117139328,1.527063,1.51617874,1.232825,0.807317707258967,0.9526512727272728,0.7936335000000001,5.025696856291197,-1.7595668181818185,-1.5972482790697673,-0.6569493478260869,-0.21137899999999998,-0.829374,0.08312100000000001,4.0,208.0,-0.38340576022133366,0.04272462537318056,1.2820938079234345,12,1,999.0,0.09231,тейк,0,0.5930000000000005,1.3666666666666667,0,2.166612501354126,1.7297309886036192
PORTAL,1776825093,2,563200.0,4800.0,117.3,0.0,22,7,35.07333333333333,422,1.9407305306685045,368,3.264927536231884,0.08103727714747766,-1.9062748212867353,-11.023054755043226,-10.95890410958904,-9.391049156272924,-11.46953405017922,-12.782485875706218,-10.63675832127352,-8.586232420429308,-18.85676741130091,9.5829636202307,14.776951672862438,43.93939393939392,-6.9645203679369105,0.5231685437744557,0.19012336359135232,3.8356974784429454,16.093635698610097,1.271307311610876,0.4666666666666667,5,9.292035398230091,28.495575221238955,-33.49488422186322,9.292035398230091,0.14442916093535083,-15.786487069015953,2.961339975270937,24.53183470661753,37.131479824253844,-0.3241641796577925,0.041509433962264405,0.3056603773584904,-12.5,42.480171360157,6.950756175405333,0.43416468569253736,1.851432150383805,0.43774144865738335,0.654039204166132,0.4414104816252289,0.4820439047641667,1.3948360495236274,0.9705079855303187,0.5952996267546681,2.10928627444558,0.04965343139891196,-26.796047114170474,0.07386177521626269,-0.0681787558949023,-25.95890610525008,0.055651289446414065,0.0053204892136529125,-29.83529898285846,0.13997944409543028,0.04426932857111221,-50.40151777858928,0.0710513893986291,-0.03957136931714378,1.62245405,2.03086997,1.556025,0.9590564367601042,1.0469187272727274,0.720824,2.3340764287142304,-0.09972125000000001,-0.07014917647058823,-0.40130674611398964,-0.0007425,-0.516933,-0.916026,4.0,88.0,1.4090316749689968,2.477379409953051,2.006141843821685,2,2,999.0,0.01235,тейк,0,0.5941908000000006,9.816666666666666,0,3.7713360323886613,0.6392674453441299
CHIP,1776858395,1,414700.0,3500.0,120.0,0.0,23,8,4.321944444444444,53,1.0,0,,-0.5201831044527649,0.9075559307724745,2.916801205467645,8.449586026993305,15.60875347600048,21.762383802368525,19.24180072328221,33.1384015594542,55.530253741054004,128.21002386634842,174.45464982778412,201.54525386313463,,91.38424821002387,0.19000700858187022,0.11278728006957382,5.024087894090856,15.540785498489429,0.7904927875138703,0.6666666666666666,1,-2.1990385598854467,30.203755493407904,-2.1990385598854467,136.09876543209873,0.962458529771259,40.61536495711249,4.117886440839828,75.40354132715393,80.36126928347286,1.1942990070874606,0.2671755725190842,0.2106870229007643,3.729552889858234,1263.22889976677,4.347337964479446,0.5050032208687701,3.0872103728342113,0.5216342664277391,2.0838500600506027,0.5118092745378572,0.5104844368135896,,1.2288180437215888,0.5584873488967442,42.224833217053515,0.03342611400423905,2.313277710145112,0.015010075056398398,-0.0014634677806426577,22.20177357833022,0.1444975770785628,0.009439288595358919,45.33381364747717,0.033915695680210245,0.04113483596826617,622.3042055656041,-0.28580062019588914,0.20031479117357653,0.86787661,0.73350973,1.017322,1.1721965867935995,1.085321818181818,1.0006745000000001,2.3560068155484077,-0.1707352,-0.26403452173913045,-1.0243670658436212,0.00125,-2.1279339999999998,0.09000000000000001,4.0,13.0,0.11653653420347077,0.18658892128280424,2.276753124762876,11,2,6.188888888888889,0.09562,стоп,1,-2.030484399999998,0.9333333333333333,1,23.08094540891028,-2.5437912999999974
BLUR,1776877580,1,49600.0,9100.0,5.4,0.0,26,20,9.651111111111112,117,9.92,756,0.077913917687716,0.17730496453900457,1.7712398679075259,1.6796640671865593,1.9242333132892364,4.823747680890533,7.176730951628207,8.306709265175716,5.673316708229437,6.1697463200751645,8.793324775353017,5.312208760484616,1.6796640671865593,57.381615598885794,0.449293966623876,0.7975502717425711,0.20749054124248142,2.901409812127831,5.408765930991621,0.6565990269715408,0.6666666666666666,1,-0.08841732979664174,8.854667949951889,-0.08841732979664174,12.326043737574555,0.9919999999999994,6.025569479588366,0.8613893739698399,73.23404396575188,65.6984539292406,1.3862147436549044,0.2533333333333274,0.18666666666666815,-1.2571086501047657,24.755697978639997,3.169044614837796,0.4723914995113131,2.6260696060362685,0.5043342917516903,1.2299232838723095,0.5314002558004897,0.5084932425961658,0.33135699316292827,1.2570021608744835,0.5965016200861278,8.74721944335459,0.3533416610148487,1.1951675688806063,0.0172610209916213,-0.008475655355666634,7.5438082406415585,-0.0022862977574381604,0.03306566531351107,11.332475609126313,-0.05660566184271765,0.07157057376327747,12.028348544738376,-0.09097515885630514,0.010763074648363347,1.18096724,1.1602602,1.534024,1.298955591689402,1.2280474545454545,1.3003865000000001,1.3642557175602066,-0.11521242857142858,-0.08583841025641026,-0.11996534865900384,-0.0051525,-0.20001999999999998,-2.756789,4.0,173.0,-0.6678925667293001,0.6502840276942923,3.9159378498848874,17,2,999.0,0.0339,тейк,0,0.5896165000000005,14.75,0,8.966401179941009,0.05646172772861253
AXL,1776905211,1,288100.0,12900.0,22.3,0.0,31,11,17.32638888888889,209,1.205439330543933,1031,0.2619090909090909,0.27800490596892047,-0.21155410903173077,1.8604651162790642,0.5410723069355639,8.704130473320326,6.699147381242376,7.597824179680646,6.163434903047094,10.966340933767649,10.387038703870388,2.903171673099525,8.262711864406768,29.72286862703617,2.5922592259225885,0.3839929460734806,0.1852931947010908,4.088331098476683,9.032716927453777,1.2068302124384962,0.5333333333333333,6,-0.5352798053528063,9.795191451469298,-0.5352798053528063,13.93534002229655,0.9578544061302677,6.137095750804411,0.7241913635378856,76.62840154916972,71.87309943543879,1.1494715067717756,0.23178807947020005,0.25827814569536445,1.272096481083751,11.507518096478,9.962341157602642,0.5560740923256458,10.912125070764004,0.5435578102238625,3.0371674633996792,0.541808768859057,0.5147396468456489,0.30068909275995603,1.144768673730402,0.63633395053713,3.92603602248,0.34117139678290886,6.246798110478458,0.022713850553096604,-0.011453183316956883,27.149002603580662,0.03772307912894313,0.020504250196623053,24.89484319348396,0.0582218186712109,0.018273806388464653,24.599217835296216,-0.1845222129905556,-0.042576760730704044,0.88529177,1.08050847,1.527204,1.7250855048612956,1.0758842727272726,1.2254855,3.2765753200846444,-1.3421476,-0.4596406285714286,-0.23520123461538467,-0.00343275,-0.35356200000000004,-1.191532,4.0,193.0,0.21953012625859358,-0.09851965613708602,2.7340094523855107,0,3,999.0,0.06132,тейк,0,0.4902329000000005,23.25,0,4.132436399217232,0.03870018741030656
BIO,1776908782,1,456200.0,43500.0,10.5,0.01,31,14,42.995,517,0.7511938086612877,643,0.3041333333333333,0.7841907151819427,2.5862068965517127,4.521795705920617,5.3442622950819585,11.75652173913042,11.678832116788307,8.87834632328024,11.990240501917038,12.146596858638748,10.450326572705393,15.57553956834532,14.832022873481044,-16.955285603515126,1.4437951185974462,0.20833728448526828,0.1743150920346436,4.809596073995603,11.519777931991682,1.2658860451386398,0.5333333333333333,1,-0.8027168879283786,15.76125804145818,-0.8027168879283786,14.832022873481044,0.9410430839002261,9.711621783315616,0.7408712778321326,80.14152546244883,74.19140234249699,1.4422919932532192,0.160377358490563,0.10377358490565958,2.5440313111546153,32.464912978659996,6.937006087906526,0.5215719264133531,5.105589387087323,0.526155884205709,1.9182321662502249,0.5029510094293753,0.49980878054334904,0.16024954596281188,1.0829899011809807,0.6064559548284557,11.41615081157949,0.3516458158715414,2.078749090547749,0.012898351724040857,0.012589321431652811,15.02324503481316,-0.017158393359981816,0.09402622056119103,12.352648678591581,-0.08040034224605419,0.08471186789595175,14.570867435369639,-0.23527710376297728,0.11958960927455276,0.94668939,1.03882353,1.032752,1.090909025609762,1.084164090909091,1.0591415,1.3913231393329684,-0.2927103636363636,-0.2792125531914894,-0.2147014884615385,-0.02657925,-0.395583,-1.261746,4.0,133.0,-0.16903916860795398,-0.5810009020569495,2.675676562243723,1,3,999.0,0.03213,тейк,0,0.5489430000000005,23.533333333333335,0,18.788079676314972,0.3926791398692805
C,1776916567,1,189700.0,22200.0,8.5,0.0,26,13,27.573611111111113,327,0.2283616227278199,110,3.2706896551724136,0.3599955000562538,0.47302624169389684,1.1795395259158514,1.3634814225656156,1.6059225512528474,3.8412291933418663,8.699890337516747,8.317144244779007,8.898925781249979,2.24641833810888,20.407612363341876,24.682040531097126,16.828182294394978,-5.936962750716324,0.908781913520902,0.2125910021654161,2.6330926204014116,5.305927342256211,0.6025387573290667,0.8,1,-0.12315270935960854,9.313425529310958,-0.12315270935960854,10.916324754444862,0.9876265466816649,6.099914048843491,0.8569711669757469,70.09635932871112,68.7630731807618,0.9745799432694249,0.12941176470588273,0.670588235294127,0.1927000680117752,13.25458163961,0.9157229945642503,0.5636853529079388,0.9562954735984374,0.5538141452423397,1.0551365234151218,0.5176650766713596,0.48168300599549185,1.6527530562924377,0.7092673671813803,0.5316362154658103,4.63929289518,0.35001428346225083,0.7604061319073319,-0.005349724005768497,0.0023410451889920303,1.0494860916756776,0.04015140933277905,-0.001478721796484006,10.196554578471883,0.10092555951100168,0.03860342631998681,-0.38324980844151035,0.03541135368936499,0.04705510322768247,0.82665094,1.0744186,1.440329,1.742366614861649,1.1863687272727275,1.200778,1.1720325409736527,-0.016722499999999998,-0.039007799999999995,-0.08381906603773584,0.00125,-0.12376000000000004,-0.12295800000000001,4.0,3.0,-0.3055388881108456,-0.7934793031804444,0.0606100465665671,3,3,999.0,0.08921,тейк,0,0.5934999999999994,3.0833333333333335,0,9.794260733101678,0.9050909090909083
SPK,1776926817,1,20100000.0,878700.0,22.8,0.04,24,0,4.0808333333333335,50,1.0,156,11.823529411764707,0.7537688442211143,1.5585427625170567,-0.4392666157371883,-3.6235903124422153,1.7766497461928932,13.523519163763066,12.131641213164146,31.144654088050316,38.56990962254121,73.59307359307358,95.53638409602402,88.80840275262587,138.69047619047623,54.8118548118548,0.1572249576722307,0.045687816040294975,12.199700233531585,17.599297783629588,1.598574514350572,0.6,185,-7.734513274336285,30.484988452655905,-7.734513274336285,74.28953527248414,0.8356525009402032,19.983444958962448,3.312171649139507,60.571700208590364,69.87262567896194,0.6757211099706331,0.23008849557522126,0.45575221238937924,-1.364073006724309,502.2861538624399,1.442005085694085,0.4965668792690941,2.196716626885519,0.505412271591728,3.1288251016717883,0.4993923735963457,0.5026080278334306,27.05747720155166,1.156021040873086,0.5192385385816585,23.9682785503,0.047718374010493114,-2.2701793954812644,-0.02336256155817662,0.009863536010430218,3.458054607490646,-0.02478586022609852,-0.00563155847824981,39.47911038457257,0.16467274644636842,-0.20892972009163502,237.90698079520865,0.11966604358158839,-0.4301982085969194,1.38311688,1.30253251,0.841183,0.6081792595865073,1.0120107272727272,0.9123125000000001,3.254226669820523,-3.447547181818182,-3.5061483913043476,-1.131490237837838,-0.2350375,-0.957856,-0.11645900000000001,4.0,73.0,0.39227174551290656,0.39098184883148424,0.25495507170691933,6,3,999.0,0.05213,стоп,1,-2.154952499999998,4.083333333333333,1,20.553289852292345,1.6657463354498374
BB,1776930668,1,1900000.0,459600.0,4.2,0.11,23,5,12.091111111111111,146,2.118171683389075,68,1.9,0.8437394532568421,1.979522184300353,5.54574355351467,5.359661495063461,4.989458889669707,6.524064171123012,9.53079178885632,10.666666666666668,11.326378539493298,15.81395348837209,16.536661466458668,17.962889853928154,-3.2696665587568785,5.736434108527133,0.8293534665053894,0.15452929694965314,1.517051496961841,6.514773940904228,0.6750098474891262,0.6666666666666666,1,-0.6318589956767484,12.034277198211619,-0.6318589956767484,19.759519038076157,0.9628906250000001,9.909272143402559,0.7719331377461053,75.58419994274787,80.51436750530405,1.4129218591665866,0.0740740740740742,0.08333333333333307,3.239587041651837,12.02909334167,8.023875524387622,0.5691661445114725,3.3619206381106688,0.5307764689135975,1.9072896122904992,0.504532016522533,0.5008083125518128,2.1616105377538,1.2537771423214896,0.6022893446374162,2.64096626299632,0.2195482392548859,7.01099598675281,-0.020118577419710237,-0.042562623084245965,6.826201308784086,-0.06530986172853248,-0.05722765563007215,22.301929826419343,-0.06446939234545568,-0.1265829885273171,49.21679202192786,-0.05237632057763353,-0.24127776143680835,1.83980583,2.21336761,1.712776,0.9309547627642859,1.0641102727272727,1.406414,2.3399870987104565,-0.3025833636363637,-0.2575739117647059,-0.16971776190476184,-0.002224,0.011195,0.09000000000000001,4.0,8.0,-0.09867663245194391,0.5992893588119275,0.03126902252266195,7,3,999.0,0.02988,тейк,0,0.5590465000000006,17.533333333333335,0,16.231593038821934,0.14269301178045632
CHIP,1776946551,2,8300000.000000001,141000.0,58.6,0.04,23,1,28.809722222222224,347,20.014468290330363,0,,0.9136372379303648,1.0107816711590223,0.3058980976962111,1.7848481909011449,2.852381885904731,-1.0000943485234504,-5.023533671252711,4.835647916874808,-5.0321296044891,5.65904742724801,120.81228956228954,206.1861686606361,189.70182219768083,11.247608498640616,0.7096899979270984,0.028902934046412417,6.848288634009947,8.50971922246221,2.0961891697312853,0.5333333333333333,55,6.636178861788622,20.884146341463406,-25.050000000000004,19.13033605812897,0.32453775038520777,-3.887475080227476,4.2431895422740045,48.526625279468284,52.990875972822195,0.3521187689275738,0.2854640980735542,0.38178633975481685,-1.7944843218738238,2956.83776069284,0.5407026157238805,0.5249821848301625,0.4772620220656995,0.5126523326116444,0.5232164245750957,0.5013430422295605,0.5004367635607601,,0.7840118776980745,0.5318419589330357,43.53898452995652,0.014724847304356177,-0.548643701603313,0.012036237581583897,-0.009980212108411046,4.03682913823018,0.05188099131259838,0.03816544015130385,-9.849950026149191,0.026712360631118592,-0.00028558060422756437,-7.767378242018797,0.10912688136907045,0.08450166347610488,0.97592051,0.96250948,1.113203,1.1406697457357464,1.0637472727272728,1.0250735,1.960761223223358,-0.8359058181818181,-1.0473738936170214,-0.7153774193548388,-0.12694850000000002,-1.839486,-2.157778,4.0,224.0,0.41331609566903627,-0.5184791449192816,-0.90635250529153,12,3,7.209027777777778,0.10493,тейк,0,0.5930000000000005,1.25,0,4.927094253311748,2.8341668290288764
ENJ,1776961854,1,1200000.0,43800.0,28.2,-0.0,21,8,53.812777777777775,642,0.8,1265,0.42857142857142855,1.7515407071034828,5.8902953586498,5.49857070791997,5.46310304252815,6.357009662654689,6.248941574936495,9.322181564732546,8.866909595696693,7.782168012369017,9.39843068875328,7.028317980211551,3.582631665841185,-17.032531076434807,0.06974716652135005,0.2734728187188918,0.1618428715792957,2.371124610320541,7.084329122567423,0.7477033186267752,0.5333333333333333,1,-0.3335980937251848,10.052447552447564,-0.3335980937251848,10.652557319223988,0.9663999999999997,6.986625791182943,0.8028413179326893,70.59584651944269,68.67536229774952,1.319700340485453,0.09999999999999974,0.07777777777777843,3.734858681022879,30.034867642949997,5.74470408639807,0.5228562980596939,2.0671003988157426,0.5144524885528341,2.2337981846558357,0.4917854303846248,0.4959832858982711,0.16302158973285205,1.1705268788343348,0.6387545471837733,11.05942682449,0.368219595836506,4.828921723899726,-0.004607988347142489,0.015225362640914897,6.022768435286574,-0.014039335493805871,0.01463261559791551,9.714836527281644,0.04978008809593293,0.00019240226669769989,4.717379453776616,0.005684594396962561,-0.042614197905726736,0.81631856,0.88137255,1.206039,1.4774122004527253,1.1610982727272727,1.0317284999999998,1.042120501496622,-0.12305236363636364,-0.15490097777777775,-0.15527173021582732,-0.011452500000000001,-0.286393,-2.008478,4.0,209.0,-0.12662202559500235,0.6667009752206354,-0.8164708835150525,16,3,999.0,0.06274,стоп,1,-2.041237999999998,19.483333333333334,1,21.071087025820834,-2.5417379999999996
MOVR,1776966369,1,5900000.0,55200.0,106.8,-0.07,21,3,4.082777777777777,50,1.2040816326530612,593,4.916666666666667,0.4716981132075526,1.1691633175009208,-0.3956834532373943,-0.4672897196261627,-8.644011877268232,-14.79999999999999,15.375000000000005,51.72602739726029,65.61004784688997,60.708067324434126,55.561797752808985,46.12137203166227,101.8221574344023,39.29193267556585,0.047471717267316055,0.05964010203068285,10.500458043427862,25.437135720233115,1.6648501362397803,0.5333333333333333,121,-17.293906810035832,41.74428450465706,-17.293906810035832,70.71516646115906,0.6645422943221322,-1.6156725758488033,2.7343470588243792,57.393355372741325,72.31398778568177,0.5109923659285989,0.26363636363636317,0.20909090909091052,-2.0758768790264837,296.73839669534004,2.356887160654605,0.4914575729059453,3.8762202049257857,0.4866443730521761,5.458677711620989,0.49549300205416136,0.4967580095922412,2.0493637124616444,1.1439951544444125,0.5332871764587614,9.90806645363606,0.03338990357829771,-2.8030544082316644,0.002199484433381027,-0.00523771464263012,-15.010474906591964,-0.053343148483620983,-0.018832460430873388,77.87859355530611,-0.09144119719817034,-0.19788067249626262,265.4223084147433,0.09061468904906622,-0.2810873121424482,0.81487437,0.85826772,1.156251,1.4189316078256333,0.9933341818181819,0.9307785,5.0652743775808835,-0.4831309999999999,-1.3358190222222224,-0.6361949920318726,-0.24023825,-1.30652,-0.193963,4.0,133.0,-1.4469757363913316,-0.4569321157079642,-2.073764893760177,17,3,999.0,2.769,тейк,0,0.5929999999999994,1.85,0,8.27464247020584,1.0589443598772126
RED,1776989494,1,228300.0,15700.0,14.6,0.0,19,13,11.4325,138,0.9653276955602537,101,0.9318367346938775,1.0238907849829282,2.564102564102555,10.447761194029837,9.955423476968782,10.201042442293362,10.037174721189569,10.77844311377245,11.027756939234813,10.36539895600297,16.35220125786163,14.197530864197528,10.695587135377703,1.9283746556473913,5.031446540880502,0.23663464811141524,0.32964331995821666,0.4484312447328165,10.522388059701493,0.9762437810945278,0.4,3,-0.6044325050369448,12.039127163280682,-0.6044325050369448,17.181314330958042,0.960176991150442,9.000001193973839,0.7806735017666152,87.51647197004577,81.78344465430574,5.605809755895936,0.1500000000000111,0.5,-0.5196733481811266,28.0872145694,16.09299439102251,0.5075904873944174,4.356218327541111,0.4954481550595908,1.1807818687699965,0.49934921509757096,0.5018732745203336,2.312001409096691,1.299500457980793,0.5766415612763872,4.86937734355842,0.17336633120122313,22.603149731076133,0.05619654337084001,0.04403381456573596,23.676650923533103,0.07183247837505391,0.042675170809710616,24.108620174186534,0.11592214254610722,0.03849096162667753,43.734820758891814,0.16405693369705054,0.054268326292596036,0.47814628,0.58456486,1.491893,3.1201602154052104,0.7319061818181818,1.0526875,2.236744205049529,-0.6667744545454546,-0.3108563617021276,-0.2927210371747212,-0.030279,-0.576393,-0.184087,4.0,228.0,0.02890239941071293,0.7033558429519582,0.0985413323300044,0,4,999.0,0.148,тейк,0,0.4164695999999994,23.833333333333332,0,10.686351351351364,1.0805434243243253
SPK,1777013570,2,7000000.0,27200.0,256.4,0.0,20,0,28.17888888888889,339,0.3482587064676617,156,4.117647058823529,0.1803833145433975,0.40677966101694274,-0.7815989280929081,-2.115003304692664,-3.3920417482061427,-4.738421955403094,-9.713472871367612,-12.779740871613665,-9.363525091799275,-14.574120361468957,46.53693931398417,66.65416354088521,91.59120310478654,-5.383580080753713,0.6681315429944266,0.1888149249673254,3.8598720793554975,6.06796116504853,0.6108827025955995,0.6,10,1.554285714285708,13.714285714285722,-30.382325289877787,1.554285714285708,0.03388141504733432,-17.286227225577434,2.1327732669222,27.57350006963283,42.009771035138584,0.07761525066205387,0.056603773584905495,0.2389937106918271,-2.4751381215469492,719.6316284265699,0.623404836499146,0.5016652742763896,0.46320832319127764,0.44757397526000886,0.39652522642233595,0.45872563050731896,0.4891382833722093,8.021024179544694,0.9574400793715108,0.5706023157567617,21.771510632558243,0.03025368782103186,2.4810824834791134,0.013925908470049375,-0.02190827218100999,-0.3219889011725652,-0.039578887480161806,-0.024473392277084338,-10.2991997157593,-0.07608844341309084,-0.02767960358962207,-10.676228648030827,-0.21934610707247504,-0.12562799708968975,1.09699044,1.19104182,0.734274,0.6693531440438077,0.8474589090909089,1.0107445,1.0603004560931275,-0.5893205454545455,-0.6235754042553191,-1.0303885993031356,-0.0812275,-3.546426,-1.0364309999999999,4.0,67.0,0.13248733709463334,-0.759514023318808,-0.4649704354058426,6,4,999.0,0.04443,тейк,0,0.5107594000000005,17.65,0,4.073823992797676,1.4496001081926628
D,1777044933,1,126200.0,11100.0,11.4,0.0,24,16,4.818888888888889,59,1.0,287,25.24,0.4686795853988235,0.05385512970110806,-3.7973591093466763,-7.493775933609948,-9.33712891419276,10.191775405298543,16.698073701842553,16.685857845702913,23.36210712704736,22.88612060412305,17.646437994722962,12.221886640491286,11.570413372034839,5.302612721860878,0.6460994977463129,0.09011528321239401,20.149331761651013,29.186799629896186,1.77644259158694,0.4,72,-14.778287461773697,38.207945900253584,-14.778287461773697,24.25593579311114,0.5295692382574838,-1.9181733861284744,2.3048073360748256,58.426976815523524,63.56867602779736,0.7046340165173682,0.2770853307766068,0.24448705656759337,-4.2345553292600036,38.166065470526,6.733873006349951,0.46628020207413085,11.300598803139447,0.4845616949620145,5.283642571473395,0.48777271955944485,0.4882164519595998,4.3199146538112965,1.1048313157124603,0.5634891564094715,4.89185630815203,0.12817292659967267,-4.505918830741229,0.021370891753195842,0.012524829096768997,-8.682410430704302,0.03704594727324806,0.02668231753509165,100.77664271065161,0.07824394231196696,-0.007357458230347946,142.15767007596608,0.14233191497823183,0.07397102444875525,0.90998294,1.05170976,1.588372,1.7454964595270324,0.9564229090909092,0.95207,6.035225649982093,-0.6138137,-0.3346876578947368,-0.1420255619047619,-0.00506525,-0.028738,-0.221801,4.0,24.0,0.15232419946100695,-0.6531873858454662,-0.7170993344684962,15,4,999.0,0.011147,стоп,1,-2.032765299999998,11.2,1,20.56463622499325,-2.5332652999999996
ZBT,1777055158,1,419800.0,84500.0,5.0,0.13,27,9,8.167222222222222,99,1.0127864897466827,292,0.7134602311352821,0.2074996294649578,1.402324709411329,2.8758368837492387,6.952463813968213,6.038268506900879,8.07225063938619,9.436710909679501,11.182371320506501,12.318298862031728,19.822773593265385,34.01387512388503,29.869381482904345,12.355629414208558,9.490474080638013,0.5046097560630581,0.17385345711202374,4.80769375395993,6.873123716226903,0.7242583438174245,0.6,2,-0.6246784743146883,10.401622718052739,-0.6246784743146883,23.443490962205594,0.9679607990953641,11.186403358416253,0.8885513701021536,77.37195471406429,82.82962901780027,1.602139693723942,0.12684365781710893,0.07817109144542803,4.214888958398499,24.98711593237,7.495907369186113,0.4893098983419438,3.701972441258303,0.4924663746701793,1.598712147229032,0.49243807990614463,0.5030578483263856,2.255618034812545,1.1852161491583753,0.5532493816620774,9.10757778338331,0.36449095638063367,3.0011614644151585,0.022270051852480544,-0.006792504017970269,12.731920321753698,0.037681284761391654,0.014246648789870475,17.866154040743144,0.08183645223130354,-0.013032236561281496,29.615774472917057,0.5579959125519056,0.08621786568592937,0.9713861,1.10045074,2.943431,3.0301349792837264,1.0605623636363637,0.934762,1.8932607146434173,-0.0635865,-0.05645636363636364,-0.03970151282051281,0.00125,0.030000000000000002,0.062421000000000004,4.0,94.0,-0.29052038917896095,-0.4316946069009453,-0.5378876455254811,18,4,999.0,0.13522,стоп,1,-2.020999999999998,6.133333333333334,1,20.228161514568853,-2.5189999999999997
APE,1777059093,1,5800000.0,1100000.0,5.2,-0.03,26,0,4.248611111111111,52,1.7058823529411764,282,2.0714285714285716,0.738007380073813,0.8000000000000007,-0.5464480874317057,-2.092050209205021,2.6315789473684292,2.6315789473684292,19.474835886214436,43.18181818181819,46.380697050938345,62.33894945490584,60.11730205278592,63.63636363636365,53.65853658536586,35.87710604558969,0.0010629540126293065,0.09692370030855177,19.852246692386167,35.02235469448583,1.5878378378378373,0.6,189,-15.740740740740733,50.0,-15.740740740740733,64.29287863590774,0.6768743400211195,2.207710047183742,2.742586009912579,63.80866645327799,78.04181153428146,0.5881287020928285,0.24444444444444816,0.2666666666666679,-1.338199513381988,450.51944110539995,1.587407369730549,0.4925421108228426,2.215330278357741,0.5066211973162176,5.4205408057471045,0.4983415589181941,0.49980564933671867,29.2894462358408,1.0354996422158538,0.5502310991109086,20.054499588667678,0.04451417132956952,0.05374352814806471,-0.0023524152739841098,0.007635853955561656,3.7881782663619523,0.06417416687228417,-0.032699985441968504,43.76972597930053,-0.2779483913890709,0.031007343696073164,184.4179393598095,-0.3552377742118237,0.3710332149467259,1.44133355,1.42434394,1.096333,0.7606379522630276,1.0413793636363637,1.0310605000000002,2.2475016598359945,-0.35253990909090915,-0.515493953488372,-0.2014618407079646,-0.031312374999999996,-0.308313,-0.05692199999999999,8.0,268.0,0.0925618725124755,-0.3190986042971744,-0.3586827309236984,19,4,999.0,0.1638,стоп,1,-2.021999999999998,0.38333333333333336,1,24.224493284493278,-2.5224999999999973
API3,1777090033,1,898600.0,182000.0,4.9,0.21,22,6,7.416111111111111,90,0.9433130380012598,794,1.5525224602626122,-1.084875558391829,-2.064026958719456,-5.0632911392405,-5.102040816326525,-0.7682458386683688,2.377807133421417,22.594252570524652,35.37117903930132,47.90076335877862,52.40904621435596,55.15515515515514,45.58547276142768,49.95162850693327,24.319895116355305,0.7892178792818031,0.12795125134455118,8.954411116224337,13.733792008467848,0.5958668197474164,0.7333333333333333,32,-7.70146883684002,34.454230050707245,-7.70146883684002,53.566710700132106,0.8069651741293532,13.010740473777439,2.184505120951653,67.69329592501899,81.0737334715991,0.6656590391432472,0.37640449438202195,0.32022471910112293,1.1182439428453206,165.84095125098997,5.450330131587473,0.4494362164819043,3.819671837497487,0.49767325989642197,4.021118626035735,0.49817407047910955,0.5002101250178086,5.340537314031124,1.1602075800287759,0.528607903715578,9.595619217447629,0.05786037251393509,-6.169504030711515,-0.007129004263829675,0.0024859043855036678,6.3054255948975735,0.05387579483242222,0.06384928834454984,56.64797401741808,0.07965585035604339,-0.1674377567121571,209.61633423165898,0.18484177525632273,-0.34362166784498605,1.06756757,1.04899225,1.382403,1.2949091362900804,1.035736090909091,0.8152349999999999,2.507185127748737,-0.7582850000000001,-2.374144574468085,-0.9591049058295963,-0.19364075,-1.5770069999999996,-0.11735200000000004,4.0,232.0,0.07915676132816962,0.30182672355205664,-0.07864579914301784,4,5,999.0,0.465,тейк,0,0.5317157000000006,3.9166666666666665,0,3.687589247311829,2.4208577741935495
AXS,1777109486,1,5500000.0,827800.0,6.6,0.16,17,2,4.162222222222222,51,1.896551724137931,0,,0.3188775510204023,-1.0691823899371178,-1.5028177833437684,2.945026178010468,0.9627727856225787,12.84074605451937,19.257012888551927,31.08333333333333,39.08045977011494,42.99999999999999,43.78427787934185,39.82222222222222,30.974188176519558,19.9090909090909,0.6816357557178776,0.1261841837909614,7.166808697336591,11.5,0.5971850393700789,0.6666666666666666,15,-3.318992009834054,23.726235741444878,-3.318992009834054,43.39106654512306,0.8981132075471697,10.395903983860322,1.5765635152102209,76.41457478532091,91.55203216859783,0.8831847463449386,0.5352112676056346,0.12676056338028033,-1.5103838892385202,279.57006206599993,7.161468636879094,0.49721865539500587,6.2302140744841505,0.5023430564129087,5.110112998332178,0.5029061600933065,0.507399767477648,21.898031137813305,1.1128922618007835,0.5290826860753599,29.106416184999997,0.10411134858255551,-2.1170699130586668,-0.007683253263458867,0.005982210436536128,7.20082642810429,-0.007007184596440452,-0.05745473204636797,59.18772301413142,0.13095191201669132,-0.1678191352440629,136.8413724544447,0.27436770239743713,-0.22659888641963266,1.31095406,1.23661914,1.697262,1.2946769469557156,1.0182246363636365,0.9626745,3.0735671911669042,-1.1338058181818182,-0.627419914893617,-0.20375665198237883,-0.04440275,-0.166131,-0.095031,4.0,148.0,0.015349669337161309,0.11543139579022199,0.10328177851222087,9,5,999.0,1.573,тейк,0,0.5348999000000005,4.516666666666667,0,12.142403051493966,1.168443695994913
D,1777132895,2,31000.0,5600.0,5.6,0.0,27,21,29.252777777777776,352,0.24564183835182252,287,6.2,0.287356321839094,-0.7072020809624435,-1.9269369731031771,-4.2636570264127265,-9.545319905213267,-10.150790731886715,-8.447009443861486,-3.0324680479479227,-6.355412450168663,9.787884235124933,34.83828237112265,28.76871178578959,30.5160807778609,19.91731080352328,0.10818468241275922,0.06208561452858236,9.258875975380665,12.51938245803277,1.404894717675477,0.6666666666666666,6,0.9253903990746215,26.745435016111706,-20.371577574967404,12.684501845018437,0.3055555555555555,-5.769167475947623,2.742696921470566,40.796631873001566,50.95174092826691,0.04977859582476053,0.05089058524173249,0.3562340966921142,-1.867585764668156,77.856866045897,0.772604952674614,0.4635289273173352,0.9765252349112078,0.4531972559549607,2.168622189147644,0.4997295510693666,0.4916205773755149,5.877453457773483,0.8814459304882268,0.5699032393301559,4.617531202778999,0.05930795108111522,-1.6120905656637263,-0.01061046546824651,0.0028781251687457488,-9.860485797835029,-0.03698937429132798,-0.023018299699498312,-19.870505185175347,0.09110218584723162,-0.05884350143379369,-3.1875438293367364,-0.18160685240908991,-0.1072173881170545,0.73135711,0.77974475,1.485784,2.031543796709654,0.9138033636363635,0.9373705,2.3523716076362877,-0.05219325000000001,-0.2587308148148148,-0.15899437575757577,-0.01205625,-0.122488,-0.305264,4.0,238.0,-0.4237408236727913,-0.45003329525094005,-0.9204266780160286,16,5,999.0,0.012215,тейк,0,0.5927300999999994,9.6,1,20.12279983626688,-2.5218736999999996
HYPER,1777132895,1,3200000.0,89700.0,36.1,-0.01,27,5,4.083055555555555,50,1.7777777777777777,7,74.76635514018692,-0.8274519347773235,-2.779434569963024,-0.9660368187617618,-3.103079300915468,-3.584526203714644,9.927164823307265,24.808575803981636,56.655454108601646,58.252427184466036,66.41143440530885,71.03882476390349,65.59991872396627,62.64218718818599,33.33333333333333,0.6029431204753334,0.1073508357850165,11.709861977859571,19.873768472906384,0.7805320435308339,0.5333333333333333,46,-9.242761692650337,39.49514563106797,-9.242761692650337,68.09322470867278,0.799104441486143,4.881554758089046,3.0075387288141577,63.76820674017911,85.48777314161713,0.6560447867515068,0.3697383390216161,0.437997724687144,1.0251744009705854,395.24802879796005,4.932486592577137,0.49591886696632814,6.001873264699361,0.5011115162676822,5.579548576500483,0.49980351318684896,0.5001073521298235,211.91523776120627,1.1026659526117457,0.5135176126723738,15.929531509290001,0.040302621009231494,0.38676214270354503,0.03661771547800141,-0.021555813266867285,-7.023605086858121,0.05162298754567618,-0.01640318908513383,213.90109088216187,-0.16483403388835227,-0.1150302241888943,922.7571021472436,-0.3885260277952225,-0.49873018341689723,0.8803166,0.84401851,1.057161,1.2008872716929342,1.0114897272727272,1.0789680000000001,8.622062490497013,-1.7729475454545451,-4.823124617021278,-1.3315404029850746,-0.32483425,-1.6679599999999999,0.057284,4.0,238.0,-0.4237408236727913,-0.45003329525094005,-0.9204266780160286,16,5,999.0,0.163,тейк,0,0.5930000000000005,0.6166666666666667,0,5.6385153374233,2.633563088957056
MOVR,1777133124,1,508700.0,43600.0,11.7,-0.01,28,16,50.40361111111111,606,0.10381632653061225,287,8.785837651122625,1.180301180301191,4.62962962962965,8.039982616253806,7.993049522154649,9.27472527472528,11.37992831541219,9.563684442485677,9.082931110136027,5.160744500846048,13.309024612579767,-18.49180327868851,45.21028037383179,4.62962962962965,3.4184138559708366,0.44240192500263803,0.14621676579978277,1.5812391803111225,9.559471365638771,1.00974695215654,0.5333333333333333,1,-0.3207698476343279,13.72549019607845,-0.3207698476343279,14.193844740468542,0.9747634069400631,9.24809915279512,0.9884031887818386,78.20975812902891,66.1980373527509,1.971573673000568,0.5945945945945929,0.18918918918919161,0.6965607313887734,40.665787547739995,6.323493009851499,0.5239408550445701,2.1824274017320064,0.5169143483366937,1.140112260108354,0.49604350580676315,0.4995713031683074,0.276636293222554,0.8098358774103293,0.5129318973512623,5.22463904968,0.12847750811530415,6.594351046126357,0.002423138900223165,0.02321727790513206,7.756638206683664,-0.0031858419386256998,0.03183065811135166,2.272541050681487,-0.02799073139699637,0.03412823697811462,-15.239589883446724,-0.028727053001396108,0.06730399573391543,1.05226057,1.13231657,1.37701,1.3086207345011511,1.0995804545454546,1.0060499999999999,0.2376219190781702,-0.24690122222222224,-0.1349800975609756,-0.11767652100840335,-0.00558975,-0.12392100000000002,-2.083051,4.0,234.0,-0.4237408236727913,-0.45003329525094005,-0.9204266780160286,16,5,999.0,2.486,тейк,0,0.5413060000000005,11.433333333333334,0,13.24901649235719,1.0809646824617856
SAHARA,1777135556,2,887200.0,46100.0,19.2,0.0,27,11,4.07,50,1.886856656741812,2,42.24761904761905,-0.2629272567922891,0.04395604395603936,-0.21920210434021037,-0.8710801393728373,-1.938819474364506,-3.190131858783496,-8.29975825946817,-0.9573542210618013,3.926940639269394,5.127020785219405,6.206252916472232,3.5015916325602525,1.7889087656529412,14.642032332563515,0.8405062819309623,0.129257470048145,2.928648160059888,8.848531684698614,1.0567188800380456,0.7333333333333333,19,0.3970004411115946,15.041905602117334,-14.371708051166287,5.2728954671600325,0.22983870967741912,-6.074988408288895,1.0063621334046347,38.92301642724768,51.14429788100215,0.16997416714089433,0.2857142857142881,0.714285714285712,0.0,61.0708074741,0.7968146797966852,0.4347229788073532,1.142924146224884,0.459999154036565,2.940479740248046,0.47586615565041185,0.4963317659868013,13.546152220025064,1.1306558014134807,0.5442205832087247,8.943619519412941,0.14644672126213348,0.3844984700849263,0.004233413398824215,0.0016288275244624728,-4.2891668592875964,-0.029173456630919747,0.0035237681854760616,-18.035068287036893,-0.18239173256002772,-0.12573907318003985,22.541130229614748,0.2331135423390447,0.04024986921869722,0.79232755,0.84870404,1.250785,1.578621114462068,0.8399439999999999,0.9581485000000001,2.1729630819624064,-0.0035291250000000014,-0.4847883170731707,-0.645026511904762,-0.04226075,-0.16400199999999998,0.083344,4.0,194.0,-0.3791485069175593,-0.24536489966097141,-0.4391764443832269,16,5,999.0,0.02276,время,0,-0.003953030228470397,48.0,0,16.383743409490336,-0.003953030228470397
ORCA,1777146073,2,2500000.0,48600.0,51.7,-0.03,26,5,5.574166666666667,68,1.0,503,74.8502994011976,-1.1054421768707412,-1.3570822731128085,-1.4406779661016889,-0.3427592116538092,1.4834205933682565,0.17226528854434875,-7.990506329113922,19.896907216494842,22.93868921775899,23.855165069222583,26.550598476605014,23.591923485653577,27.661909989023048,34.61128860489884,0.5474109566144592,0.06222118869430324,3.3431568392905815,8.158508158508159,1.3300515274199467,0.6,61,2.466960352422909,15.94713656387665,-11.626139817629177,24.65166130760985,0.6005221932114881,-0.5634541482564259,2.155187342805972,53.95470598243052,66.7548849628324,0.3623304995816981,0.03999999999999573,0.1600000000000007,1.707941929974388,104.7173838769,1.3839582987669485,0.4899256529120614,1.4371086093757657,0.5428477168428033,2.7412664627474834,0.4932798039963056,0.4941830835110809,65.99970344829121,1.123466449990883,0.512093097709289,6.55545987235219,0.06260144810395978,-0.37589475414356865,0.00759885041153141,0.0004225237922992342,13.1978947429789,-0.10772287623623711,0.03163450856057848,3.3898041932798995,0.12141721491147939,0.04529012215455297,182.30168903118997,-0.12037707684393872,-0.34932237876514693,1.611389,1.61618799,1.28331,0.7963998761317099,1.3256445454545456,1.218921,-0.42422896042631625,-0.009506599999999999,-2.07615055,-1.1321653043478261,-0.27038625,-1.056545,0.055949000000000006,4.0,18.0,-0.0864331075031255,-0.5760579302601765,-0.40627652082844135,19,5,999.0,1.163,стоп,1,-2.058165399999998,6.216666666666667,1,20.45494926913154,-2.5586653999999993
SPK,1777175137,2,1900000.0,107500.0,18.0,0.0,28,7,73.0586111111111,878,0.0945273631840796,150,1.1176470588235294,0.0,-0.02725538293814056,-0.7844197998377211,-1.5037593984962516,-1.7148981779206873,-1.7675415104445702,-7.420494699646651,-6.021009479887274,-5.900461775269372,-11.635750421585167,-21.050365906155843,-30.06673021925643,63.89633601429847,-4.553119730185484,0.5719658730564456,0.1670046146632073,2.544930906936349,6.204102304380854,0.8180758154846364,0.7333333333333333,8,0.7138934651290452,11.037891268533762,-11.99616122840692,0.7138934651290452,0.049429657794676105,-6.321507363802981,0.6587362103158326,32.609381908710986,27.037498861733667,0.19983442144757552,0.014925373134322639,0.3880597014925336,-1.0787486515641986,48.74787822087,1.473026479643127,0.44770446860210134,1.254988066511752,0.47166005846785525,1.6745614369671558,0.4748705784813731,0.488484231033369,0.23698714434954096,1.2692071409097452,0.5778321433046893,14.03016246604,0.2878107310121528,0.4272637325435813,-0.027227565797413922,0.008277506562615056,-0.0968250706861351,0.02179908464238567,-0.012392235110702643,-7.55244958375727,0.007017692568065614,0.03440360334561565,-18.85817195205788,-0.008607701786431665,-0.028387759540324575,1.04213821,1.1234375,0.679087,0.6516285397500202,1.0639165454545456,1.332645,1.0177824915253835,-0.263669,-0.3070330425531915,-0.24212907692307695,-0.028943749999999997,-0.6453789999999999,-5.321688,4.0,14.0,-0.1815903286049414,-0.28171774331838817,-0.37073678461198023,3,6,999.0,0.03668,время,0,0.06130891842966101,48.0,0,7.228053435114501,0.06130891842966101
ENSO,1777177301,1,2300000.0,16700.0,135.9,0.01,26,5,14.078611111111112,170,3.258713516576934,387,6.431767337807607,0.13951491736425847,2.549730739641709,2.798281370496869,5.387395527445227,3.516751719547373,6.239325970625087,7.4752361207095275,3.9549910873440286,9.223926021303996,18.29361054766736,14.336478372748429,21.608236674051874,9.905771495877502,10.0659229208925,0.7284714466085154,0.11826439843143961,2.6558133114093274,6.336182336182339,0.9370259495471012,0.6,2,-0.4268487888165584,9.49988315026875,-0.4268487888165584,18.98750318796225,0.973839110529758,7.8747509434918594,1.0307037849548597,71.26081760652623,75.3543840892741,1.3821591561440043,0.31963470319634685,0.14611872146118612,1.307847082494984,42.191673870980004,2.6816860915656284,0.5048327357579239,1.4636880423100784,0.4971086916220314,1.073557350414453,0.48843447644553,0.4933917572042153,6.848313225125042,1.0250679233915543,0.5424733087065243,6.95909231146818,0.16493994366634354,2.415381511579673,0.0010367021874373439,0.011798168203682069,4.867604297745753,-0.007723278635817121,0.019330003048987576,8.518465993435754,0.02406714846088165,0.010216590574500639,29.775357386873825,0.132585412069274,-0.04049935764423762,1.16981132,1.303989,1.41082,1.2060235491651765,1.0523382727272728,0.9259360000000001,1.1395581164100013,-0.4424299090909091,-0.30719923404255317,-0.4391109148148148,-0.03043275,-1.1143319999999999,-0.39180000000000004,4.0,218.0,-0.07007608998648163,-0.10411076249846607,-0.2590359893861027,4,6,999.0,0.9331,стоп,1,-2.021999999999998,1.2166666666666666,1,20.5229878898296,-2.5224999999999973
SOMI,1777177889,2,975700.0,188600.0,5.2,-0.17,27,11,4.161666666666667,51,1.0558381127583596,0,,-0.04889975550121939,-0.3898635477582846,-1.683501683501687,-3.2196969696969724,-6.281522237505732,-11.706263498920089,-10.114335971855759,12.369433754810322,15.025323579065851,18.837209302325597,21.018354055654243,24.029126213592235,20.094007050528795,32.20930232558139,0.786539680934147,0.08447368391408949,3.9238006860966346,8.768898488120957,0.8017777701289872,0.6666666666666666,1,1.5399900645802322,26.626924987580725,-19.811690859160457,20.094007050528795,0.4037780401416765,-9.08148688615924,2.5411251684463587,45.33329342665949,61.529286521087585,0.3132767536781593,0.43835616438356273,0.1780821917808213,-1.3435700575815779,74.5697723929,3.016643727117211,0.48031632397099944,2.715871664911809,0.4712939100756374,5.081608857125591,0.48473193693218924,0.49172524083889035,42.30069197948211,1.233803008980515,0.5165516902862276,4.90538367458688,0.06578246811242695,-2.550543397915661,0.01378540117025362,0.01874807412262114,-8.831897137880384,0.013138844640905534,-0.05636416848254444,16.349768968368217,-0.23833401871991355,-0.13105690579651175,123.15638544630248,-0.4164071163897062,-0.42911650036112736,1.35829759,1.53896104,1.30261,0.9590019223990525,1.0062528181818182,0.966369,-1.6164945493073621,-0.25823118181818183,-0.43061417021276593,-0.15682737735849056,-0.04268,-0.16550700000000002,0.062738,4.0,208.0,0.05970226403391177,-0.0023246203120219633,-0.21431378992609051,4,6,999.0,0.2044,тейк,0,0.5929999999999994,2.35,0,0.6465508806262177,1.1242569974559686
MIRA,1777198313,2,35200.0,6500.0,5.4,0.0,27,20,4.090277777777778,50,0.9436997319034852,3,4.141176470588236,-0.05516328331861553,0.2212634140944969,-0.28618602091359246,-0.8102485492171185,-0.37391399978004003,-1.1457878655608877,-13.764873869585914,-0.8970572147467437,4.825271927794494,4.042724244860474,7.601852951656962,9.992714910150568,9.912642562484852,20.65005168255427,0.7027403452778587,0.17924732005993219,10.471955398325195,11.144720673031472,0.8194417689813115,0.6666666666666666,124,0.3989803834644867,19.405962540175103,-15.91795062186746,7.143701951507997,0.2604570935748169,-4.378357125755084,1.6781291314187818,42.18496577315845,52.555388591698765,0.2426063905191587,0.3623188405797125,0.2028985507246406,-0.32938076416336726,34.7843377659,0.6547935156979894,0.41026918094413073,0.6911282973444293,0.4764065370072662,2.4379118009132488,0.46243204409319216,0.47433553270819606,18.12557009760463,0.9947890825558734,0.6403898167914307,3.21288650886,0.0923658955499701,0.2991609077475088,-0.010714583931420885,0.012562817962684214,-1.3615041833986097,0.01153389119753867,0.0158913337094595,-15.154972192818516,0.08587218616054204,0.03619403783641095,62.22933288396468,-0.15868631569643954,-0.038177110656084534,2.31502423,2.38029925,1.307251,0.5646813467693165,0.9100556363636364,0.678219,1.1009888166359507,-0.041449142857142865,-1.5392374000000002,-1.0389778142857142,-0.312541,-1.464947,0.079644,4.0,108.0,-0.022054392286086077,0.02873659066011669,0.3853358653320038,10,6,999.0,0.09059,тейк,0,0.5521586000000005,22.266666666666666,0,1.300353239871943,0.4922812523236555
MASK,1777222281,2,3300000.0,652300.0,5.0,-0.04,19,1,4.995,61,1.5,42,5.19521410579345,0.13591573224600584,1.2366884232222652,-0.4055424129773555,-0.13554727211113615,0.44308111792774607,-0.5735492577597756,-7.978142076502726,5.950026963868416,9.86020503261884,15.659340659340648,15.02732240437159,13.455245428296458,22.996661101836402,25.68681318681316,0.8513426321874948,0.11842833500861795,4.564592443537246,6.495674609197155,0.7819137900359424,0.7333333333333333,10,1.515673441267662,14.622803995866352,-15.047564139521462,16.82854311199209,0.4484944532488118,-6.973209916810763,1.5502073363189266,45.39588379188883,57.79446402975574,0.2326112406340401,0.025316455696206712,0.19620253164556864,-2.0637583892617384,125.0780013086,1.0911865085088774,0.44889301950746663,1.2195960553769378,0.4964173712461439,2.0746892992041897,0.48761835567784456,0.49295440733238355,24.41676701439192,1.0236469885208035,0.5697824936969091,6.8122224933,0.05446379396879291,-2.667736948311672,0.004425988577565265,-0.004880218463176544,-4.984244113731895,0.009526871160774109,0.03922772537007435,-23.95596270280558,0.21002936672305927,0.06596448294989132,162.09061114020545,0.03727605349727803,-0.06968491947851185,1.44166138,1.54094031,1.362519,0.9451033501362158,0.9758608181818182,0.818648,3.002699434666729,-0.20291045454545456,-0.21808789189189187,-0.4617609235294117,-0.024329,-0.462495,-0.016125999999999995,4.0,188.0,-0.05807253041114624,0.07779204107831728,0.819377449015235,16,6,999.0,0.5894,тейк,0,0.5834380000000006,7.183333333333334,0,1.0319731930777065,1.0271218445877175
ORCA,1777232488,2,288700.0,5000.0,58.2,0.0,26,12,29.578333333333333,356,0.11548,503,8.6437125748503,-0.35945363048167644,-0.8583690987124526,-0.7874015748031593,-2.5316455696202556,0.14450867052022698,-3.0090972708187613,-10.522918011620408,-15.332926084300558,-12.444725205306383,19.072164948453608,47.76119402985075,50.81610446137104,54.34298440979954,33.07560137457044,0.6190878309590503,0.13182663825149663,5.01847459359564,6.925566343042067,0.6729559748427668,0.5333333333333333,113,0.9468317552804084,13.474144209759654,-22.91434927697442,26.229508196721298,0.4114285714285712,-10.491152953544214,2.665143807067878,35.11516711651798,47.85759841552291,0.2309985343920659,0.48387096774193733,0.225806451612906,-0.6410256410256387,1088.2898918124,0.14457988372083785,0.502060114047688,0.25958776532153865,0.5244548564321887,0.57969998433005,0.49901263491487197,0.5027705415280286,67.49675530205546,1.043775657845534,0.5532095606841849,17.80850355749062,0.016363749853297783,-0.1740931869454787,0.009928141831335058,0.007323144975799778,-2.0613151974920862,0.04333209440902919,0.016147374077861265,-28.082975823615076,0.287151833549921,-0.08024210373437302,174.50259915706363,-0.46671688290403845,-0.39098289525202246,0.88414955,0.92185008,0.797947,0.9025022972640772,1.1319113636363638,1.1853015,2.6687441442196147,-0.7201834545454544,-0.5764692765957448,-3.744837996428571,-0.062737,-7.024115,-0.9988760000000001,1.0,18.0,0.026107455214186004,0.12939096569217767,1.2181034572070981,19,6,999.0,1.386,тейк,0,0.5482901000000006,4.383333333333334,1,21.052263347763358,-2.7184006999999997
HYPER,1777275655,2,451300.0,65000.0,6.9,-0.02,22,12,43.73861111111111,526,0.25072222222222224,7,10.544392523364486,0.19784946236558465,-0.256893303647876,-0.9439578195424736,-0.9271072552521797,-1.7792393962391406,-3.5522066738428393,-8.470847084708478,-8.535531998429512,-6.883044208170119,-8.65746549560853,11.81722184890084,20.75471698113207,23.115949688193638,-0.20388958594729223,0.9607024900288823,0.1958559913309088,1.530706144908489,4.31580614507443,0.5205608152762607,0.7333333333333333,2,0.24096385542169418,10.748709122203092,-18.545454545454543,0.24096385542169418,0.010447761194029946,-7.410127768550145,0.9491940853963922,30.015981025680134,34.50991547670789,0.019698561642417074,0.4059405940594091,0.13861386138613835,-0.39128955427015777,95.16250606336999,0.5189068119824092,0.4113185319171925,0.4016511699276537,0.4360514252191865,0.5040578147061181,0.458777364111627,0.4945359840087782,0.8447211027036399,0.7439429259028446,0.5409705266446427,5.5399521075,0.05821570213599536,-1.0437546889635385,-0.03687854069237528,0.003312395782399946,-3.252586405988034,-0.0379456442066467,-0.005712042171039933,-14.286487983186657,-0.07830901873549834,-0.04375132936455772,-39.50187676012026,0.09735228933629259,0.060011303226717994,0.95798755,1.05104305,1.200378,1.2530204593994985,0.8064724545454545,0.67938,1.6865477372359299,-0.092857875,-0.1089774210526316,-0.290951098540146,-0.01966025,-0.6791769999999999,-3.2673970000000003,4.0,19.0,-0.037977730888516525,-1.9596058565952368,-0.39688546249855294,7,0,999.0,0.11648,время,0,-0.20230644615384583,48.0,0,12.260121909340672,-0.20230644615384583
SPELL,1777275655,1,824000.0,19100.0,43.1,2.73,22,8,16.66027777777778,201,44.30107526881721,0,,-1.955458989679526,4.395604395604402,5.125218404193355,5.80304806565064,7.504466944609889,7.761194029850738,8.27834433113377,8.604091456077011,8.734939759036141,9.129383313180162,8.604091456077011,9.860012172854526,9.92691839220463,0.7859733978234695,0.43721392631938233,0.11251446364952351,1.4693182349924783,7.372175980975038,0.8975758785595869,0.5333333333333333,1,-2.74784482758621,12.82674772036476,-2.74784482758621,9.92691839220463,0.7616822429906536,6.130150264509404,0.40056263113339596,78.81165578964875,83.5362035518877,1.7610100881210595,0.13114754098360562,0.49180327868852436,1.3317892298783995,6.1398757146945995,14.407396358731804,0.5178907504129292,8.89477951115062,0.5232798548101742,3.5543606059530313,0.5220210522066713,0.5077339233657211,5.83785296495659,1.183709732422932,0.48558490361269935,1.6298057844082001,0.2654460546339035,9.980618580806055,-0.05233312307726168,-0.05107114707725846,41.833906724852675,-0.059890524178592974,-0.07696779615801386,50.1417773152528,-0.09188578573629502,-0.2974356486304487,59.34736115809758,-0.13255443126129496,-0.33591944017460584,2.27655838,2.57232704,1.563923,0.6869681066558021,1.2846124545454545,0.872085,6.056981361197569,-1.3152753636363634,-0.72983996875,-0.21901781944444446,-0.0005725,-0.0016040000000000002,0.06926600000000001,8.0,19.0,-0.037977730888516525,-1.9596058565952368,-0.39688546249855294,7,0,999.0,0.0001805,время,0,0.008900372299167967,48.0,0,7.301939058171758,0.008900372299167967
LUMIA,1777299405,1,2100000.0,626900.0,3.3,-0.01,20,2,4.175833333333333,51,1.05,0,,0.6611845760640112,5.2640753006797825,8.647676161919037,11.270114236580287,14.563045402807639,15.189471007121046,10.800562656718249,18.25718015665796,21.803146430012088,30.68599870157973,26.727756015668724,36.63926389622141,62.00482875793616,17.947053307364925,0.00041987137168060425,0.10782706215284128,2.6429394043291143,17.053371684244144,1.3642697347395316,0.7333333333333333,5,-1.8474374255065484,21.818901795142565,-1.8474374255065484,31.91349934469201,0.9278154106689247,12.729472436325896,1.0650360142960253,73.34467631575825,74.93202050251381,1.3511112206428444,0.25937183383991813,0.02077001013171334,8.599092284417553,24.525044495026,10.637080076390193,0.5332475631371456,4.260609119359612,0.5309238961867349,3.525731071054122,0.5228453002294768,0.5078847113263023,6.362224876682802,1.1231986983104154,0.5413061475549349,8.02832432092962,0.32735207973049224,7.757844000244862,-0.05378514690412517,-0.03224129643890161,14.379367786292274,-0.06670271188845844,-0.039564275403986326,12.913637681225353,-0.12496392920913835,-0.03079313550980134,43.313985490520636,-0.3400307389702356,-0.3974147396763169,0.76976378,0.80224479,3.410732,4.430881380259279,1.175164090909091,1.1431035,1.1956449021841202,-0.09288233333333332,-0.13619773684210526,0.008181449275362317,-0.00041400000000000003,0.023344,0.09000000000000001,4.0,103.0,0.192370587644497,0.05181833494702914,-0.134886950361357,14,0,999.0,0.18117,тейк,0,0.5929999999999994,0.7833333333333333,0,14.525843130761174,-1.2376479549594315
ZBT,1777308659,1,1400000.0,345900.0,4.0,0.0,18,6,10.16638888888889,123,1.4323715981174545,616,3.202928391672386,-0.5034348943311118,4.190005491488202,5.464146748193444,6.57192607987418,10.810652961102662,10.045821008062173,10.090518742021604,10.707200373439152,-2.3721313162498703,-18.814719726144624,29.685577580314426,51.29984051036682,67.22192843292791,-26.255883611467688,0.09796516327217245,0.08411122073202086,4.140791190877269,11.148866365926535,1.1147573743739165,0.6666666666666666,2,-0.61288632792037,17.023233004352356,-31.252264656859186,16.30601360877828,0.2357111209570227,-13.842296834473656,2.2709015944086888,67.00781808395911,51.37550870622094,1.5581047136878445,0.21441441441441383,0.28108108108108215,1.553742855557405,723.68650812594,0.7247381462470576,0.5393339907482683,0.47545387495465274,0.5307043005976249,0.44481672841478453,0.5165216374300143,0.5109460341380048,8.987793335079923,0.7973952777468999,0.5571963405773226,17.27363792233464,0.02386895116652995,5.31986585996056,0.058138680435205536,0.006738647407649179,12.333618394807067,0.07666469784353991,0.019411820215567088,3.6372005496968063,0.1615429455049604,0.023148995443122322,-41.576600366909766,0.40779974115186035,0.07732394746392557,1.07437348,1.10720382,1.436758,1.3372984597497697,1.1032178181818182,1.1769425,0.3604572413655816,-0.07403244444444444,-0.071159125,-0.07143558282208588,-0.0015752499999999998,0.002335000000000001,0.08524,4.0,189.0,-0.5929590174044486,-1.4685045602014668,-1.7916742559703325,16,0,999.0,0.18973,тейк,0,0.5929999999999994,0.4166666666666667,0,19.950798503136035,0.04951119016497077
ORCA,1777320042,2,1100000.0,16100.000000000002,67.1,-0.05,15,6,13.165277777777778,159,2.509696554871093,755,3.810183581572567,0.13183915622940745,0.06587615283266679,-0.1971090670170872,4.255319148936154,-3.738910012674279,-5.885997521685271,-9.041916167664677,23.59641985353944,25.02057613168722,10.714285714285698,30.162810625535542,61.7678381256656,65.64885496183204,21.720116618075778,0.7955806701472341,0.0649069088158081,7.748749547837431,12.432432432432428,1.3917649192816972,0.6,40,5.412907702984038,30.881332408049957,-19.459172852598094,29.6075085324232,0.48599439775910364,2.194747587271717,2.691486288548766,49.59107671279703,56.280703660090886,0.2340021287028924,0.5918367346938812,0.2448979591836695,0.5301524188204176,538.4109232301,1.2082484360392185,0.5170453282103089,1.5182822355709211,0.4976354282171987,2.545850737980291,0.4966811584058393,0.502516170560624,3.126836871440367,0.8826417138414588,0.5153795089056671,17.8193499351,0.033096189483296505,-0.8883821760872879,-0.00243976576143623,0.00808422180278523,-2.6691401560836936,-0.014089436079828599,-0.00669276249238171,1.1361974762946092,0.05472788924850658,0.014948312633134675,2.0250647359408402,0.3133061032416433,-0.0052665092796271296,1.1449084,1.18699655,0.790459,0.6904124382352335,0.9987313636363635,1.014379,-0.1256589261862249,-2.4463098181818186,-6.176723936170213,-1.742669185964913,-0.312218,-5.026514,-8.149667999999998,1.0,59.0,0.06993034312747781,0.10995310057320129,-1.712262624531402,20,0,999.0,1.519,тейк,0,0.5930000000000005,0.65,0,15.307471362738667,-1.478744347267941
VANA,1777367763,2,779400.0,134100.0,5.8,-0.06,15,4,5.998888888888889,66,3.046911649726349,217,2.8717759764185704,0.13550135501354532,0.27137042062415073,-0.26990553306343035,-0.40431266846361336,-2.3778071334214057,-0.7387508394895992,-4.274611398963735,-1.5323117921385632,3.8650737877722996,3.5739313244568915,1.8607856650585841,-0.4713804713804781,1.7906336088154395,8.199018920812895,0.7974917267692342,0.08736922210814697,2.722548656602103,6.134969325153361,1.4352110057631484,0.6,13,0.5442176870748217,11.360544217687085,-9.712889431887605,5.798138869004998,0.33749999999999986,-3.656220637779317,0.6798285624547867,40.59893643293274,52.16090246079611,0.14198122919073736,0.0,0.4615384615384576,-0.47201618341200513,23.311563054839997,0.7997747193039075,0.3814611601459806,0.763865603785967,0.32319822996336517,3.061899739102239,0.46860472368607514,0.49242546761945516,5.913828979530422,0.6521897082724821,0.5180805225013861,3.46115287152,0.14847365075339244,-0.1582476083377804,0.0034702938731585586,0.00405133027164406,-4.042554001856269,0.043978768074039776,-0.011745383993570502,-4.803753822314771,0.056446298085103264,-0.07243879557681632,33.26666456992056,0.02803281737432095,-0.2387147578902189,1.26724674,1.33846154,1.69567,1.3380740675647742,0.5880546363636364,0.9170375000000001,1.1237872578263635,-0.1662868181818182,-0.2289765294117647,-0.11134989570552149,-0.01082525,-0.045248000000000003,0.05040800000000001,4.0,163.0,-0.010156593843002604,-0.16641184852361768,-1.3113995630381625,9,1,999.0,1.478,время,0,-0.21815519580514062,48.0,0,3.262204330175922,-0.21815519580514062
BIO,1777398073,1,780700.0,209100.0,3.7,0.0,18,7,4.005277777777778,49,0.9463030303030303,896,0.8415436024576911,0.23446658851113966,1.9374068554396384,4.014598540145986,3.6363636363636376,4.523227383863082,4.268292682926833,11.618798955613574,10.28700419219608,22.01212986086336,21.405750798722046,18.5031185031185,14.64968152866244,11.947626841243864,8.76819311324104,0.639268040824559,0.12112074131723548,3.427876205649749,5.859626529298123,0.5043229125216139,0.6666666666666666,2,-0.14598540145985828,12.479474548440074,-0.14598540145985828,23.82331643736424,0.9924585218702864,10.045047322257904,1.257233143806535,68.03031352493554,71.00841469351987,1.0445370885750287,0.02500000000000759,0.7374999999999984,-0.5752346351801219,70.13416925015,3.046093496639843,0.5657764361812067,1.92898110784239,0.5192105117130142,2.203404135161828,0.4983087807598103,0.4957239358905737,1.445366104370921,1.0995664366232907,0.5271187231820772,14.55815364996146,0.2075757623653655,2.9374436372709756,-0.014767300772227987,-0.016554903189955783,2.5406532500405365,-0.005082923721451693,-0.03325045585851094,13.818375162394748,-0.010124103658894712,-0.049184136036915294,58.56286505984283,0.048369020531281004,0.06877257908185763,0.75108069,0.83215276,0.994619,1.3242505275964425,1.0590742727272726,1.3350330000000001,1.1893118398195932,-0.11013057142857145,-0.24564202499999999,-0.1676517171717172,-0.024518750000000002,-0.21350700000000003,-0.21220100000000006,4.0,138.0,0.17148117855774192,-0.13550402376049098,-0.9591957652665961,17,1,999.0,0.0342,тейк,0,0.5753651000000016,17.083333333333332,1,20.175438596491226,-2.5498058999999995
API3,1777455695,2,782200.0,19900.0,39.4,-0.2,15,2,7.836111111111111,95,2.680603152844414,479,1.1037110201777902,0.0,-0.35431997819570515,-0.8407919717927981,-0.7869742198100438,-2.350427350427353,-9.594460929772508,-8.531398548911683,-12.535885167464112,1.4991671293725695,1.6685205784204626,10.02106530243756,4.636519748139656,13.894080996884718,11.151279199110121,0.7590699937487474,0.13839478533054328,3.488878443593346,7.726931732933229,0.9155382317389433,0.6666666666666666,2,0.21929824561401912,13.569078947368407,-13.446969696969703,5.909617612977969,0.26424870466321215,-4.957690942624127,1.4288719086753519,33.830814186755674,48.49165346042846,0.010325566773988581,0.22857142857143492,0.2857142857142857,-0.46070460704606964,85.46341747409001,0.7461334937621974,0.357607703138082,0.903064936813677,0.40042626798350733,1.6315732723790743,0.46008191399841075,0.48945814097548646,1.572926540073206,0.9714793316671256,0.5307033293419015,6.30629213590528,0.07378937470897606,-1.3860886308799447,3.2674115856057284e-05,0.01210708222047252,-6.940042256806267,0.021814856928305426,-0.01035975736340633,-20.890223954501685,0.0930016076630309,-0.058283384433034824,6.64041163830591,0.41242424452357285,-0.18446039615907506,1.27016003,1.31528822,1.5207,1.1972507117862936,0.7388036363636363,0.6893670000000001,2.44862830340596,-0.29506690909090905,-1.0293871063829787,-0.6719926654929577,-0.18461075,-1.722976,-1.381498,4.0,138.0,0.032571768192823924,-0.19537369589029963,0.44223630324848884,9,2,999.0,0.3656,время,0,-0.5239004984682715,48.0,0,10.804157549234139,-0.5239004984682715
SOLV,1777503404,1,903300.0,43300.0,20.9,0.02,7,0,13.737777777777778,166,2.269597989949749,180,1.5207070707070707,0.8417830495504042,2.309782608695632,7.13414634146341,7.857581338244324,7.769372316499679,7.879656160458448,10.225846925972393,9.949937421777232,8.568486096807405,30.405739732805536,31.086794329768708,28.81231671554252,40.37283621837548,18.307768431469572,0.3584542353590995,0.18098936579790842,1.1575160243661564,8.05658056580565,0.8248976519615937,0.5333333333333333,4,-0.17045454545455696,11.041009463722396,-0.17045454545455696,31.709145427286334,0.992957746478873,10.557695384738386,1.448779938526578,75.27600331676166,78.56797467769165,2.898670311229998,0.20833333333333684,0.0,1.1692307692307669,46.268052812153,5.13455356406924,0.5662588363105403,1.66291176966943,0.5498942067213017,0.969862319916114,0.5232788139295447,0.4936770917576056,13.178515492699505,1.0381989533802667,0.5785441681737887,3.8725780529564697,0.08369874713939288,12.491709045723521,0.02734694203769439,0.015365176199242159,15.513444485961681,0.012053404131846301,0.02670380595889177,16.933141960857114,0.021136377782605686,0.027514129570035406,93.71425241907374,-0.25310111506117217,-0.5211151774736533,1.23271075,1.39645844,1.463325,1.1870789639824264,1.1998551818181822,1.3769529999999999,1.6559158457427148,-0.11090640000000002,-0.17084046511627904,-0.4546361445783133,-0.013238,-0.666324,0.09000000000000001,4.0,63.0,0.04097550692367946,0.9762487366349326,-0.4226752207143525,22,2,999.0,0.005271,тейк,0,0.5740285000000005,3.183333333333333,0,2.181749193701399,1.0579893146651487
ENSO,1777535229,1,6100.0,2000.0,3.1,0.04,8,5,5.016944444444444,61,1.0,1133,0.011149698409797112,1.4413317092976108,2.481542247744062,3.425437234813189,3.4468481523651784,3.639946074872946,7.949881183841012,8.784151518449978,12.191288729232141,14.531285812514305,11.58999553372042,4.34328669868449,14.24325560128028,30.606377417668583,2.57927646270657,0.8710869292434862,0.13939683830981855,1.6158531649705432,4.9128700398908265,0.586048831019837,0.7333333333333333,1,-0.30922693266832724,11.240568131380368,-0.30922693266832724,15.980039456887528,0.9779829545454546,9.076013086030677,0.6056981227579006,80.69537705122409,81.75250660110407,1.2262700615836568,0.0057471264367809855,0.3505747126436784,1.1583410900817048,19.76506168442,5.636130587021183,0.47601030336617134,4.353374758713026,0.49381476409484465,3.0100311878832273,0.4995389959529723,0.5011109474374831,0.32510719950173134,1.1631576996465272,0.5897582401707958,7.91256532525848,0.40033091986227576,1.8799005741944708,-0.0006780139340076818,-0.02344510294419755,3.158962420682365,0.0015823589865300303,-0.03918846426345812,10.39768747346288,-0.04731428424805317,-0.00010772254166957485,10.320116374550192,-0.03545867699592076,0.05959893033691932,1.15395735,1.33418694,1.373752,1.1904703410399007,0.9940068181818184,0.9282524999999999,1.1836871724746414,-0.41028172727272727,-0.3986661063829788,-0.16409444921875,-0.00821825,-0.147333,-3.797919000000001,4.0,12.0,0.4424778761061843,0.17902991867904117,-1.342376786624755,7,3,999.0,0.9994,тейк,0,0.5731768000000005,4.0,0,9.286237742645586,0.013202479247548091
MEGA,1777573589,2,1300000.0,1300.0,1040.5,-0.16,8,1,4.013888888888889,49,1.0,0,,0.19561551433391333,-0.5157055789967169,-2.7179252079376437,-5.448758752387006,-6.549229317395411,-4.000517029664574,-11.981512206684041,-14.671415441176471,-23.6141108711303,-12.8950917727086,-12.582391713747631,-16.550561797752806,-12.59782288908502,-1.0379405383217022,0.7147282407427847,0.14433130582527318,3.440334096112463,7.011377851909217,0.597974937222891,0.6666666666666666,12,0.5006765899864707,16.481732070365386,-30.426229508196723,0.5006765899864707,0.01126331811263346,-15.323624777032641,2.471669041598341,27.665430710712855,32.32309252117793,-0.083420266054721,0.06344410876132972,0.0845921450151063,-3.587786259541992,264.62766215692,1.8708603868069715,0.46470344384304124,1.0172257944092666,0.4768658418488186,1.1691987113505518,0.48110992874793623,0.48885753136105803,62.87203222316315,1.1891766120157503,0.5936409733770881,13.553868847303741,0.051218639566359886,-2.6424371555041737,-0.04620761187411071,0.011674274887784053,-5.364145840166112,-0.0876848843967627,0.03957680557987353,-5.872424023560074,-0.2939340608747455,0.02521509761701335,272.6134668532473,-0.38691792526022073,-0.12822364326475522,1.1172572,1.19161106,0.795611,0.7121108729485027,0.9695849999999999,0.905868,0.49012377755489556,0.07942119999999998,0.12054161904761905,-0.42563230864197527,0.00125,-0.44045600000000007,0.09000000000000001,4.0,93.0,0.06747292878457323,-0.11412892506537098,1.4414433596063425,18,3,999.0,0.14854,тейк,0,0.5938230000000005,43.86666666666667,0,16.343530362192006,0.848569387289619
LUMIA,1777616186,1,2500000.0,585700.0,4.2,-0.0,8,0,5.248333333333333,64,1.25,117,1.1904761904761905,0.33571821684095227,0.330196466897803,0.7961519323270938,-0.36616023609137294,5.957224224107871,4.595524956970731,18.306294613887086,22.06896551724138,23.20740690680545,10.143789270178827,8.744407992842241,9.686541122676129,35.57670855952999,-6.899468342194304,0.25418431580724876,0.12486330244068443,8.658047340931807,21.87234598549681,1.2223851041551237,0.6,161,-2.980150071842902,23.44632768361583,-2.980150071842902,29.711846318036272,0.8817567567567568,13.151627255977072,1.9018712215980658,64.1382230633788,63.370764982726556,0.7528337917608662,0.5303430079155682,0.25593667546174004,0.4474643685780544,29.809147976265002,1.0793747869802572,0.4693580171300606,1.3189421482978674,0.5001475682528895,2.6036008686243055,0.507255991262141,0.4975348279449646,1.4943493836640347,0.792066133798806,0.5469562261313992,8.164095603601801,0.2738788646392146,0.35488169977129225,0.004651923842751815,-0.0022878024193548896,4.016414305737492,0.03046001342264959,-0.021154264577893933,13.895891521131908,0.07885915989837566,-0.018071170036269235,12.212853464552298,-0.1898963616757784,0.13016735599003337,0.66624285,0.67920473,3.958922,5.9421605800347415,1.0041591818181816,0.9687494999999999,0.7590772362305661,0.13321,0.10110124999999999,-0.013926909090909094,0.00125,0.030000000000000002,0.08334400000000002,4.0,103.0,0.004669454503947179,0.6138588020357494,2.0344586180291557,6,4,999.0,0.18231,тейк,0,0.5930000000000016,0.7833333333333333,0,1.3687236026548089,0.8445546596456595
NFP,1777648319,1,263100.0,19900.0,13.2,-0.15,7,2,4.085277777777778,50,3.457293035479632,205,0.5688648648648649,0.6834910620399759,-1.2886597938144395,0.8425487098472795,-2.196118488253318,-2.4452368823229764,9.742120343839545,15.01501501501501,31.254283755997257,44.96593489780469,55.4383116883117,18.13695249845775,20.89646464646464,21.74189446916719,35.14610389610391,0.7000459909679537,0.0735299671480145,8.780873169053649,15.3448275862069,1.1642801917426935,0.7333333333333333,25,-7.3984526112185645,29.655172413793117,-7.3984526112185645,58.526490066225165,0.8220930232558139,13.26383462259042,2.1036487258842116,69.59648930077412,81.55810808218902,0.817021235655353,0.493392070484581,0.23788546255506696,-3.1186094069529657,91.84619568361899,3.3590127209160827,0.49097201572610294,4.488184885551063,0.4979499103276868,4.2470384970309745,0.5034448194581255,0.4998293410839956,21.229879811781746,1.0409004731505767,0.5256143448988925,4.5197509911900005,0.049209996751080565,1.6285960747057349,-0.01332921233371298,-0.002047158756698475,-1.822333968628409,-0.023178111344868246,-0.04482432715189044,46.36915277394984,-0.18085414874270966,-0.004662863942674567,132.99032935970195,-0.5731128928229463,-0.15594030898491273,1.14563319,1.08517824,1.077335,0.9403838937312909,1.0487414545454545,1.01922,3.0881855747450606,-0.12130788888888887,-0.5626746444444445,-0.34231300564971756,-0.08140075,-0.380258,0.044346,4.0,48.0,-0.4808663727756568,1.3511257439927427,2.6973615190935663,15,4,999.0,0.01915,тейк,0,0.5759266000000005,2.6,0,8.075665796344644,2.6144115355091384
MANTRA,1777705648,1,6600000.0,471000.0,14.1,1.18,12,0,15.778888888888888,190,1.4666666666666666,21,8.036040423718495,-0.537634408602139,1.3698630136986356,2.6827012025901986,2.304147465437789,2.6827012025901986,6.833493743984609,9.251968503937015,9.144542772861364,9.251968503937015,13.963039014373724,9.037328094302556,1.3698630136986356,7.246376811594213,4.312114989733051,0.873268207435885,0.15624994796354535,2.040887163120697,5.135658914728691,0.5550882401451432,0.6666666666666666,2,-0.6266786034019645,10.37549407114624,-0.6266786034019645,15.384615384615397,0.95483870967742,6.71939266396544,0.7671758726084565,81.29957788099429,78.8848234745863,1.1845782471237845,0.15000000000000216,0.7500000000000022,-0.1846722068328588,20.513358046209998,3.550788728636144,0.5038727033611369,3.30163780543348,0.5000764097993474,2.6071195997040078,0.5234487520166069,0.5059055560675197,3.355420663944052,0.9954524984250497,0.5040715531660916,4.14352231816448,0.20199141987530547,5.9095577591705695,-0.002697784784284063,0.013898889398005654,6.276346568881874,0.03493184334642496,0.043381416817418694,46.672456938752795,0.08366163115464498,0.1381600056824721,56.563356748407024,0.17166840358480728,0.2603485297109147,1.27009804,1.41436926,1.39404,1.097584561267412,1.060745090909091,1.1122109999999998,5.044597473380086,-0.8421803636363636,-0.5449414680851064,-0.1989281924882629,-0.00273975,-0.078158,0.018165,4.0,52.0,0.17699001791655622,-0.052222188173522976,1.7210303831254992,7,5,58.96388888888889,0.0111,тейк,0,0.5501991999999994,5.666666666666667,0,2.3476576576576536,0.7635478198198203
KNC,1777717871,2,2300000.0,64000.0,35.2,-0.0,13,1,6.4880555555555555,79,4.1277817659727205,5,29.525032092426187,-0.3095975232198178,-1.7693715680292765,-2.068126520681257,-3.0704394942805524,-3.2451923076923017,-6.666666666666654,-9.39786156443444,-9.39786156443444,16.582186821144095,17.17612809315867,16.245487364620924,13.220815752461323,11.418685121107286,29.330422125181954,0.826229370274748,0.1711592778097516,2.0024226191424743,4.069119286510592,0.42157968421871367,0.6666666666666666,1,0.4993757802746579,12.671660424469412,-11.684037301151939,17.34693877551021,0.527716186252772,-3.7055761771517814,1.29500677449949,40.63352904551278,63.7087042355141,-0.11258504920069366,0.34285714285713653,0.2000000000000016,-0.9744214372716331,77.74569541609999,2.057058949253175,0.3943046411219634,1.3056997159559556,0.4341358336581372,2.0977742899811513,0.48343903481200107,0.49337825145180464,58.18445202940927,1.0861047637269994,0.6035493164858938,4.08945309696791,0.05260037967479604,-2.4298698557474907,0.0177106502810207,0.01780866257702929,-7.657896991368329,0.03144249061816784,0.010999221593548825,-18.12913754527208,-0.023012113096511966,0.042411264835456874,181.88511816052602,-0.30121713933596084,-0.2658307602250334,1.37822671,1.51584022,1.314392,0.9536834473335667,0.884907,0.673537,1.9290705040687717,-0.5821442727272726,-0.727882425531915,-0.6672200921658986,-0.17172712499999998,-1.390213,0.001633000000000003,8.0,328.0,-0.07269883899060359,0.14250978554390947,1.1574532149106975,10,5,999.0,0.161,стоп,1,-2.021999999999998,5.333333333333333,1,20.17630434782609,0.06805408819875693
AXL,1777731153,1,254500.0,17400.0,14.6,0.0,13,4,23.60388888888889,284,1.1948356807511737,124,7.8307692307692305,0.12291723572794844,0.9084652443220875,2.5314685314685503,3.0213603147835943,5.908696908407962,8.382613837965703,8.89780154486035,9.67983243566728,9.95950202489877,9.124739505805302,23.897245225621088,18.127618433773772,29.294532627865966,0.20839535576064883,0.7225424921850306,0.2683581647759028,1.4842310773493406,5.787270890460383,0.6587908535610225,0.8,1,-0.13622122326658603,9.501789976133646,-0.13622122326658603,12.628667998156406,0.9879807692307689,6.9896738201693065,0.7120522977233754,85.70883294264209,74.06790646126413,1.4285978889932691,0.2653061224489773,0.7040816326530611,-0.04182350480970154,27.158137860173003,2.1021129679831567,0.49182566471450007,2.223580000360132,0.5227961536590328,0.8799428019593154,0.5288409587631264,0.4997022001168068,2.14259421295176,1.0019331763437374,0.6105238941695705,4.60794884761014,0.1696710161548899,2.9870642705759565,0.006709011908884843,0.00435007043285518,7.381941341277831,0.016123297316073426,0.05566074718046754,10.553456909468117,0.029375218736269026,0.04825531686218154,14.1785015654192,0.010051569441986707,-0.04395881284374725,1.29256466,1.35141903,1.521508,1.1771233169874844,1.1284829090909092,0.90713,1.186074656336219,-0.12930519999999998,-0.09120159375000002,-0.17031746120689653,-0.00215175,-0.24582899999999996,-0.8137640000000002,4.0,107.0,0.2076252051626204,0.10185004146843202,-0.4565943122047833,14,5,999.0,0.07331,стоп,1,-2.093417099999998,42.483333333333334,1,20.190465148001625,-2.2169030502796327
ORDI,1777752094,2,4000000.0,701500.0,5.7,-0.03,10,0,4.681666666666667,57,1.0810810810810811,0,,0.3865073787772344,0.05253020486779558,0.07005253940455258,0.6340260655160357,-1.5167183729748235,1.0433244916003614,-1.3637148282409806,17.790146361574944,24.732591137306258,27.17560649899844,30.307867730900817,35.30665403741418,22.776106574989274,28.933897173380817,0.6386445652412496,0.01807376710852385,6.51071495876594,7.768268597761674,3.600530842137174,0.4666666666666667,115,3.402099167571482,16.666666666666675,-11.369629284938721,28.49111760737577,0.6335000000000002,2.93564065392935,1.4557849538296523,55.6535377438623,74.88980889421236,0.36072400754884487,0.2,0.2,-0.681103737338451,263.4851225148,0.4977595694004817,0.42946261625309107,1.0968445324762754,0.48136299886211886,3.401422244912742,0.483007404311277,0.4905726549324981,6.613007224235328,0.9447790246989798,0.48629417592509455,21.78675940430984,0.08268686746473161,-0.1508195756710684,0.002406286092066612,-0.00010510792673024127,-1.280793444567796,-0.009062968059806997,0.017264296884468067,-6.139888592292165,0.037817881093021866,0.0027668481632179276,62.06891948139206,0.29910588874001864,-0.1460749586950857,1.22209875,1.30618201,1.56965,1.2843888433729271,0.9982872727272727,0.7608175,4.50232590065171,-0.038767833333333335,-0.08055390625,-0.05772673478260871,0.00125,0.004268000000000003,0.05013600000000001,4.0,238.0,0.014917361641475502,-0.007648203054688718,0.16203399266314644,20,5,999.0,5.714,тейк,0,0.5928966000000017,4.033333333333333,0,2.235564403220147,1.0245844150857548
PARTI,1777808472,1,173100.0,38800.0,4.5,-0.01,15,5,4.003333333333333,49,1.3015037593984962,0,,-0.021593608291936572,-0.7502679528402889,0.56472632493485,1.0696354507749417,0.9594417793284071,-5.413687436159343,10.080836899667144,15.375031148766505,13.787171295158519,15.059642147117302,14.236368122378495,13.480392156862742,10.18562589243217,4.522862823061646,0.36641180508977705,0.06521419758628443,3.9444301751194732,8.673469387755084,0.8648805493761472,0.6,123,-7.1958308278212035,19.668985368193816,-7.1958308278212035,16.156547917711993,0.6420737786640083,1.524413754783005,0.9916204946114724,63.45951312277336,80.53188922641044,0.6437165187731473,0.385321100917428,0.550458715596333,0.15214083894805608,21.385546416590003,3.0399502781695222,0.4960590499682038,2.512238265923473,0.48202859021769334,5.425783805171619,0.49450279670785513,0.49559739159566374,4.136127561883848,0.8931694701507675,0.5420907175191697,6.8808925970778,0.3217543504869202,-0.1131936392091637,-0.005499463030863794,0.0030714348685785264,0.3993478210813972,0.04136320431501295,-0.004731422644598027,55.79048871696695,0.10957003702880375,0.13570855638802892,75.52281418132998,0.036552308488251306,0.2912383878341791,0.80305441,1.13511749,1.911477,2.380258393699625,0.9136385454545455,0.9898665,5.534311215650069,-0.0583398,-0.07062152,-0.0469512,0.00125,0.030000000000000002,0.08749200000000001,4.0,18.0,0.10843690120505567,0.1343689825856309,0.3844131654793248,11,6,999.0,0.0463,стоп,1,-2.030813299999998,12.733333333333333,1,20.79684665226782,-0.8500864140388767
TST,1777812097,1,5200.0,236.3,22.0,0.0,16,14,4.091111111111111,49,1.0,0,,-0.6404098623118859,-1.435741058382578,-0.913271171286234,1.671035386631714,0.18079679731386467,-4.417200591424352,17.78773155177649,43.19335486848177,32.18880463491522,46.29891560584629,44.60807158169446,44.37930392704261,38.10753071034361,24.20556341348421,0.07411493419704132,0.054370801179727715,9.409732337911603,15.179426718738487,1.059670781893005,0.5333333333333333,195,-11.342857142857154,33.64899954177487,-11.342857142857154,47.117390479802765,0.7145527753810754,3.994869953864,2.689764296370849,61.062238306966,84.4407046404259,0.6217065228159924,0.28072837632777037,0.048558421851290896,2.9192259428042933,85.74346596554099,3.6501011529067284,0.49110225859700585,3.7874949365666337,0.4970619602496561,5.177135204155347,0.49632126301898954,0.4956395134244078,42.4824778030347,0.9987210499139686,0.5325068920970506,7.5112461576774,0.08760138248547192,1.7066696343701837,0.011873912453723046,-0.02038770547922919,3.6990395580254853,0.037104698154720506,-0.024932160891335542,66.81578971885651,-0.3534445128839112,-0.24099348068988502,218.80522733952654,-0.4386218175148766,-0.4833040564413532,1.25801977,1.30876033,1.655438,1.315907777824509,1.0091863636363638,1.032029,3.7562850284967064,-0.07927459999999999,-0.14980453846153846,-0.05059285616438356,-0.004367,-0.034718,0.09000000000000001,4.0,198.0,0.34088765871984616,0.46392048535577324,0.6790865384615374,12,6,999.0,0.015515,тейк,0,0.5930000000000005,3.0166666666666666,1,21.896873992910095,-2.5232002999999974
D,1777826438,1,6900.0,34.7,199.3,0.0,14,13,8.751666666666667,105,1.0,0,,0.8634064080944359,9.153952843273228,10.232215259859935,9.948529411764717,11.034380337120364,14.74063842848372,13.615986627155973,13.314640800242493,16.692679881379725,18.009628285060366,16.23008161678974,17.462686567164166,-2.656077078315211,3.867098098019106,0.6440220135748632,0.2318332597200709,1.786508420750188,11.186314615098558,0.8299665973150545,0.6,1,-1.1306532663316604,20.031746031746025,-1.1306532663316604,25.182084554206764,0.9462094998427175,12.439079017205113,0.9817420507568848,83.50236406684219,77.77745529464045,2.3857497769671734,0.32275132275131524,0.1798941798941855,0.6957294056694652,9.439677854903001,14.63407690693524,0.4926067990538068,5.021647274616142,0.4982120354018644,2.0566702930234153,0.499934262321948,0.47955112784497833,0.4612910061580949,1.4428297780628685,0.7099867067308546,3.3605968346279997,0.35600757634779817,10.543518962222409,-0.016706282501991798,0.05735234948165013,10.855009681578975,-0.0046006258262965005,0.061254387434645174,15.764083383981653,-0.07757910370399723,0.0327427135251217,31.499780034938563,0.00038712003162588715,0.18035364021014844,0.79528082,0.98535032,1.48215,1.8636813094524272,1.0303277272727274,0.8808659999999999,1.1577628427264666,-0.086827,-0.06971566666666666,-0.10202301142857144,-0.000639,-0.014760999999999998,-0.183968,4.0,199.0,-0.1411144869072012,-0.1521480433482214,0.1923067120012778,16,6,999.0,0.014953,тейк,0,0.5930000000000005,0.36666666666666664,0,5.134220557747615,2.0302832609175403
TST,1777907746,2,239500.0,45000.0,5.3,0.4,15,6,10.82638888888889,131,1.2611901000526593,63,46.05769230769231,0.9717458762044773,1.9163404079950652,-9.938453694599225,-12.039836386270686,-17.285437152986827,-12.537577365163576,-5.930236981246917,7.172264355362956,49.588676506169826,54.43701992131393,128.26287613069965,129.57668028221315,133.56630147336608,64.17285955161431,0.13258393892907358,0.022660880349993116,14.400614412608048,21.225452690640147,3.829797221872149,0.3333333333333333,5,2.8017958097771745,44.66245427336213,-28.936781609195407,83.70227306492349,0.5280719842534446,9.373531490423392,3.6065225308493662,44.68975846034765,63.13119879202232,0.14386177857220714,0.15223722531109327,0.11543553084458538,-10.147479639005063,483.23593676735,3.9484713392417827,0.48868576096453753,3.3107715492413865,0.49367171904059426,2.77227429725314,0.5066120742374848,0.508102876533918,25.854612191947155,1.1057701152757047,0.5192360547992826,14.39923763154944,0.029797530638707107,-14.302849112012295,-0.01939603609955154,0.035956609533794204,-28.45767913565872,-0.03772086712755518,0.05801012281214368,-12.018972218398305,-0.0919232185660106,0.07548805819140614,69.9396879893165,-0.44635331939131073,-0.30426668650018907,0.63557943,0.63382712,1.122517,1.7661317327403123,1.0268003636363636,0.959068,2.026727136943378,-0.21550650000000002,-0.12192521212121211,-0.10394195698924732,0.00076025,-0.004672999999999999,0.025282000000000006,4.0,44.0,1.4514606471069058,1.3492387984318954,1.7276910840569037,15,0,999.0,0.02473,тейк,0,0.5930000000000005,0.2833333333333333,1,20.63372422159322,-2.5247662999999996
NOT,1777960051,2,1100000.0,178000.0,6.4,0.03,16,0,5.340277777777778,65,3.895184135977337,1,0.7333333333333333,-0.7620660457239636,-2.4349635796045765,-1.9246861924686165,-2.637590861889927,-3.875333196637276,-11.379962192816627,-4.326530612244895,3.877686682916015,10.722720831365141,13.620940378090163,20.82474226804123,23.4333859926277,17.082917082917092,18.7590887057683,0.1380152554737758,0.0316434111026225,5.747930081856367,7.75471698113207,1.8509185457892297,0.6,1,1.143473570658049,17.95037756202804,-14.249131150539595,16.0108883939619,0.45371669004207577,-2.5088869596287533,1.3625361813628722,42.60398126396712,57.86070795692113,-0.029430618005550985,0.3052631578947381,0.547368421052627,0.292580982236168,45.7823667004498,2.4303672340747475,0.4117875334449879,2.177721484525606,0.44299899844197665,3.891745702209268,0.4790982429761944,0.4909237305999206,5.002691310935664,1.014890250464626,0.5583625153972662,4.250703263517869,0.09284586118777707,2.7610690086947276,-0.03457197708306481,0.023490937870993323,-2.4908689025021746,-0.06110097462554798,0.022980540615113787,9.187797629260587,0.1644246586004925,0.05964517583881368,110.94685456780144,0.26415597859881546,0.04756664767863161,1.94569536,2.14339339,1.616476,0.8307960399309376,0.9729326363636361,1.1899395,-2.1235947350649487,-0.11463022222222223,-0.19062877499999997,-0.12364986666666666,-0.01613475,-0.039539000000000005,0.050575,4.0,132.0,0.3328815625488035,0.9827942428856096,1.175937076810074,5,1,999.0,0.0004688,стоп,1,-2.039686799999998,19.516666666666666,1,20.17064846416381,-2.540186799999997
STEEM,1777960302,1,235700.0,58400.0,4.0,-0.08,17,8,4.3372222222222225,53,1.310901001112347,0,,-0.08116883116883189,1.5174006267524298,1.467194197164523,3.794266441821259,8.66878531073445,8.267370272647323,8.17223198594026,9.402772840383932,8.61125816128463,8.458149779735692,9.734355500089142,9.656155353643324,7.454608938547502,0.2643171806167244,0.2960297903511113,0.24405694394587685,4.49167033754776,8.689509007417872,1.0608286854764015,0.5333333333333333,2,-0.9335264767423079,9.789715497437701,-0.9335264767423079,10.880922356332201,0.9123867069486409,4.268105359745733,0.5604721849027068,90.16681684600134,84.37777893688228,1.4644722910653858,0.6503067484662584,0.12883435582822148,0.5977087829984962,4.79221860756,18.423217073962462,0.5139293393613056,16.04586316114488,0.5321649774151442,4.340438454853936,0.5277548140586935,0.5213527559132161,6.218616855292773,1.240026997324652,0.4764980229436446,1.36573689177307,0.28499052393364144,4.47137430667921,-0.022908972011351447,-0.005927751634566603,16.393837844921254,-0.0926740688372093,-0.12869948258522113,16.064884349082753,-0.11422589060342025,-0.11991528963592912,18.088448615116715,-0.10380446940876364,-0.11662316078282076,1.82882883,1.86535764,1.053479,0.5760402410104176,1.8260027272727273,1.1226975000000001,1.9657890741135637,-0.47723642857142856,-0.1509001052631579,-0.09057991176470588,-0.00219925,-0.0013089999999999985,0.060157,4.0,128.0,0.3328815625488035,0.9827942428856096,1.175937076810074,5,1,999.0,0.06155,тейк,0,0.18738470000000051,32.266666666666666,0,15.764890333062542,0.11982024695369632
HIVE,1777979735,1,52300.0,10600.0,4.9,0.0,14,11,9.885833333333334,120,1.6394984326018809,82,11.494505494505495,0.16835016835017313,3.024356458501676,4.203152364273199,3.718768158047636,-0.13427324605573832,10.035753914437183,7.659831121833527,15.773770917109854,50.40444893832154,50.15141318977119,49.62279966471079,50.100908173562054,47.98540872160504,39.46837146702558,0.3280854623234991,0.06235891794434622,9.58249508855582,9.113796576032218,1.2759315206445112,0.5333333333333333,1,-1.2393493415956747,16.953539536689522,-1.2393493415956747,50.63291139240506,0.9640102827763493,9.601402225270505,2.3700004685511376,69.693099965057,83.57491191649652,1.0828230276389141,0.022471910112360216,0.19550561797752733,4.06447091800981,129.32768164194,3.6325980915328553,0.5127174485659058,3.9066448884842244,0.4986582760311173,2.7912377671803523,0.49425811997486896,0.49459211282332927,238.55699414683681,1.0365322582487466,0.5715779815524665,6.36975204027,0.04925281238633398,7.084875402797142,-0.020506245490689023,-0.02564275734564747,13.903814246810242,-0.04909846217846647,0.0027044707603531837,18.421008369287396,-0.03323702943644924,-0.021554837418913064,501.3199515411862,-0.5244042405944948,-0.39876394907020096,1.26825536,1.19963168,1.15417,0.9100454343831829,1.028616090909091,1.0631884999999999,2.404884399706971,-2.410631,-1.9115937659574467,-1.3155249932432433,-0.18365075,-1.2921610000000001,0.089273,4.0,44.0,0.3383242778674189,-0.06225611721937252,2.4118956811447045,11,1,999.0,0.08925,тейк,0,0.4800612999999994,1.3,0,0.45957422969187256,2.3103083585434168
TST,1778001719,2,3300000.0,73300.0,44.9,0.37,16,0,36.93,441,17.377567140600316,63,634.6153846153846,-0.384767166535116,-0.844544829617988,1.1571407103140752,-0.2223430011364158,0.9195402298850519,-5.134589185888105,-7.128403237674763,-4.502033481509516,-10.784183786171852,-32.22125260119487,31.52273023316401,79.82190560997329,77.03164723415445,-27.018862858293623,0.520408147314461,0.056708824176486615,8.284709940001855,7.656110300691732,1.0563297431347307,0.6,98,8.757001292546306,20.0937096079276,-35.8920634920635,8.757001292546306,0.12573461181565102,-17.665874231876224,3.3006771240173234,45.68640417718712,41.52922216615435,0.3681720982461891,0.2248062015503892,0.6485788113695058,-0.24244223442679846,329.533812121152,0.2749482359567566,0.512716038888223,0.33769190695985984,0.5040812645572833,0.6726149248442929,0.4892038060991108,0.5003295096176172,3.3336483810181172,0.9298017039635936,0.5835418913479312,9.97780025704,0.030278532551226322,0.7549309521338587,0.005054310885593383,-0.010396080128167728,-0.572684277075175,-0.013276572086466043,0.013390126531905633,-3.363156577037829,0.08848459517338658,0.013448007119208016,-39.38170107193748,0.6060219358166772,0.037368821565267885,1.14509091,1.17449258,1.100112,0.9607202278812955,1.0533943636363636,0.9375534999999999,0.47179662329748734,-0.7249321818181818,-0.6421380681818182,-0.4189629749999999,-0.03943725,-0.681567,-0.020289,4.0,158.0,-0.1528191697152681,-0.3688408541809851,1.1687826736370477,17,1,999.0,0.020194,тейк,0,0.5623204999999994,13.35,0,15.198326235515491,-0.8963515434485492
DOGS,1778018818,1,871600.0,225800.0,3.9,-0.06,16,6,14.758333333333333,178,0.9485254108172815,33,11.529100529100528,0.8170411438575886,4.760460885385087,9.526073862735785,7.3981970780230055,11.146855396493493,18.342181880458973,11.004016064257026,17.15835876568328,-3.505097053484152,89.31506849315069,111.12129544760157,111.96319018404908,119.43474118767865,70.54794520547945,0.21260730174661502,0.11369943453703521,5.10728979178996,13.686461589077137,1.2397503707252844,0.4666666666666667,1,-0.18777986422071624,20.399999999999995,-10.492227979274615,91.94444444444443,0.803398058252427,9.565755989474267,3.5237694008134985,67.88607427245142,66.80824191143321,1.9634958870306667,0.13725490196078344,0.8300653594771245,0.07810059356452292,950.4076518559872,1.0082052437487068,0.5388158207330245,0.5912465874487297,0.524495863663076,0.49316756527436534,0.5083360129854061,0.5018326564494089,420.87128005114863,0.9431157418814118,0.5459382207926388,13.24908499529412,0.013940423321951242,6.095242703245685,0.030926264514567148,-0.010386054192504712,8.758054416136464,0.07595626899826047,-0.005894958858011612,1.53991016731716,0.0831175538612805,-5.108065379821891e-05,526.7104878502073,-0.6384782477805371,-0.46714794336099474,0.97961692,1.01125402,1.174553,1.1989921529734295,1.0291903636363637,1.1533799999999998,0.13994074148247188,-0.1681137272727273,-0.22959857777777778,-0.32109736734693883,-0.032467750000000004,-0.647443,0.088689,4.0,113.0,-0.29887068788047033,0.17199434647072742,1.4291252840735735,22,1,999.0,6.91e-05,тейк,0,0.5929999999999994,0.5333333333333333,1,20.839363241678722,-2.5549968999999995
STX,1778025707,2,5000000.0,202100.0,24.9,0.0,19,0,4.0872222222222225,50,3.8461538461538463,22,51.975051975051976,-0.5924170616113722,-0.788332676389436,-0.03971405877682965,-0.23781212841856858,-2.0241339042429085,0.4389465283320071,-8.539244186046524,9.912663755458496,9.530026109660561,12.466487935656833,13.123595505617969,11.322423706324635,12.265834076717198,22.966934763181413,0.14990945694443708,0.12132160704898759,7.281456553449561,12.025540971975879,1.2711408327791978,0.5333333333333333,203,3.113478082752952,20.2376075378943,-14.241908006814308,12.51676352257487,0.4011461318051573,-2.539790668966335,1.4397082962660401,56.193520029014,67.17370236738401,0.511795641592223,0.3260869565217399,0.28260869565217944,0.7148530579825119,93.85112757620001,1.7369498894389355,0.549519898204032,1.211422874062856,0.5142903482504857,3.9041343974957035,0.498903780361142,0.5011585017453489,27.987531139759344,1.014202868540913,0.5811013125185364,8.55151693892832,0.09111789234482169,0.9314120516968449,0.0005310516185876857,6.369821357044003e-05,-0.7127226426500322,0.018258662061115816,0.021332907964350944,-3.9249879099858886,0.08239592621986591,-0.2021055299051523,127.29362846564953,-0.013016378941829276,-0.3306323501240498,1.42615512,1.41403287,1.146102,0.8036306737797217,1.3327223636363639,2.1123174999999996,0.45964113737366596,0.01848366666666667,-1.0655030294117644,-0.27690470833333336,-0.065427125,-0.510052,0.027955999999999998,8.0,478.0,-0.264934315284171,-0.8491264726366743,1.2975705940788673,0,2,999.0,0.2517,время,0,-0.02282551628923396,48.0,0,9.5351609058403,-0.02282551628923396
EIGEN,1778031160,2,1900000.0,156000.0,11.9,-0.04,11,3,4.437777777777778,54,2.8705242483758875,0,,-0.15847860538826808,-0.5786428195686422,-0.42149631190726566,-0.05288207297725611,1.5583019881784121,1.449275362318847,-7.894736842105255,0.6925945657964894,0.15898251192367763,6.17977528089888,8.870967741935477,7.264472190692395,4.593248478140555,15.280898876404493,0.46361709331402995,0.14721837202518248,4.3802622658392965,9.457513202112345,1.1844958608011433,0.5333333333333333,91,2.051835853131756,12.796976241900637,-13.659205116491558,7.082152974504252,0.2948113207547171,-3.3161636017485896,0.9967899912250713,49.78086255311714,57.867979300939055,0.39393806826072536,0.6315789473684202,0.0,0.3701745108408261,53.28292621716,0.7057320304313475,0.4762096782663494,0.6010378307715051,0.5306766633803026,2.04913068303101,0.4751675835992176,0.5053579202055547,7.171047846017526,0.8164093524430995,0.5991641875051525,7.30092573651105,0.1370218615012881,0.2572337244961753,-0.004317574004697899,-0.0009307598680959872,1.5619434107420727,-0.053431308739713024,-0.020909224808089433,-19.036625761842394,-0.05899750658471725,-0.09418629104596121,37.26056945771759,0.33358394957983206,-0.07527717959222124,1.26957192,1.43854231,1.688444,1.3299317458123996,1.3024231818181817,1.0852410000000001,2.4113059298333726,-0.06358228571428572,-0.21053324999999998,-0.10544941999999999,-0.012835750000000002,-0.027318000000000002,0.030089000000000005,4.0,147.0,0.39852953359802434,-0.29018468419235166,1.2161707326194593,1,2,999.0,0.189,время,0,-0.41173070740740747,48.0,0,10.594978835978841,-0.41173070740740747
STEEM,1778049968,2,843800.0,25500.0,33.1,-0.02,16,5,29.244444444444444,352,4.692992213570634,0,,-0.3751065643648688,-0.47692045648100034,-0.3751065643648688,-0.1367287643137871,-0.7305470608222953,-2.3399632291492556,-7.795486823418008,-6.4521293627921805,-2.8272077166139997,-8.617453862996548,3.105699664725603,3.801740984189017,1.7058311575282925,-0.891460744447925,0.6819446240742764,0.24700023233684712,4.764715479914106,6.465719194127761,0.8232756106418516,0.7333333333333333,20,0.05136986301370605,9.86301369863012,-14.073529411764707,0.05136986301370605,0.0031250000000002326,-7.0957780944707505,0.9565600397749283,30.72593761196883,40.98264435269436,0.22722924256549204,0.31249999999998646,0.4687500000000122,0.1193928023196289,41.382872114449995,0.3293719428671694,0.44457835225830716,0.3805170120713185,0.3948137375446509,0.8030027648896949,0.39164758836685387,0.47055536923669633,19.634293974877224,0.8399111390465779,0.6618039841971289,2.31326136774,0.055899004818765585,-0.21042541419684646,-0.020021289273263188,-0.00011355150968994643,-2.3236365685087357,-0.016330488237797258,0.0001599242540577528,-17.694236219198334,-0.055139058106727146,0.08130487831234645,9.999283065959874,-0.056010064764909884,0.07452584843550492,1.60604154,1.577,1.100697,0.6853477774927291,0.7575004545454544,0.9001699999999999,2.269805160345345,-0.2934049090909091,-0.5114705957446808,-1.3456842544169612,-0.2525025,-3.8216099999999997,0.044420999999999995,4.0,73.0,0.37411448272972603,0.328356038978872,0.8256399080751153,6,2,999.0,0.05843,время,0,-0.26853236138969605,48.0,0,4.27306178333049,-0.26853236138969605
WIF,1778061422,2,29000000.0,232200.0,124.7,0.01,18,0,4.761666666666667,58,1.9205298013245033,0,,0.04395604395603936,-0.7413868294810277,-0.480979449059904,-0.3502626970227629,-1.043478260869568,-0.5244755244755317,-8.151735270379334,5.175600739371533,13.629555666500238,16.538658474142352,17.138445702521878,22.103004291845487,22.29983879634605,26.881720430107524,0.569378077953873,0.10553729294817599,3.1605339415331057,4.647232784114907,0.5779849819439398,0.6,99,1.5618027666220557,11.155734047300303,-10.745098039215684,17.805383022774322,0.5566343042071196,-0.7564735811572576,1.0908492473787037,52.05063509552259,64.23185938821086,0.31135785987801884,0.22222222222222138,0.5277777777777748,-0.3913043478260936,283.14198783034004,0.5321209918649,0.4242171618175936,0.834761018877163,0.47448491299824264,2.589732920255522,0.49742221705691114,0.49630963584120164,7.101411266601814,0.8151223843472927,0.5111776631769945,34.023410970113524,0.12016377800702772,-0.2408779309655107,0.0029155703159295943,-0.00012265700449043404,-3.16487497269039,0.003275296572896602,0.007370539715547464,-15.651028804181088,0.036091324409199155,0.004084533563256443,89.50118466178392,0.3422157523311351,-0.09893956343783972,1.55727309,1.70519099,1.418416,0.9108331795549103,0.9212322727272728,0.7578020000000001,1.9199628404337008,-0.29133054545454545,-0.8805651702127659,-0.276691796,-0.15890225,-0.619264,0.007685,4.0,122.0,0.38914317481073546,1.0594774230846538,1.781894521478189,9,2,999.0,0.2276,тейк,0,0.5517502000000005,15.15,0,0.20437170474516542,0.35705239929701293
ORCA,1778113913,1,183400.0,24600.0,7.5,0.0,20,11,19.26527777777778,232,3.0823529411764707,735,1.2484683458134787,0.9762050030506453,3.3083645443195975,4.548325963360722,12.508497620666216,10.186418109187745,9.748010610079572,10.039893617021267,9.1688654353562,7.817589576547235,4.416403785488954,-5.103211009174313,-14.11520498183705,1.846153846153853,-5.110410094637219,0.17122763490850026,0.21817489389864772,7.653292120564348,12.57647858599591,1.2435820601810428,0.5333333333333333,1,-0.1809408926417344,13.251366120218577,-0.1809408926417344,13.046448087431695,0.9845360824742274,6.44015599992418,0.9243180458162555,83.8910786008028,66.47728866974987,1.478382272437118,0.10447761194029702,0.34328358208955445,2.3096129837702817,50.508659045499996,9.56444603588501,0.5368543193528613,8.323110100398795,0.5106630147045813,2.3682680087516044,0.5055810007059539,0.49990355391843583,0.25750145089332094,1.2047265704903525,0.5208364294248236,13.39346992497967,0.26517175823088784,3.4433065959770914,0.00015565301997821912,0.025775347912524893,11.812737768958703,0.032501325294737926,0.06229147055223927,11.360852778646846,0.02986589930535022,0.07773368146214099,5.191878935157046,-0.07698228889589809,0.09333149686387521,0.57515063,0.66879721,0.928737,1.6147717685713046,1.1995330909090909,1.1929205,1.131571031727475,-0.69097,-0.31545710638297875,-0.18057586666666667,-0.02354025,-0.34571599999999997,-3.133872,4.0,208.0,-0.20321005502528244,-0.4057180854326714,0.3793635150725283,0,3,999.0,1.655,тейк,0,0.5148916000000006,7.866666666666666,0,2.6619425981873057,0.14053804471299097
IO,1778127937,1,1600000.0,266200.0,5.8,0.0,16,2,5.336388888888889,65,1.1428571428571428,149,0.8421052631578947,0.8739076154806291,1.8915510718789497,5.689993459777631,5.689993459777631,4.190844616376532,7.090788601722986,8.456375838926178,6.8783068783068835,1.126408010012514,27.344365642237968,35.68429890848026,32.78553820870993,39.7923875432526,17.415287628053576,0.6769165147214383,0.0961358930354262,3.8130629007463224,8.704453441295534,1.056564958362133,0.4666666666666667,69,-0.18529956763433386,12.979762735519863,-24.87215248721526,28.9704708699122,0.40423162583518923,-5.987158496027877,3.0780015984665057,66.34177687786455,58.79253771679113,1.3434768031912245,0.17142857142857618,0.34285714285714447,1.1140235910877871,392.35185172657003,0.408006170883682,0.5517705899650048,0.3408105073597762,0.5099705759418756,0.3431442658594764,0.5071294660456432,0.4931959169033425,220.28580497227782,0.7716401708361386,0.526585546492245,9.05335532059,0.023074582879499914,5.82982606584701,0.0061357890632605105,0.0006469350259874496,6.306514423713461,0.0257087012474837,0.012575013152380299,25.816223154799765,0.02354266367433877,0.03521528003573571,240.5978742883952,-0.13742367845046566,-0.30030453756348385,1.82308365,1.91799205,1.362687,0.7474626849952826,1.082202090909091,1.3116535,3.0528708333850503,-0.2843743636363637,-0.22684522222222225,-0.38327712355212357,-0.02699725,-0.670733,0.09000000000000001,4.0,214.0,-0.18572120086539634,-0.685106550287029,-0.870847043154821,4,3,999.0,0.1616,тейк,0,0.5921439000000005,5.033333333333333,0,8.514337871287147,-0.3784639287128716
STX,1778130080,1,269200.0,60000.0,4.5,0.01,16,10,33.07972222222222,398,0.20707692307692308,22,2.7983367983367984,0.2565982404692191,0.6995581737849754,1.3713862120089182,1.862197392923659,4.11115340692807,6.586126266562764,8.273950910530491,9.663191659983973,11.178861788617889,11.178861788617889,20.378521126760575,18.91304347826088,24.261699227623822,2.682926829268295,0.916091201393326,0.21702686867845455,1.7990915870859991,4.427480916030535,0.5323518720465281,0.7333333333333333,1,-0.18248175182481452,9.250398724082931,-0.18248175182481452,13.29743164871584,0.9846625766871165,8.667862622517287,0.5947021640160088,87.1981550961471,85.31477794421288,1.101499645575852,0.5000000000000115,0.20833333333333237,0.2590673575129543,35.097205953599996,3.172612595908894,0.5115445652393623,3.0436006776272464,0.49072143567178894,1.9299390567884285,0.4832232224614486,0.4778868613978547,1.9446011395595364,1.0455662998769886,0.5596264237130091,8.12715037571444,0.23156117858666242,0.1553760699823714,-0.0017006763477822595,-0.004291059599360381,6.378436699410406,0.0035927079007664897,-0.025832479072637193,14.06598514648698,0.056386574526702704,0.10190622080562739,3.0335934317385016,-0.08688817674897109,0.2517614357740212,1.30654762,1.35244845,1.604111,1.2277478259843297,0.9265489999999997,0.7044140000000001,1.7000324631591424,-0.0987651,-0.10034369767441861,-0.08532571052631578,-0.0012053749999999998,-0.08578699999999999,-0.482346,8.0,178.0,0.17649104611168198,-0.03334696030106166,-0.4246780775320591,5,3,999.0,0.2735,тейк,0,0.5902273000000017,3.316666666666667,0,0.8043875685557422,0.10144152815356675
NIL,1778148098,1,44900.0,3300.0,13.5,0.16,16,13,4.000277777777778,49,1.0,100,10.44186046511628,0.602189781021889,-2.1129261363636465,1.6971038553772244,-1.4832022873481177,4.531664770572608,1.2674504041146228,14.33015346329325,19.17423259835711,25.810132359653124,28.060394889663186,37.27589641434261,32.939474318784654,43.04618578100674,12.009291521486642,0.5556739052103421,0.07561573668547561,6.412708315604165,8.22706705059646,0.6144393241167434,0.6,29,-3.7198742577715715,19.991617770326897,-3.7198742577715715,33.03571428571428,0.8653603034134008,9.02399636849558,1.5939060235166194,65.15436560403745,87.42680877587347,0.8335649984080085,0.46969696969696956,0.03409090909090906,2.4295252225519315,38.307701341244,3.0999396081848976,0.4838971630799833,3.9192523604559475,0.47802288554125144,3.8064858211808517,0.48068020428483477,0.48394284686518807,10.699018391669533,0.9914652659958318,0.4866127595993868,4.686875239971,0.12234811998298824,1.719608681494611,-0.002213303451180315,-0.022370344274253218,11.49597371736193,-0.15980798771834437,-0.061549136158984497,37.055855882649944,-0.14038699115233977,-0.21379936631711227,149.26856490027504,-0.23450248787609485,-0.48917120523322977,1.42980857,1.69053708,1.770457,1.2382475788349765,0.9649641818181817,1.008967,2.585865948858725,-0.154661,-0.28385600000000005,-0.17778724242424243,-0.0009354999999999999,0.021258,0.09000000000000001,4.0,118.0,-0.37809790888456707,-0.19556457085606604,-1.3060140825995492,10,3,999.0,0.05513,стоп,1,-2.027921499999998,4.366666666666666,1,20.07981135497914,-2.5311670999999993
JTO,1778149294,1,1200000.0,44200.0,26.6,-0.01,17,3,20.163055555555555,243,1.2,16,14.796547472256474,-0.26437541308659274,5.0104384133611735,5.32805956258724,5.254591955359222,6.442511168586873,5.59832050384883,9.58605664488017,10.280146163215598,7.40213523131672,12.920927912197566,18.105922254109053,17.798594847775174,30.123598735268754,3.043152905961599,0.6929313507551396,0.22935029316200847,1.4860516423920722,6.742102781706727,0.705275156810435,0.5333333333333333,1,-1.2649945474373037,11.44871171609141,-5.903138640615269,15.602655771195085,0.6826815642458097,4.462030444206699,1.5877606930107246,78.92734535727425,72.50303603781174,1.9610192844389696,0.5961538461538466,0.21153846153846032,0.23331777881474558,112.3585584139,2.6793719372422697,0.5446543187562811,0.9327415953445954,0.5598989960121524,0.5256127677025623,0.5414662282747456,0.49801863484017017,12.896011837801087,1.0833686193379441,0.5898949152003741,8.373055596,0.07452085283219653,11.721862077166767,-0.08698322540600822,-0.07305491351028925,13.561241324818685,-0.0969636728640757,-0.04130765606794673,20.46913590009245,-0.08196376758446444,-0.05900635442130764,73.72089015422662,0.08364241067457412,-0.1849766758652056,1.38436614,1.39802834,1.59132,1.1494935870072638,1.4908046363636365,1.688475,2.1353030404869178,-0.29045863636363645,-0.23387213333333334,-0.40776101465201464,-0.0124805,-1.053464,-0.03404499999999999,4.0,98.0,-0.376121463077983,-0.022879814191179015,-1.4121300003536619,10,3,999.0,0.4527,стоп,1,-2.056550299999998,4.883333333333334,1,20.55711729622267,-2.5807688999999994
KSM,1778158622,1,1200000.0,43600.0,28.1,0.0,18,3,8.776666666666667,106,1.202886928628709,203,400.0,1.4605492935386488,6.41025641025641,11.848092404620214,8.838555858310638,10.974127452682758,13.335697818762181,14.084255622991781,13.375909171545164,27.310756972111562,26.50435471100556,30.508474576271173,33.619067530838386,36.09454855195913,10.886777513855916,0.4970170952459407,0.1531604203542067,3.062372116186096,12.282551396942543,0.8758740531789183,0.4666666666666667,1,-0.14062500000000533,15.732368896925863,-0.14062500000000533,30.109934853420196,0.9939516129032255,14.096898684797509,1.2796981102143838,73.17770514518023,87.40549978137135,2.178767898880957,0.3086419753086434,0.22222222222222018,-1.951386511468678,55.5462570689,9.346332195698404,0.5426923264136545,4.684872764629527,0.5370003338329251,2.564524070079183,0.5387386393153555,0.5306390866325874,26.393937100662185,1.0003866913535828,0.6666659770113648,4.7811299922,0.08607474642745866,11.535335833058458,-0.07156418276316401,0.0039988285473051555,7.277877685348022,-0.024935749319362932,-0.06273654084844593,20.571092967658956,-0.05390214393052151,0.004731320248803517,125.36930346139172,-0.1383211294652299,-0.2171183132158392,1.5453125,1.74392361,1.28901,0.8341419615773508,1.1604732727272726,1.4978069999999999,1.4605736730649623,-1.2495212727272724,-0.7137807021276596,-0.4431123205741626,-0.062855875,-0.489908,0.06527800000000002,8.0,182.0,0.11106979111712434,-0.22557909305384038,-1.5535417276666963,12,3,999.0,6.391,тейк,0,0.5930000000000005,0.11666666666666667,0,7.150436238460323,0.4965489536692218
CHIP,1778257604,1,446100.0,76500.0,5.8,-0.11,7,0,4.326666666666667,53,1.3588181541273225,9,96.97826086956522,1.8209619127050214,6.1440370960730295,7.0280537697253065,9.035427210479297,12.088752869166019,8.954335861966388,8.39005622965374,11.542561291304999,24.744550408719345,30.710206995003553,34.01024515184778,27.70223152022313,15.773668405247342,20.592433975731627,0.002056797257467582,0.11618347879232148,3.6279674080648583,12.746305418719196,1.4209065509888976,0.4,1,-0.4214246873300742,14.330121230960536,-0.4214246873300742,33.375819373634386,0.9833690987124462,13.186831246394458,1.3497064401334646,72.00963794180046,73.46903437916103,1.7992816334361734,0.4,0.15555555555555728,1.18888393520582,266.5655704001,3.206702909002532,0.5604734652128934,1.8665960916274928,0.5392880009522296,1.3538511002612383,0.5046376014655937,0.5002091270152643,3.697530804670341,1.143542441520092,0.555885850093346,25.9015186227228,0.09716753211544188,3.930952903996121,-0.00019582045539912052,0.001096840048341985,6.772326416664964,0.008580219695053959,0.017042791188801365,-1.624636388076317,-0.03181103767509674,0.04064125315649392,30.637949190260017,0.0064033949193316175,-0.1311670620733454,0.78291092,0.85387153,1.236722,1.5796458682681296,1.124004909090909,1.4256385,-0.19363831941128315,,,,0.00125,-0.258049,-0.6732180000000001,4.0,213.0,0.06849109240163465,-0.3835376707035487,0.1458597265506123,16,4,22.383333333333333,0.07325,тейк,0,0.5940000000000016,7.733333333333333,0,3.405720136518786,1.38396540443686
DYM,1778307153,1,172300.0,50900.0,3.4,0.04,8,2,4.097222222222222,50,0.9907993099482462,0,,0.37979491074819904,0.22753128555175195,-5.6071428571428665,-3.6456434560700024,-8.261020479000347,4.839349464498222,8.810209962947724,13.579716373012452,28.176527643064976,30.776843146956946,33.41746592629984,30.004918839153948,44.90131578947367,20.18802572983671,0.7468608630711934,0.0824862797546534,4.234464422441198,14.098896608091538,1.5375418328013353,0.6,61,-9.14403575111723,23.10622090562844,-9.14403575111723,36.65977249224406,0.727179487179487,1.8062335609172475,1.1176264788833767,57.45075322992227,73.01958260299641,0.6367722384004824,0.1165048543689307,0.13592233009708526,2.8215463539758234,70.30351325152898,12.26677137206443,0.47254942860041255,9.171305318654431,0.4874774621909379,4.738489999766674,0.49462496437031833,0.4924896606118898,15.453845290871486,1.2103324316705604,0.49521237827155035,7.60726909906948,0.10820610161902591,-11.172250049080123,0.10178984025114146,0.051461600714028055,-13.666405708132334,0.12339014350938315,0.09944885673101367,48.092905179207214,-0.2981212333289015,-0.24182606024601738,116.66572181396732,-0.505385669866725,-0.1208593518700577,2.01780164,2.28502674,1.94498,0.9639104069714206,0.9855761818181819,0.8876535,5.458769471041785,-0.1461704,-0.08199800000000002,-0.061962103448275865,0.00125,0.028728,0.09000000000000001,4.0,107.0,-0.016927002302580263,0.06402590931737784,0.969328885548304,6,5,999.0,0.02643,стоп,1,-2.0239277999999956,4.8,1,20.386719636776384,1.1608926724555426
ACE,1778328989,2,685500.0,107100.0,6.4,-0.12,9,0,4.186944444444444,51,1.6834479371316307,17,5.070266272189349,0.13183915622940745,-0.26263952724884243,-0.39344262295081256,-2.565747273893526,-0.7838014369693003,-1.4276443867618283,-5.885997521685238,10.072463768115947,11.119239209948816,17.751937984496124,17.56965944272446,16.39846743295019,29.056924384027205,25.116279069767433,0.7375510923826643,0.07594549275697593,3.76958647650365,7.8537170263788925,1.1069678739766806,0.6,16,1.1318242343542062,17.443408788282298,-13.888888888888884,18.486739469578772,0.49170124481327804,-4.1609594305827,1.7135186015664807,49.86322825269385,63.07309569598595,0.37858654380376794,0.3235294117647042,0.3529411764705916,-0.7213114754098249,61.048297272350005,1.074354419528387,0.563991274781914,1.9271679434999442,0.42794696821895595,4.818622185486751,0.4763332530335772,0.4876179956925455,13.998837116483205,1.1176191566610172,0.5030319944013136,4.4600459386799995,0.07305766316106647,-1.1435817883492794,0.012676617162055814,0.014291562525659884,-3.9957155089360596,-0.015007323996797828,0.182260548876928,7.829355705497565,0.2174228079832352,0.30312756383352535,174.39463296974918,-0.11734291637039873,-0.4005052206718004,2.18415228,2.33996937,1.71701,0.7861219273593871,0.8478916363636362,0.945797,-1.3301663272287478,0.4854517272727273,-0.9895777111111111,-0.42988468348623854,-0.047897,-0.335926,0.06822100000000002,4.0,223.0,-0.02055032525559719,-0.10602368857905997,0.0590825011093532,12,5,999.0,0.1519,тейк,0,0.5930000000000005,3.3833333333333333,0,0.26333113890717463,1.0582579341013822
ORCA,1778340420,1,33100.0,9400.0,3.5,0.0,6,3,8.180833333333334,99,1.0,1265,0.20559006211180125,1.2813046010483387,3.8829151732377554,6.23091020158828,5.139056831922617,7.015384615384623,6.883835279655814,9.577819785759312,9.165097300690528,9.233668341708533,10.34263959390862,10.412698412698429,15.08934480476507,-16.474543707973087,0.6979695431472033,0.8683702209613494,0.24274184286749798,1.6458768364598753,6.883835279655814,0.7239424121916187,0.5333333333333333,1,-0.34383954154727503,10.653138871274592,-0.34383954154727503,11.118210862619815,0.9666666666666667,7.502894607850918,0.5181690891839934,80.51815798583924,80.81143129240745,1.688339182285448,0.10526315789473746,0.6842105263157876,-0.24242424242424399,31.2930766153,10.316039086619071,0.5742376760056407,4.433458205696787,0.5464547697816731,2.632937270722562,0.5317692812134187,0.5031453619041688,0.27060162424844175,1.392656760286612,0.6578250545942224,12.711506472,0.40620826862977777,2.01555483461775,-0.0056356948596141265,0.002307993488161353,1.791922265797763,-0.02731865086414187,0.05604637667428558,3.0217552909858725,-0.005722578839175929,0.07777921026231915,0.003232829134014459,-0.057128566277499515,0.12755186984331024,0.49215229,0.59006734,1.070058,2.1742416356530616,0.9971391818181817,1.211254,0.3154951083417481,-0.1391603,-0.16876573913043477,-0.20334372631578948,-0.008371,-0.485625,-2.766797,4.0,32.0,-0.10255503932314891,-0.03238233070579355,0.5012245756557343,15,5,999.0,1.739,тейк,0,0.5791946000000006,14.816666666666666,0,6.61299597469811,0.5782527097757347
ERA,1778391978,1,54400.0,5900.0,9.2,0.0,9,7,5.573611111111111,62,1.0708661417322836,0,,1.5075376884422065,2.0846493998736504,4.460245636716209,7.446808510638281,8.89487870619945,8.675184936112966,8.748317631224744,12.456506610995133,12.066574202496527,11.218169304886437,14.043754410726894,12.37830319888733,20.50708426547352,2.271163110805219,0.11040026732998738,0.20369490527570744,2.9462032730316112,8.968307484828063,1.0166363828221128,0.6666666666666666,1,-0.6760909649662028,10.379918588873815,-0.6760909649662028,13.722730471498945,0.946601941747572,6.815464465955023,0.494503258301044,82.70028537758247,86.48373521889873,1.5663440866406602,0.3033707865168542,0.04494382022472029,3.766233766233773,4.4738460236,31.109331737976632,0.5115909715427337,10.619671637999108,0.5357922203770827,4.084642729857584,0.5032189476623541,0.512824658022949,3.912905411351531,1.2676189647982332,0.49676520587778716,2.4002350350114,0.5365037201436778,5.549311936176582,0.024159610865608805,-0.04365542099894448,9.883676742084369,-0.052989456039334804,-0.17039402241068136,11.30661811221476,-0.05101370001166128,-0.17840996954257782,18.90225102137879,-0.06886421886382632,-0.18516140952187032,2.45180723,2.58081705,1.72883,0.7051247662729179,1.7024950000000003,0.982861,1.2924334242116287,-0.23581760000000002,-0.10049,-0.05983337500000001,0.00125,0.030000000000000002,0.08706100000000001,4.0,133.0,-0.04509068926815685,0.11526497917415668,0.32363747132582166,5,6,999.0,0.1616,тейк,0,0.5930000000000005,1.2833333333333334,0,3.3415841584158557,0.6565892504950496
LAYER,1778406101,2,1900000.0,278300.0,6.9,0.0,10,1,4.08,47,1.1176470588235294,18,13.370865587614356,0.22547094334133266,0.29112081513829047,-1.012858271675876,1.4130114807182848,-1.3600572655690701,-2.200141944641587,-6.961042468435608,23.765044009340762,38.13151563753008,51.79554968054638,54.29403202328966,57.12656784492589,63.13484077187168,63.152676801057495,0.013012035532631713,0.0698796453741988,6.235488736028416,14.817194628285035,1.81088320017347,0.5333333333333333,181,8.606557377049185,23.928121059268605,-12.363266344441614,52.82244648996341,0.7101535708960789,5.196144065253172,2.4146141015133815,58.00480056206128,68.60342774012572,0.5611660382565055,0.38248847926267315,0.22580645161289972,1.2410570886260741,392.9167328706549,1.4305150241488294,0.5030000351216247,1.6286366067564955,0.5016528510349348,3.6647204531294966,0.4970823913941204,0.49684147768078635,100.6603772354903,1.016932773202215,0.5603929064076533,14.349659240213569,0.03652086571975382,0.1849871310783513,0.0029376628504576008,0.014799749563902509,0.016196177720506633,-0.02108510839289457,0.052273664525770425,-4.42503105001002,0.502682473802571,-0.06941252299698308,388.46878367247723,-0.24651469319057373,-0.6175915130305236,1.63273297,1.70883475,1.030862,0.6313720730463352,1.0090006363636363,0.9611165,0.6356851103947482,-1.0825632727272727,-4.299931191489362,-2.503846162601626,-0.293868,-2.286919,0.09000000000000001,1.0,18.0,-0.061606748536846556,0.07023515771322764,0.7024257684924429,9,6,999.0,0.1378,тейк,0,0.5621633999999994,2.35,0,6.158962264150936,1.5590494791001452
SYS,1778721147,1,22600.0,5900.0,3.8,0.0,8,5,9.769166666666667,118,1.0,69,1.0,1.0401188707280795,3.1866464339908918,4.134762633996925,5.263157894736836,4.776579352850541,6.0842433697347875,9.677419354838701,8.626198083067083,1.9490254872563728,-33.46379647749511,-35.90951932139491,-30.68297655453619,-23.85218365061591,-39.334637964774956,0.8353943058782183,0.11772236424155179,2.2187914975361878,5.754276827371685,0.6170965839008948,0.4,1,-0.43923865300147247,12.335526315789469,-36.6852886405959,12.211221122112192,0.158119658119658,-4.619420803326236,3.0508650560113133,74.0718297030593,34.72027211972845,1.3528217332758576,0.19047619047618752,0.38095238095237915,1.3846153846153841,14.917796001909998,2.1065273197285,0.5308535362289136,1.139343404464296,0.5121077332440614,0.815840914706284,0.5299163346876474,0.47183177695879486,9.802831246093755,1.1687763377439195,0.49684047624316796,1.44506603954116,0.09686860172616257,3.8350534864604935,0.01725429286016733,0.006711371320943016,4.716886148733934,0.015312191162949684,-0.015316746318556618,15.523023704847528,-0.015830386834507992,0.009962258244670341,5.724762967207764,-0.5465799764925082,-0.3203558871517538,2.14115011,2.43678161,1.419608,0.6630118987780824,1.0377284545454546,0.7093700000000001,1.604045782834246,,-0.1654946,-0.09622575000000001,0.0009915,0.028966000000000002,0.09000000000000001,4.0,167.0,0.31744910661470893,-0.16492743945756283,-1.404924051794021,1,3,999.0,0.0068,тейк,0,0.5930000000000005,2.4166666666666665,0,12.111176470588237,1.3342352941176456
BB,1778723232,1,1700000.0,402000.0,4.3,-0.01,11,0,7.5938888888888885,92,1.3076923076923077,19,11.424731182795698,0.6441223832528209,0.2137894174238264,1.5709642470205676,2.5991792065663377,4.311543810848395,6.352807714123654,5.842506350550369,1.5709642470205676,16.931711880261922,19.047619047619047,14.468864468864485,12.612612612612594,15.242778119237865,12.476190476190485,0.8089708077017391,0.10373199414327715,1.7952796336478727,4.909344490934453,0.8360047205235495,0.6666666666666666,5,-0.4777070063694211,9.598603839441534,-0.4777070063694211,20.3852327447833,0.9724349157733538,7.517688547352042,1.2298243898734047,75.04421450668485,69.66002399371801,1.2759109828485191,0.46428571428571563,0.13392857142856954,1.2258240261509012,41.40076080867,2.999160169425614,0.4964710064303109,2.0803768591547995,0.5077055039777828,1.1523796826204429,0.5077537342720542,0.49383149800204834,9.142752495247086,1.0826795272279581,0.4928014297631716,4.6867702500756,0.11320493050200453,3.552070435971233,-0.0009247452845221327,0.014476153582068774,8.627767573156287,0.037142421615022014,-0.004049977144598538,11.738048797472134,0.05942805889660119,-0.02656287975905114,97.14179613031271,0.40276191824151986,-0.2972201985031838,1.81063934,2.0292851,1.634105,0.9025016544708456,1.0631466363636364,1.0836995,2.009077627509365,-0.488314,-0.2390058,-0.37674625384615384,-0.00302375,-0.46711900000000006,0.08856100000000001,4.0,132.0,-0.19582966963948012,0.0222819765246296,-1.9920068090145349,1,3,999.0,0.0375,тейк,0,0.5930000000000005,0.3333333333333333,0,0.9231466666666632,1.3490257666666654
AIGENSYN,1778825235,1,37100.0,3000.0,12.3,0.0,10,9,10.523333333333333,126,1.0,0,,-0.7103574702108095,3.784431137724553,5.760312423724678,7.759263864710264,5.734504636407989,7.066963182604402,7.705692269450659,7.7324714072600775,-4.433171592412877,36.68769716088329,33.73456790123457,27.216676453317667,26.06924643584523,26.908517350157734,0.4913878886929152,0.08611309573262295,3.17093695774604,7.358771060455904,0.961657581764125,0.4666666666666667,2,-0.7558405863490547,14.653361344537807,-18.18353474320241,39.72911963882619,0.5612756264236902,-1.309041069436001,3.8289420653729755,62.44249118948515,59.18661511313011,1.655822858077937,0.1228070175438605,0.03508771929824412,2.379182156133841,550.0242258023401,1.1351434629110544,0.5630327140791961,0.6791741805336506,0.5241408284894151,0.5012319125062565,0.5087470319407176,0.5022803106683899,14.634393837854903,1.0473754800584645,0.5502208640627613,11.0079353727288,0.020013546415471303,2.7329093958780692,0.0190494253043485,-0.0023389327699844253,3.9429348116431173,0.05245559400398059,0.015613911755774756,10.147364994122254,0.06351956071931797,0.08663642626855683,107.11888222905172,-0.01373877178725147,-0.25352197077493444,0.89199151,0.87209059,1.220773,1.3685926225912175,1.0452165454545457,1.2270905,1.3168661087533493,,,,-0.01112225,-0.4534249999999999,0.06809599999999996,4.0,112.0,-0.44879787611145083,-0.9520039559957172,0.6877142839234685,6,4,15.661805555555556,0.04333,тейк,0,0.5667147999999994,6.416666666666667,0,12.531733210246943,0.8154535836372022
KERNEL,1778880686,2,1600000.0,82000.0,19.8,-0.02,10,2,4.426666666666667,54,2.244039270687237,0,,-0.18873859704309215,-0.01575547502756791,-0.031505986137359,-0.3767660910518167,0.047296232066851296,-5.691781839797894,-6.662744521253117,-4.643125469571741,-4.757616689179034,0.30030030030028243,3.3045743122253057,0.5227308728021463,-2.5192012288786536,7.460091670617963,0.8366277500143883,0.1269857434886878,3.9442593560652384,6.449254167885343,0.9446423685476787,0.6666666666666666,39,0.4431782209560087,11.221905666350107,-11.689396047870847,1.3090676883780406,0.08893709327548828,-6.015689997418794,0.8205361530981685,32.70304043406615,44.44438888934617,0.10825174787790727,0.08333333333333093,0.7708333333333327,-0.10999371464487373,23.42265485779,0.39977930633963643,0.4611352962869748,0.5595635128560585,0.4418346882861163,1.5901157492713938,0.43669773647503096,0.49017146183886,12.049923548453451,0.6157513915144848,0.5859392128148143,3.53178896984697,0.150785168943919,0.7012874793768331,-0.0035409139696948033,-0.0019793695916450194,-1.219195364807213,-0.007706717527965035,-0.0020395085247979505,-20.466297645723806,0.03229747686134066,0.0611235284985201,30.724114166347327,-0.1341916798538867,0.21868945949579355,2.16192412,2.35225956,0.861193,0.39834561816165864,0.9302424545454545,1.5748294999999999,3.0717518254586387,-0.2865198181818182,-0.20017954054054057,-0.3165836818181818,-0.04590475,-0.519632,-0.335535,4.0,148.0,-0.06823351023502733,-0.3185078656443796,-2.8234120304040933,21,4,999.0,0.06346,время,0,0.07739436214938715,48.0,0,3.9408761424519323,0.07739436214938715
STORJ,1778880686,1,22200.0,1200.0,18.0,0.0,10,7,4.171111111111111,51,1.0,77,6.166666666666667,-0.14705882352941124,-0.7309941520467822,-1.0924981791696986,-1.3798111837327376,-1.6654598117306296,-2.4425287356321768,18.49912739965096,25.161290322580655,28.842504743833032,24.35897435897436,28.355387523629496,25.624421831637378,15.18235793044953,4.9450549450549275,0.1495713488297149,0.12383401484291488,9.357255990578395,19.357638888888907,1.0825242718446613,0.6,211,-5.694444444444436,25.984251968503933,-5.694444444444436,36.20862587763292,0.8148984198645601,3.004193961596524,1.750620025472929,63.74571215734894,76.44294830106422,0.6035485937139868,0.44444444444444275,0.1388888888888893,-1.086169442433016,161.9558504443,2.0507508967712584,0.485955718524851,2.9551479858481664,0.4966020134148508,5.102444779324635,0.5019537684446009,0.5055471444327907,16.004624791145208,1.1271209001400315,0.5496288030469798,8.890041419951281,0.05489175843640641,-0.46316904048108176,0.012455352010245724,0.00381348836958062,6.148407672054312,7.14392361882421e-05,-0.00635204668148337,165.48519020738627,-0.17386680530776732,-0.1545321921215136,198.84315000898732,-0.12049979692199275,-0.44164803039756595,0.87745168,0.89579324,1.11503,1.2707594337274504,0.9996482727272727,0.872865,8.945567357437012,-2.246198181818182,-2.810692595744681,-1.03894626875,-0.316473,-1.2541950000000002,0.08698800000000001,4.0,148.0,-0.06823351023502733,-0.3185078656443796,-2.8234120304040933,21,4,999.0,0.1358,тейк,0,0.5369281000000017,2.4833333333333334,0,7.793026509572898,1.1834529583210598
POLYX,1778894162,1,453300.0,60100.0,7.5,0.0,12,5,9.161944444444444,111,0.6818592057761733,0,,0.1505772126484839,1.1319479641831443,2.219945355191255,3.905571949314357,7.603810893402829,9.313367421475526,8.816578803853826,8.69802070092609,8.638838475499089,-0.5482638312012011,15.783365570599607,9.976116112437982,9.014751411400468,-8.606080744309686,0.5724479813780479,0.17737134527250142,3.0962225603966775,8.916019237883832,1.0135524348520013,0.6,1,-0.18342504585626696,12.198316183348945,-6.818181818181834,12.160389732059196,0.5970561177552891,0.794041731427253,0.975719924053082,82.48977701092974,66.0769841916269,1.2251205433524415,0.023255813953487435,0.40697674418604624,1.6632722335369943,61.6501079257,1.992353119742659,0.5086699738543295,1.920904991304853,0.493329340904151,0.8541173769969862,0.5047013454041336,0.4952384553512253,14.523072176621143,0.8318999723975651,0.553493211977338,4.13986469610807,0.0671509724053912,2.017720538169354,-0.03779954412302888,-0.012322134587269162,16.070237454809998,-0.01252417745474077,0.05690929994861027,30.685789459569477,-0.04169380792613775,0.03508840452266915,45.235972242309245,0.07081883485589224,-0.1861267466602321,1.58019912,1.67941712,0.927551,0.5869836201402263,0.9953509999999999,1.04548,3.480464491074063,-2.4316305454545453,-1.0673635957446808,-0.8106272692307693,-0.05591225,-1.9339270000000002,0.05868500000000001,4.0,163.0,-0.0534458686848982,-0.057613002344958364,-2.932045363628122,1,5,999.0,0.05986,тейк,0,0.5930000000000005,0.8166666666666667,0,0.3461242900100192,1.1160763234881386
GLM,1778929358,2,57500.0,4400.0,13.1,0.0,16,8,4.098333333333334,50,11.73469387755102,65,0.9472817133443163,-0.18440657962676132,0.0,0.33365463038481646,0.1850892130006665,0.0,-0.6169212690951831,-8.542849418761833,-8.795578621015032,-4.43502824858758,-5.628007531905988,-3.3290470067152467,-9.551500568143844,-5.988606363762694,3.187112071971554,0.6598009957855276,0.22368974428092314,3.419733090821997,6.9425629910593205,0.8319805194805175,0.8,101,1.0227696901828898,11.048898842851784,-9.702388896303216,1.0227696901828898,0.08610936517913162,-5.941785730556115,0.6225013134588846,28.28599658061198,33.2087481222277,0.30355652738876715,0.47560975609755396,0.37804878048780366,0.08894818768068191,9.798003856249998,0.6396579379831678,0.4676729175149595,0.6838580696869074,0.5251512917563981,2.240187077668768,0.464932535862999,0.4926732560286546,4.808688019729919,0.8670349364405763,0.6345257545832219,1.811487375,0.1848833090471259,-0.2705296212992092,-0.014411086300046394,0.006859813977820206,-2.090533576249509,-0.017192604218260632,0.0062951776325126385,-6.749680187157637,0.04766672732893329,0.021902415039025458,-1.6559688739973044,-0.051651179006713455,-0.32359344524961986,1.81409168,2.14842579,1.431952,0.7893493012436945,1.3156591818181818,0.591724,0.7900970573511419,-0.04974750000000001,-0.10869792000000002,-0.09664171052631579,-0.00749675,-0.013597999999999999,0.08906,4.0,57.0,-0.14669688579808104,-0.8556141569414533,-3.38725252602885,11,5,999.0,0.13532,время,0,0.3206241658291466,48.0,0,3.3069834466449954,0.3206241658291466
FIDA,1779058012,1,650300.0,118400.0,5.5,0.04,12,2,4.354166666666667,53,1.8474431818181818,5,9.549192364170338,1.237964236588729,5.0428163653663205,7.759882869692514,13.931888544891624,11.854103343465038,16.701902748414366,10.899045705675526,32.37410071942446,34.30656934306568,35.87692307692307,30.49645390070921,20.92004381161008,13.58024691358024,22.523076923076914,0.04524213127838317,0.11873719019812179,5.5262678675049415,14.049586776859503,1.2695717505634865,0.4,1,-0.49571879224876714,19.236969371305747,-0.49571879224876714,37.57009345794393,0.9820846905537456,12.533057482789921,1.561334981737268,76.2196698908813,81.90028344576149,1.5043230184957628,0.06818181818181812,0.04545454545454629,5.760709010339715,68.27608719764,9.220814514711106,0.5226815630382182,4.054541409954271,0.527189396375423,3.213242463407061,0.5069787681499732,0.5038273701996653,23.590743197001558,1.1392747783769923,0.5144919852448339,4.58164009806496,0.0671046084524792,13.02188110307878,-0.036044804694468024,0.0154333306945873,22.910968198566174,-0.048199961106710765,-0.008158006330736711,25.281721555554505,0.0670086950770652,-0.0022189542911792426,326.17566085831794,-0.4913628077197776,-0.6606336971272728,1.33098798,1.29081633,1.218586,0.915549966123661,1.0829428181818181,1.080937,2.3196270791294507,-2.5638949999999996,-1.7676848043478262,-0.7718752459016394,-0.16357925,-0.644576,0.061088,4.0,73.0,-0.48206511131889673,-0.08747180859171033,-0.2197329949939819,22,6,999.0,0.02208,тейк,0,0.4721771000000005,4.85,1,20.09284420289854,0.0812260043478248
RONIN,1779143464,1,875900.0,16300.0,53.8,-0.0,16,3,4.077222222222222,50,1.0,0,,0.5551149881046769,-0.15748031496063408,2.3405972558514954,3.3414832925835247,3.173311635476006,10.069444444444443,13.824057450628358,47.2706155632985,47.2706155632985,40.888888888888886,36.63793103448276,30.856553147574807,11.325724319578567,23.777777777777786,0.8290955837170207,0.1065209598502744,6.399489513886092,10.251798561151082,0.7361452773265256,0.6,9,-2.0849420849420874,19.796484736355225,-2.0849420849420874,49.70484061393152,0.9397321428571427,9.882130506978015,2.0629483202495003,81.66993844405545,85.21851076860861,0.8237315173591278,0.5806451612903216,0.032258064516127734,1.9433198380566896,136.75542732923,6.424484351555181,0.5273399589609448,3.9558846361764064,0.5100473283886243,5.16529505186796,0.5153190350429925,0.5138791607456686,71.98813148805563,1.0963591800259427,0.5598324352548756,8.5901669608,0.06281408444667953,3.2082249984468625,0.013331745371201187,0.003082303775211681,8.944882539319842,0.017226504445862156,-0.0005162824699884716,90.55904675175623,-0.15145444510397565,-0.16836840238134432,453.2642204023233,-0.5117405407427862,-0.07527994205395261,1.02518265,0.87942478,0.944731,0.9215245693047964,1.000370272727273,1.0039544999999999,6.550829745549123,-3.0611917272727274,-3.364681936170212,-1.2784670231213875,-0.41569399999999995,-1.6855489999999997,0.025002000000000003,4.0,88.0,0.15197193325184877,1.0191675291836289,-1.0899934064186212,22,0,999.0,0.1268,тейк,0,0.4534286000000005,1.55,0,7.57097791798107,1.5037048034700313
AT,1779157886,1,123000.0,22100.0,5.6,4.01,11,7,4.095277777777778,49,1.1571025399811854,0,,-0.20015664433034042,-0.20015664433034042,0.5523893029373061,-0.20884093282282912,-1.8990590248075256,-4.305740987983975,1.3342758681629485,-25.82147477360931,-27.86514026921626,-28.885030385712508,-30.48011639185256,-29.30588090247811,-25.177790826645786,-29.821406424407783,0.41825989074187525,0.014199931783577624,11.997492654091468,16.954113097104617,5.338384336382917,0.6,111,-7.246845681009384,30.69767441860465,-29.201135942708977,21.2262156448203,0.29801127931136834,1.919481234376219,2.708552973176568,37.191692823163834,16.298684830673352,0.4359285381055894,0.2258064516129043,0.657258064516129,-0.25199860966284016,54.53834431885999,0.7628534249642153,0.5418341345885711,1.188383783825045,0.4695324005206941,5.014247684502429,0.4944099543143824,0.48883275670912907,22.05105583223734,0.9254226378584816,0.4802627366538828,7.39303897485,0.1355567182536086,0.3079647512084005,0.0009757375663013157,-0.010088496044454831,-0.7463730017588932,-0.0335658045946452,-0.02360711312126318,12.423308857904104,0.05869755435887147,-0.22951985037212996,-20.832253108792955,0.14238030169984706,-0.3731670695171402,0.49435444,0.70959194,3.733867,7.553016010132326,0.9971106363636363,1.293294,9.310899757940392,,0.00037025000000001564,-0.0027774166666666585,0.00125,0.030000000000000002,0.09000000000000001,4.0,88.0,0.07714852785751791,-0.4028278358443993,-0.28009349435137443,2,1,999.0,0.11468,время,0,-1.175084757586327,48.0,0,15.86152772933378,-1.175084757586327
FOGO,1779250305,2,97400.0,835.5,116.5,0.0,12,8,4.096111111111111,50,1.0,0,,-0.19672131147541183,-0.06565988181221893,-1.4248704663212486,-2.05920205920207,-3.974763406940063,-6.0493827160493785,-15.114333519241507,-7.364576993304938,-7.477203647416419,-8.036253776435043,-8.752997601918477,-12.528735632183906,-27.454718779790277,8.33836858006045,0.5965478718096182,0.2118918041198677,10.12032795026716,8.282036933407955,0.5584905660377362,0.7333333333333333,232,3.749147920927043,22.767552828902527,-25.972762645914393,3.749147920927043,0.09337860780984697,-10.723750602238646,1.3226256943662802,36.15668272867644,40.498165452784455,0.187446925907621,0.14814814814814792,0.11111111111111253,-1.2845215157353929,35.45590936343001,1.2495329324260798,0.47549964168759673,0.6346837272347715,0.44996184841215137,2.7613768146306104,0.47360264840146876,0.4798151810326105,16.88602590849847,0.8082771437682397,0.570540533418286,3.1305028284598797,0.08829283706621689,0.13182527936119737,-0.037976575411506897,0.026214562177822254,-2.4193865461776043,-0.06285622362566057,0.0322296669438058,-19.999525393007,-0.24859884138326271,0.3103865144584168,15.833565693312712,-0.244760933917895,-0.19380277386192968,0.79275244,0.98571429,1.118618,1.4110558902852446,0.8582331818181818,1.0072160000000001,1.3232158313528237,-0.1044548,-0.11439118181818181,-0.5195647179487178,0.00125,-0.040754,0.09000000000000001,4.0,228.0,0.045789875349799836,-0.1436199786718273,-0.07856687761155223,4,2,999.0,0.01522,время,0,-1.5423191003942192,48.0,0,15.413009198423122,-1.5423191003942192
BB,1779312071,1,865800.0,128500.0,6.7,-0.0,13,1,5.084722222222222,62,1.8711908363950724,327,0.481,0.0,0.9484291641967957,0.739426205264726,2.559470039144829,1.9455252918287869,3.8731320524550084,7.106918238993698,11.892247043364002,22.29802513464991,23.49528643944887,21.123755334281658,15.65365025466894,-2.7412906910337043,15.30094271211022,0.7310338369840073,0.087799170533526,2.5317807984289953,6.019852705731665,0.8274039974328158,0.5333333333333333,1,-0.43846828412743566,10.17713365539452,-0.43846828412743566,26.054774241302738,0.9791376912378307,7.426190424435886,0.7600054169208009,71.3836442940916,85.33559962325336,0.9706413327233493,0.3292682926829284,0.121951219512191,1.3464991023339312,19.70124560819,2.6184147752036138,0.4630375257159272,2.2103145352828615,0.47774203337486326,3.5343279513085126,0.48160763208611684,0.490535396522975,1.5468914706899362,1.2839020128240017,0.5357996123599371,3.72286889473274,0.18896616837186714,-0.1967245987160915,0.04547128184072213,0.006695161585644982,3.054734303839135,0.01399436472372284,0.05022937080469303,27.267182665906155,0.11176645537226926,-0.013682679780332552,88.13882183970168,0.43309584443351534,-0.04610609297231638,0.95049169,1.03558719,1.759381,1.8510219694819217,0.9870930000000001,0.7739965,3.836709773344324,-0.025589249999999997,-0.42167475862068965,-0.20541870526315792,-0.04156675,-0.141267,0.05136000000000001,4.0,158.0,0.017503172450017424,0.4624069724300961,0.9668752338585662,21,2,999.0,0.03406,тейк,0,0.5929999999999994,0.9666666666666667,0,0.013857897827351806,1.0965630384028182
FIDA,1779360396,1,230800.0,30800.0,7.5,0.01,15,7,4.499444444444444,55,1.2090099528548979,407,0.29185634800202326,1.5079834417504268,0.6154747948417416,2.8460155781905305,3.6220947781467006,11.714936544093725,11.824104234527688,7.415519399249049,0.9112286890064603,-4.373259052924794,29.303201506591336,67.79081133919844,45.71307300509338,90.29933481152992,20.37664783427495,0.21132436609877328,0.07778926107002042,4.204823624349929,13.300330033003306,1.6436516803431311,0.4666666666666667,7,-0.4639025804581087,14.737192282102463,-12.845899974612852,31.93697156033819,0.6215407629020193,6.933341988109598,2.7045857083563685,61.656371257692015,62.67564787295424,1.032750338108111,0.2777777777777778,0.05555555555555555,3.2766990291261955,513.90553755484,0.8669330923352764,0.498987227733634,0.9869851481921301,0.5156456564764436,0.5184922904037901,0.5100355691700457,0.5117775254590522,4.800676788235542,0.8014789919602012,0.5271325696773331,10.9670147026696,0.021340526422133146,2.285295737676818,0.022334258712563226,-0.005918595948178784,9.712804490515857,0.10839426556289511,-0.023058597621283816,2.3014500728298026,0.08464267986255725,0.06438631134385608,41.14178008642462,-0.20665720961474932,-0.11876682361202384,0.81545158,0.79037673,0.978865,1.2003962270819317,1.0388229090909091,0.98523,0.31035588323898994,-0.8113150909090909,-0.3158148181818182,-0.2586083799126638,-0.00819525,-0.406335,-5.412405,4.0,73.0,-0.430740861404455,-0.413813355108017,-0.2525858443565565,10,3,999.0,0.03433,стоп,1,-2.041005299999998,2.1166666666666667,1,21.179871832216723,-2.541505299999997
PROVE,1779415290,2,965100.0,85600.0,11.3,0.0,11,2,12.92,155,2.176099210822999,58,3.4891540130151846,-0.5201560468140465,-0.32573289902280145,0.45961917268548813,-0.7460265974700064,-2.764537654909438,-6.650396583282481,-6.820950060901354,-2.392344497607657,-4.9098819142324395,28.248113998323543,35.21873619089704,33.68283093053734,17.82826338082404,37.63621123218777,0.8052797038362769,0.09816932576020909,3.8389482945016873,6.428571428571428,0.8978208232445517,0.6,19,1.090188305252715,12.256359431780627,-14.525139664804465,29.661016949152554,0.5737704918032788,-6.094835862447345,2.1342552914494473,37.73287202738535,52.22187328535896,0.03318604579818907,0.38461538461538625,0.2692307692307725,0.5895840157222221,656.71495592923,0.5882830169746169,0.5414729538965415,0.7864802407765773,0.48015144645195557,0.8516962879288141,0.4944046657394707,0.5022633290211151,272.5203661524221,0.9585177697328529,0.4898459788070122,14.70837520251,0.022396893918303008,-0.043461688880741534,-0.006690579079554948,0.0057231330430183025,-3.516854156882121,-0.023963268037883623,0.04365841983094221,0.8127816021481937,0.04411531405292313,0.0822111107064254,565.987640694957,-0.11329797086402682,-0.48714998725231395,0.97629708,1.08886619,1.039967,1.0652157230665895,0.9818727272727272,1.1014795,-0.11915958845779744,-0.990298909090909,-1.5135736170212764,-1.9657745708661418,-0.128932,-5.032989000000001,0.029714000000000004,1.0,58.0,0.3042225259132225,-0.07238891135835646,-0.30596994786560305,2,4,999.0,0.306,тейк,0,0.49765770000000165,12.133333333333333,0,2.7450980392156987,0.8084205967320262
FIDA,1779457869,2,41400.0,7300.0,5.7,-0.03,6,4,4.251944444444445,51,1.0,693,0.1520940484937546,-0.07545271629777472,-1.634067838573905,-2.3352999016715836,0.05036514731804331,-0.17587939698492372,-4.426268943949962,-8.032407407407405,-8.792470156106525,2.5025799793601644,-3.050268423621283,33.36690164484726,95.1375245579568,141.3730255164034,5.417276720351394,0.7797026902824449,0.08207720851614474,2.603870192395652,7.610241820768149,0.9732979895403785,0.6,86,3.1680083095299905,15.99584523500388,-18.048679867986795,7.233468286099876,0.23447069116360467,-7.8809701544183985,2.3303724845812606,43.859362082924214,49.523475214555354,0.18137117971383834,0.19318181818181845,0.07386363636363542,3.240391861341374,515.52509102616,0.774617947048587,0.48176054594186524,0.5171196677605593,0.4983917707285316,0.6188969210399686,0.4887475060619657,0.5034351908131667,2.677545632537617,1.0212966681578837,0.5356191411988137,12.50794288501887,0.024262529802616655,-2.3935013127309945,0.0028329599853003096,0.0021738568338109943,2.7172352325734783,0.03392324768657806,0.05445178426046082,-13.160147215658425,-0.011815791134553777,0.062451839270322385,-6.89795971947289,0.1471121922149088,0.14482235784853748,0.94460907,0.87868545,1.046497,1.1078625361918237,1.0095621818181817,0.8386135,1.6383814401050263,-0.4507567272727272,-0.44769506382978724,-0.29090556399999995,-0.057733999999999994,-0.571284,-2.0303910000000003,4.0,128.0,-0.2903307082544604,-0.1437612657202325,0.5725233121118833,13,4,999.0,0.03973,тейк,0,0.5758234000000017,2.55,0,2.1536622199848976,0.5083792446513962
TLM,1779462035,2,32500.0,4200.0,7.8,-0.0,5,4,6.0569444444444445,73,0.9558823529411765,73,0.12172284644194757,-0.3865979381443285,-0.8338678640153918,-1.1508951406649648,-1.7164653528289775,-2.9504080351537953,-4.508956145768995,-8.194774346793343,-8.249258160237394,-13.534675615212532,-12.358276643990928,-12.90140845070422,-12.507074136955287,-19.56295525494277,-4.53514739229025,0.9689692262732468,0.26589026000807325,1.2255055337015541,3.6769138034960847,0.4428054766210287,0.8666666666666667,1,0.3896103896104064,10.129870129870145,-14.773980154355016,0.3896103896104064,0.021897810218978624,-7.368158530413227,0.7654851948464803,9.919975839421127,14.212150818121074,0.00282167042889428,0.13333333333333622,0.13333333333333622,-0.703774792066536,4.327645050725,1.4202178283346836,0.3277649359343955,2.466654550073065,0.4325933031486002,1.9984477221571406,0.4334667876814996,0.4539412049761088,3.446149739058139,1.3176814957356648,0.5942131933493732,1.2467210342131598,0.2880830150347704,-0.2171824195684513,0.007190914274879834,0.013823016576772984,2.5664959322226677,0.023449411835833933,0.003665088372186709,5.798485390684394,0.06872239546114467,0.1281776216675381,29.75356489030363,0.0027415463438480447,-0.02820953201587917,2.56290774,3.34274953,1.495466,0.5835036418439316,0.8862536363636363,0.7044405,-0.7075832897038062,-0.05191716666666667,-0.04787040000000001,-0.06641032768361582,0.00125,0.007124,0.016783,4.0,59.0,-0.6743847695183214,-0.7083150021997331,-0.2721459762944356,15,4,999.0,0.001546,тейк,0,0.5972739000000006,41.25,0,1.110608020698578,0.5114877243208281
GENIUS,1779483703,2,478900.0,8900.0,53.6,-1.0,14,3,5.4991666666666665,67,1.0,0,,-0.048309178743954906,-0.14478764478764727,-1.3352408202193522,-0.2731362467866205,-2.818224518553314,-4.5957577620657775,-9.121522693997075,-4.272054287476856,6.503088538091983,39.86029743127537,43.282548476454316,49.20673076923079,31.19847812301839,53.89815232086528,0.6139217030433104,0.09708204158448434,3.506397387145693,9.779454439930358,1.1231505192075444,0.6,56,2.74788942228108,14.55057109750042,-10.30346820809247,43.481276005547855,0.7251349267540481,1.2946506278562975,2.54722913240375,47.04069427727504,67.10605192218583,0.16625320259570994,0.37037037037037235,0.14814814814814423,-1.4576325484542685,290.4247522226,0.7517614576179716,0.4521410969293509,0.8650831376281334,0.4932692059561626,1.2812071527829119,0.5039908511814166,0.5050206621155432,50.415929244004474,1.0268398704218362,0.5254463522282347,12.501452506200001,0.04304540990575794,-1.5584357050679065,-0.007574860447668974,0.0005740872644228734,-4.095913934960738,-0.056158791384682494,0.004798443182340906,-14.862649148000829,-0.03309587286955262,-0.03941107036694769,102.08526865856808,-0.4396348464493153,-0.02928200032635997,0.58655044,0.64392638,1.267085,2.160231948679469,1.0455882727272727,0.8417025,1.629404392950973,,,,0.00125,0.027551000000000003,0.180386,4.0,178.0,0.148100085589431,-1.2668727848578643,-2.229907018542221,21,4,36.730555555555554,0.6207,тейк,0,0.5934999999999994,4.1,1,20.429985500241663,-2.5179999999999993
ALT,1779496921,2,424900.0,78500.0,5.4,-0.01,18,5,8.1,98,0.950771984784068,151,0.5407228302367014,-0.0891492613346978,-1.171579743008333,-1.888444222111052,-2.5707898658718364,-4.410868770561727,-4.828339196894349,-9.03293135435993,-12.031845705315103,-20.046881369751326,8.057851239669422,7.731392474594889,17.05461056401074,12.103458130894529,18.787878787878775,0.9450845466092909,0.23207330634623366,2.031964499360317,4.445256363414918,0.49039931773888107,0.8,1,0.11485451761104049,10.209290454313425,-27.695852534562214,8.476216814159287,0.16943062465450517,-16.508929902626978,2.2684694684638367,18.200946166936475,39.201290725143565,-0.14861759696290347,0.19801980198018918,0.6534653465346517,0.18747656542934532,203.87201233563502,0.5559421640952183,0.5160207825460761,0.5785751876519172,0.49778247117785296,0.45458771029174155,0.49463812736308876,0.49135268706631907,14.771215556730626,1.1316234206219038,0.5786992640044748,5.69278807639281,0.02792334274417598,-2.559522483587706,0.007731158401407701,-0.030313978676210218,-4.774964612300581,0.030124542378726415,-0.03927942276599339,-9.76228850318308,0.04560146235993856,-0.031536670745383355,86.23558930420039,0.037186678296430964,-0.05683968298592135,1.28972868,1.51639344,1.194339,0.9260389557282699,1.1145910000000003,1.1860155,1.0807442368607298,-0.3652585454545454,-0.3428441489361702,-0.7023350830324909,-0.0375935,-1.740087,-0.21619,4.0,197.0,-0.22898573334266814,-0.612932157339463,-2.5570404803408886,0,5,999.0,0.007845,время,0,0.21136570796685747,48.0,0,12.861312938177182,0.21136570796685747
GMT,1779538599,2,2100000.0,96400.0,22.2,0.04,16,2,4.011666666666667,49,0.9545454545454546,0,,0.49545829892652105,1.416666666666666,1.2479201331114798,0.3297609233305909,-1.616814874696848,-3.946329913180746,-9.851851851851844,3.398470688190325,20.854021847070502,14.595103578154433,18.963831867057678,20.495049504950515,9.738503155996403,27.118644067796627,0.635245417423205,0.11014933094451704,5.023887451362974,5.790645879732736,0.5999999999999998,0.6,15,1.670843776106934,13.78446115288221,-14.77591036414565,21.57842157842158,0.5058548009367683,-2.623577848387204,1.5018604121509673,48.67753806361379,63.36226479262709,0.21549038576194557,0.1250000000000054,0.5,0.49792531120331773,125.60088295591,1.01019591428493,0.5027237888197144,1.48177771452237,0.47298910467442873,2.267037113391103,0.48468869692086114,0.4989144279709972,40.21205490465754,1.1054949909415255,0.5598486541828455,6.6041672651842,0.052580579927152885,-0.14534298244600619,-0.005932540059470193,0.0008487396929643953,-3.57885694574398,-0.00516289291966987,-8.153373101404959e-05,-18.261720382492964,0.23398164028637525,0.02339037327172111,166.64411708297595,0.12707655209294821,-0.26119585622857155,1.52113999,1.63676149,0.981109,0.6449827145757966,0.9932312727272726,1.0262445,1.853633271907182,-0.054097875,-0.4632691282051283,-0.319509861878453,-0.030160000000000003,-0.5115669999999999,0.002001000000000003,4.0,223.0,-0.09817283501480922,0.09031789486941832,-3.6159798902895557,12,5,999.0,0.01217,стоп,1,-2.021999999999998,2.4166666666666665,1,21.94453574363189,0.07882502851273628
FIDA,1779547882,2,254400.0,23900.0,10.6,0.0,15,8,19.15222222222222,231,2.720855614973262,750,0.9346069066862601,-0.33152501506931165,-0.7205043530471245,-1.430700447093891,-2.0148148148148137,-2.3907910271546595,-3.190866510538648,-8.164398778117189,6.129653401797186,-2.275413711583929,-15.118069815195067,-27.334651724895622,6.574282951981969,103.5076923076923,-7.571868583162223,0.8058631587630743,0.10342372967411896,2.253696869067623,5.5221432476763255,0.7005121646345586,0.6666666666666666,4,0.15142337976983278,12.477286493034523,-17.490019960079827,6.437077566784688,0.2219755826859048,-5.4863171535395105,1.4316354552446973,42.367076824778124,42.65210878869799,0.18149591957313166,0.22222222222221366,0.47222222222221366,-0.3278688524590345,132.13081669446,0.7804186638728581,0.35176626723391213,0.5480148345438631,0.4172481721252229,0.9671885435929362,0.4790078149863503,0.4965011729777692,0.49082383843931365,0.9809734151193451,0.5663934410238745,7.53482371073722,0.05702548352638118,-0.9343667588950999,-0.017411144087654318,-0.009218348718811331,-2.900349192939611,-0.030575873848207258,-0.031862306865693246,-8.496151786595485,-0.005411828824377518,-0.036182726002693455,-35.28626589963475,-0.021439594496438175,0.05320104130851222,0.91570248,0.85886674,1.072106,1.1708016778550168,0.8643250909090908,0.554406,1.040634101480624,-0.1658801818181818,-0.22193877777777776,-0.2947052688172043,-0.026562,-0.7562340000000001,-1.646964,4.0,68.0,0.7075289085632264,0.9297104638919418,-1.7578175870313628,14,5,999.0,0.03307,стоп,1,-2.1000336,24.433333333333334,1,21.34865436951918,-0.9638855381312363
RIF,1779582700,1,288800.0,8900.0,32.6,0.0,9,7,7.93,96,0.48998982015609094,155,0.409297052154195,3.9215686274509887,9.232386961093585,7.692307692307687,5.547652916073975,3.342618384401108,5.655004068348246,10.675474110377149,11.74698795180722,14.48093453824113,7.092783505154632,-28.486851163431094,-28.45730027548209,-29.99056476614099,-3.237113402061864,0.20616907693085634,0.18020199314245475,3.3203302258280054,9.36644916859608,0.8528206635997984,0.5333333333333333,1,-0.07695267410542384,11.139619414154378,-0.07695267410542384,16.4051994621246,0.9945652173913045,10.968374977398842,0.9749977860322565,70.09403076577178,62.035812544873295,1.416014683669605,0.2669039145907476,0.27046263345195615,2.693742229589735,23.69303093945,5.173400323008456,0.6140144596727417,1.9446850560196656,0.5576773078098474,0.9886607918802541,0.519458026170317,0.47865681953409295,3.338030968426142,1.2791061156505235,0.6414162055976603,3.4487814450500003,0.14556100711064446,5.965036389220013,-0.06428511097237843,-0.03428727092706607,-0.4877174769289061,-0.061366645423128974,-0.03138308539621626,0.4639906403343552,-0.16636464594435119,-0.0604981329781632,15.351531105974537,-0.05565021232816547,-0.14110382283669098,0.60587147,0.73608534,1.106053,1.825557159837878,0.9966166363636364,1.408645,0.04346323503171918,-0.5241419090909091,-0.8539310425531915,-0.6914155575539568,-0.08388925,-1.8030519999999999,-0.438723,4.0,208.0,0.07114028080177359,0.9269401102691255,1.5888223235499543,0,6,999.0,0.05194,тейк,0,0.5930000000000005,2.3,0,16.242857142857137,-1.6839937606854076
FIDA,1779635780,1,812700.0,28000.0,29.0,0.02,12,4,6.328055555555555,77,3.3721991701244813,1034,2.9856722997795737,2.8823682160477704,4.814814814814827,7.956403269754775,9.26640926640927,6.27682403433476,7.342183690056903,10.794183445190164,11.167227833894522,19.734058627984297,17.986896962477683,1.6157989228007263,-14.667241007968979,140.55859137826357,6.4919594997022045,0.12144112265596989,0.10894930177501266,3.3158264453873265,8.873626373626365,0.861461241461241,0.5333333333333333,1,-0.07566204287514644,14.067894131185277,-0.07566204287514644,23.50374064837908,0.996036988110965,13.074001005391622,1.5121107213162102,70.04928530396663,69.33006454406654,1.6837999269242083,0.047393364928911295,0.0284360189573448,5.358615004122003,100.79364207280999,3.56691871613224,0.5522761199484187,1.5654827543842222,0.5240076234265922,1.504930849681233,0.5062539452792608,0.499668856266937,0.34534365823009033,1.0698636135243,0.5347602706265819,9.19543159294606,0.09123027409113349,5.048204258052791,-0.0043796612794082534,-0.008133027083585653,5.9636014971873985,-0.009155954188308946,-0.01307513324174836,10.852075662648652,0.037557064589433864,-0.07022673430270043,20.004878373371394,0.12407315676588282,0.018195832684045232,0.97780434,0.91407089,1.097721,1.1226387070443968,1.0744475454545455,1.2509245,1.0053632790059988,-1.1008580909090908,-0.9046705319148937,-0.4196764105263159,-0.079791,-0.7803359999999999,-1.706529,4.0,43.0,-0.008498931749656435,-1.0261872529657157,1.1531456220015723,15,6,999.0,0.03962,тейк,0,0.5255184000000005,5.533333333333333,0,3.4578495709237655,1.5522725635537615
D,1779645983,1,6000.0,187.5,32.0,0.01,13,10,8.914722222222222,108,1.0,27,1.1320754716981132,0.6948156066274747,0.7409670766175269,0.2813474260512594,0.6717557251908257,1.6886421466574264,4.509073619145743,8.222550467749867,6.389157792836397,5.554666239795103,5.234599425470798,-2.900898247680761,0.6256676331451327,-5.040322580645151,-2.7609320140440374,0.888039593121697,0.142627004489163,4.335340255976128,5.725688222837588,0.6963396874600691,0.6666666666666666,93,-1.0875271881797044,10.035487331847825,-1.0875271881797044,8.838821490467952,0.880756578947369,4.092064192074618,0.6797574046131523,76.09362375824334,66.13848130109776,0.9731550796494646,0.26923076923076067,0.3525641025641107,-0.4491815759421369,3.7443194170500003,1.5896476417563383,0.46685271070998596,2.1832189933775723,0.46688186321118774,2.9710460888276957,0.4854749003588539,0.48112703603084284,0.9262227925594688,1.0598774663543877,0.5337077938378255,2.528854998462,0.6753844201823956,-0.29328434517752466,0.004901099158218125,0.0031600381120124865,0.14547118142032023,-0.01224112677536493,0.020306527224549065,5.647669328080829,-0.07588021924647204,0.048805037989746,3.688230098542178,-0.1809485289320676,0.03532288108286452,0.97750643,1.09872804,1.612973,1.6500894014579526,0.9740851818181817,0.851855,0.6868512817564177,-0.08736066666666667,-0.09721347368421053,-0.0714803164556962,0.00125,0.017006,0.050413000000000006,4.0,113.0,0.021527794992759475,-0.1346968019279582,1.5962712587682226,18,6,999.0,0.013188,тейк,0,0.5935000000000005,3.7,0,0.9856687898089245,0.9996931784652721
SUPER,1779658277,1,1300000.0,3100.0,417.4,0.0,21,1,21.06888888888889,254,4.072681704260652,0,,0.47095761381474865,0.54988216810683,8.108108108108114,8.658743633276744,8.47457627118644,8.291032148900168,7.744107744107742,8.75106202209006,3.5598705501618033,12.084063047285465,14.592658907788735,10.060189165950128,7.834877843302435,4.028021015761829,0.07635307881017528,0.26220963905589423,0.5071862097960178,8.851063829787243,1.1429417206290486,0.3333333333333333,2,-1.081916537867067,10.409556313993162,-6.773488710852149,12.97440423654017,0.6125,1.2701412159347392,1.1967752962433453,84.30151061598933,66.51593465126544,1.5756943960351677,0.0666666666666672,0.009523809523809788,8.199492814877441,87.4924141787,6.682740090131636,0.5318494871132243,1.7593066697738151,0.5339358535956618,0.5796124385940851,0.5233475534956685,0.5012357926005923,39.92081951892229,1.0602510472236084,0.6329195022868339,5.8535115520000005,0.0669030750488199,18.082125716203446,-0.06756623910386361,0.044070639705829695,23.589781188954383,-0.0764484379230157,0.04651728535775512,26.146710936335072,-0.0792490341530162,0.04257566017660874,165.69183455933563,0.1634186277337426,-0.3040944853491063,1.49464369,1.7272,1.31207,0.8778480174094202,1.9578836363636363,1.130864,3.3763361513441383,-1.8426815454545453,-0.7794589787234042,-0.9699850144927536,-0.056946500000000004,-2.124767,0.081404,4.0,148.0,-0.20404462367203946,-0.12690835832548375,-0.28912094458342086,21,6,999.0,0.128,тейк,0,0.42349320000000057,26.516666666666666,0,3.7642421875,0.6747962
RIF,1779672682,1,1700000.0,3200.0,530.3,-0.02,16,1,12.415555555555555,150,1.3076923076923077,279,2.7709861450692745,-0.2603682350753256,0.35553892215567373,1.764705882352935,2.5430210325047664,2.601874880428534,4.014740108611314,4.9100156494522595,7.453416149068315,10.236382322713244,4.541910331384003,13.79164014428178,-25.90494611771208,-25.139586823003913,-0.35087719298245723,0.7618962362049911,0.11220700937091482,1.5147333971761157,4.3977427515080825,0.807470022894229,0.6,2,-1.2884226026136703,10.494203782794397,-1.2884226026136703,16.968375136314062,0.9174528301886785,8.785188849856219,1.4272136056817966,66.09136396928542,66.0573920757586,1.0352194314459797,0.028169014084505804,0.0,2.631077216396571,20.811871124089997,1.7377969120352892,0.45709142571841904,0.9058180603597359,0.43822922969053557,0.7055894749301206,0.4545836262697733,0.4776397025774228,2.0571225185243893,1.0734899091465862,0.46623684704811064,3.501305614,0.1682359838345912,2.320894045369304,-0.002696630585910853,0.0018735612113620626,3.0790215832057433,-0.018446201946016427,0.008599256657301657,0.8754702010736581,-0.01664168356646878,0.0011441762332233818,6.881092635111008,-0.11984750217100548,-0.11110032791789493,0.54541143,0.68028504,0.998365,1.8304805236663264,0.9998929090909091,0.8365290000000001,0.1783029349756394,-0.3857918888888889,-0.33445512820512824,-0.5094802830188679,-0.033994,-1.167148,-2.2503439999999997,4.0,148.0,-0.05208603265094425,0.8449083909090271,0.3507210856743104,1,0,999.0,0.05363,стоп,1,-2.067919699999998,25.85,1,20.416837590900627,-0.7500238784635459
SAGA,1779716848,1,872200.0,195000.0,4.5,-0.02,20,1,4.185833333333333,51,1.0958663148636762,51,3.9663483401546156,0.0,1.3234721681588235,3.4167659912594406,4.496186270574065,7.075277663512969,3.211736716891367,17.04136690647482,21.521942110177395,33.07770961145194,36.49711588883062,31.00150981378964,27.97443461160276,20.5650764242705,16.622968012585204,0.5642118570710037,0.1389688663819683,4.794131162211102,10.599909788001805,0.6069612426411368,0.8,11,-1.139384732244586,19.14027149321267,-1.139384732244586,39.049145299145295,0.9605781865965837,12.235336664271014,1.0944277970694698,71.50932960881661,87.26571878534101,0.9424151677621386,0.3441558441558437,0.0324675324675334,3.864734299516903,73.900555946392,7.9116337507739285,0.5053877251075666,3.8690059538983936,0.5063563964336892,3.8900402052954144,0.4927303118011629,0.49072423438830076,4.654037856325541,1.2458105566784832,0.495618243489179,8.9821546314732,0.1215438032426836,2.127819283145893,0.0004627824817520221,-0.014828067256658306,7.736209582075282,-0.05233951047722407,-0.021473700301176013,27.726741579231163,-0.14960284445187677,-0.1120535233835962,59.314142077996394,-0.13363763509355098,-0.3100261192192296,1.33439721,1.41844156,1.485126,1.1129564636904479,1.0395287272727272,0.931843,1.6270256800055436,-0.6544961818181818,-0.7930888297872342,-0.40185170689655175,-0.11064075,-0.4535969999999999,0.08466500000000002,4.0,132.0,-0.0043971506463957866,-0.29722797837263837,0.4813577824273052,13,0,999.0,0.02603,тейк,0,0.5930000000000005,0.8,0,0.6530925854782987,2.2911438968113718
ERA,1779735715,1,488700.0,21500.0,22.7,-0.01,20,4,12.17,147,0.9690660321237359,159,101.8125,3.116710875331563,5.209742895805158,8.513607815771106,9.738884968242779,9.046283309957914,8.589385474860345,7.911172796668975,7.31538992408558,0.06435006435006052,22.248427672955962,19.79969183359014,21.57935887412039,25.100563153660495,13.286163522012572,0.07533233151541512,0.21379135527786317,1.332885394005645,9.971711456859978,1.2604593166083542,0.4666666666666667,1,-0.3205128205128194,10.716820440028396,-6.774580335731417,24.899598393574294,0.7328605200945626,1.679432316656304,1.4673466127705517,78.2613646401486,70.6747546356106,2.453290243765668,0.18181818181818019,0.03896103896103835,4.192872117400426,59.384519102599995,4.681965270410465,0.5098246789671298,1.5304995491463145,0.5061740639474349,0.7478015233309471,0.5123827732758163,0.4932934084468732,56.5458418079618,1.2524783450999957,0.5787645636541342,3.62934863,0.06111607342865724,8.459133234371041,-0.0007200750306320947,0.022397469736522124,6.966545741994445,-0.0030716253747571365,0.01307046658581723,8.123464519610701,0.0493731928592247,-0.032205153220858374,128.57792799179455,-0.292157263612549,-0.3121881195627445,1.56717949,1.73405211,1.269742,0.8102084082277008,1.0335029999999998,1.1016835,1.0268344186630727,-0.5943358181818181,-0.4740160212765958,-0.6567052880658435,-0.047687,-1.4113109999999998,0.0003169999999999995,4.0,58.0,-0.014834268967223174,-0.21203351339660337,1.1474258929643266,19,0,999.0,0.1555,тейк,0,0.4283459000000005,7.466666666666667,0,3.4276655948553003,1.2241833919614153
RIF,1779765952,1,776200.0,74900.0,10.4,0.38,20,5,38.32388888888889,461,0.5970769230769231,279,1.26519967400163,0.046721694440132744,0.6896551724138167,1.8873909595559235,2.4561403508772006,5.00163452108533,5.884292071864183,7.984535216002686,9.493778762570315,11.141868512110742,21.6436281007385,37.030716723549496,37.50000000000002,-7.714408849303256,12.649119484946025,0.8326699787832581,0.17234965304410682,2.2095891282263747,4.761904761904767,0.583112420225822,0.8,4,-0.4802478698682999,9.499575911789648,-0.4802478698682999,26.456692913385837,0.9774545454545461,12.479452929135547,1.1234391311518854,77.36801695022271,78.5456272856543,1.2676863918688244,0.15923566878980885,0.6050955414012684,0.5868358445678235,20.79119459133,2.7932177472965987,0.5833561831562241,2.614360035686766,0.5637647650768334,1.2230429656487265,0.5331980759612398,0.483451499414638,1.6052079761159908,1.1096062024911755,0.6374808840295286,3.8317168965187998,0.184295177445775,3.1153949676949955,0.029247664336857326,-0.008225933405419106,11.664969028536532,0.0893915507636509,-0.011076118710782068,16.89392102302847,0.05045420682440227,0.016467297639758627,12.543336340674372,-0.0316133449131194,-0.050386294927779574,0.54932009,0.61962932,0.997931,1.8166657622152504,1.302376,1.377885,2.1158302350736085,-0.6005369090909091,-0.2448501052631579,-0.25457506542056074,-0.00771875,-0.45919699999999997,-3.447492,4.0,34.0,-0.26676327658803345,-0.9384505857226055,-0.6841670862683835,3,1,999.0,0.06424,тейк,0,0.5836070000000005,1.9666666666666666,0,7.072369240348686,-0.5315157049813198
MMT,1779784270,2,1400000.0,197500.0,7.3,-0.01,23,1,4.072777777777778,50,0.875,11,9.067357512953368,0.0,-0.4552352048558306,-0.6060606060605989,-0.8314436885865417,-2.5983667409057,-9.078309078309077,-11.530681051921764,-4.927536231884055,1.156515034695449,2.021772939346822,3.6334913112164413,8.879668049792544,4.792332268370614,15.318818040435467,0.8999283129169876,0.17846260321145896,4.1775986180136115,7.903780068728505,0.6926330344252614,0.7333333333333333,2,0.45941807044411753,16.156202143950992,-13.513513513513509,3.7154150197628466,0.1865079365079369,-6.765503187029598,1.1871877939764794,35.10467902993511,47.16903042861055,0.08870235382668541,0.5454545454545523,0.45454545454544765,0.0,40.896595022,0.8228990491823638,0.38962923987154996,1.4310077879226333,0.46110739862116873,2.4570146094692156,0.46845417344846657,0.4897872475844183,19.11890264399479,1.1107864586005358,0.5877155441236059,4.0194049237,0.0982821411302773,-0.44602644869210506,0.009956330333569907,-0.0022579736752598167,-3.3604323451461693,0.058383018745772564,-0.001120388284107099,-15.312199105963376,0.13806430534366365,-0.0004154957186354169,56.76232819722156,-0.09733928936162173,-0.13810867250710046,2.52708638,2.7369727,1.364068,0.5397789370381554,1.0308091818181817,1.036985,1.327952706090276,-0.282236,-1.0452337941176468,-0.5622926165803109,-0.06468449999999999,-0.925571,0.05956100000000001,4.0,208.0,0.12925339534712865,0.091525423728811,-0.667905349453457,8,1,999.0,0.1312,тейк,0,0.5671718000000006,17.466666666666665,0,1.2195121951219523,0.768566629268294
PHA,1779809785,1,773600.0,232800.0,3.3,-0.01,14,2,4.913888888888889,60,1.7722794959908361,43,0.7032727272727273,-0.562640660165048,1.33792048929664,1.473684210526316,3.960784313725485,2.592879256965941,2.732028676613041,7.676685621445967,10.550458715596323,17.1971706454465,10.137100124636467,43.33603676669369,62.04156479217604,58.36320191158899,2.2850020772746005,0.5274644660133118,0.07594738896362971,4.125777549693188,12.101774641864438,1.5284323602951178,0.5333333333333333,1,-1.3397841458876125,16.87690300130493,-3.2305165176127026,21.327231121281454,0.8403967538322812,8.463928410450006,1.8532832388604525,64.3682889667057,63.823704096930825,0.9295592932220227,0.3539823008849539,0.05309734513274739,1.299961195188204,184.42739403109,1.0042932854010644,0.515347886768058,0.9376334389875345,0.5173707642057183,1.033364795634713,0.4893723457158591,0.50122156721765,12.154887011896346,0.9653712627148694,0.5213379152122054,6.69299209276,0.03629066130832887,2.8707685760890334,-0.028586012292240226,-0.005144094793586906,-0.7334947216240284,-0.021546635893869737,-0.007194025592674458,-3.2834647829743435,-0.09703180955000212,-0.02671469000983151,26.286575256422196,0.09219655303427432,-0.08440346366877771,1.17409667,1.11555722,1.141433,0.9721797439388019,1.1182049090909092,1.092551,-0.4277190632636427,-0.1133232857142857,-0.20431104999999997,-0.26038145283018865,-0.03115525,-0.6533680000000001,-0.0014889999999999908,4.0,23.0,-1.6790934640606658,-0.7544334624402405,-1.2223659052611469,15,1,999.0,0.05302,тейк,0,0.5844643000000005,14.766666666666667,0,17.003715579026778,2.392301084873632
RONIN,1779869806,2,2800000.0,131700.0,21.1,-0.01,15,1,4.1738888888888885,51,11.940298507462687,293,5.21901211556384,-0.3285870755750375,-0.7633587786259555,-0.9793253536452662,-0.9793253536452662,-1.3015184381778844,-6.0887512899896805,-9.27218344965105,-1.6216216216216273,2.2471910112359605,4.23825887743412,2.708803611738153,3.1746031746031633,-15.111940298507465,14.89117983963344,0.9408176811009131,0.16339606769859763,2.5158559636154987,5.679513184584173,0.5685136464964953,0.8,23,0.11001100110010764,13.091309130913098,-11.478599221789887,6.060606060606055,0.3058823529411762,-5.675903992139409,0.9018200204181809,36.01610363570531,50.29202186810145,0.12729646193995517,0.2307692307692357,0.30769230769231426,-0.6528835690968293,51.91242348797,0.9105610581080663,0.42129704091245274,1.2484621430563532,0.4707989752405596,3.9219900326356667,0.47443784632605557,0.49717554547768356,0.9768666939764439,0.8258331835158711,0.5148123685267614,5.47611859639767,0.10548763144657822,-0.8757053782137092,0.022100226259780253,0.007336305739233717,1.155381939043898,0.006702587040553709,0.05634306589621052,-10.64798537319479,0.014718108923370998,0.07649672584585843,28.437161856274162,0.11365938070247705,-0.09611098895221348,0.71621622,0.87460938,1.520965,2.1236114982148826,1.0542857272727273,0.7755110000000001,1.1483794977757389,0.03608966666666666,-0.9857452916666667,-0.30287865662650604,-0.02244825,-0.116365,-0.49571400000000004,4.0,223.0,0.16579194694656962,0.37473594541792554,-1.130926943161803,8,2,999.0,0.091,тейк,0,0.5906272000000006,13.466666666666667,0,0.8469340659340796,1.1729261197802199
SAHARA,1779995205,1,62700.0,18400.0,3.4,0.0,14,10,15.91388888888889,191,2.3660377358490567,7,4.8984375,0.3148254149971441,0.9213936078318552,1.4765489287782207,3.5450516986706093,3.5144713526284566,3.6675539781129807,8.245830759728223,7.186544342507628,7.812980621347276,5.795351645034708,2.067559697146182,-1.4341957255343152,-0.08551881413911833,-2.263809236341685,0.7643651080132668,0.15327649162528822,3.9482808247646606,6.3197026022304925,0.7664118736337957,0.4666666666666667,9,-0.17089148390773135,9.172885572139311,-0.17089148390773135,10.812519759721773,0.9827586206896539,6.048576355626012,1.0175274147041018,72.48130616030488,66.23489810875867,1.022892999606533,0.3396226415094315,0.06603773584905685,1.8464243845252248,34.02172748412,2.715508435726618,0.5219607352252816,1.627699256649677,0.517021339690697,2.129601305503904,0.4831957830403532,0.4860553918773984,1.0741936202551015,0.9772554500033325,0.5092855508883692,21.69286966118,0.6376181124637301,0.4701147257629934,0.00027581734425674576,0.004185263419389074,4.615624034271537,0.022829118528670422,0.014931485562632796,15.088262539550978,0.045106512400359344,-0.05381361768267745,18.60633576424453,0.23659565322358334,-0.1461097257500269,0.42231615,0.52800503,1.325873,3.1395271054635256,1.3382194545454544,0.9167825,1.829805022586745,-0.001695,0.0080545,-0.0267504,0.00125,0.030000000000000002,0.09000000000000001,4.0,53.0,0.14717444115879275,0.8615363539847154,-1.8314666666666701,19,3,999.0,0.03505,тейк,0,0.5950000000000005,16.333333333333332,0,2.624821683309575,0.6693238231098437
IO,1780060554,2,6300000.0,541400.0,11.6,-0.03,12,0,4.073888888888889,50,1.3695652173913044,12,7.048951048951049,0.2686727565824887,0.9740259740259827,-2.456874019864097,-0.3205128205128305,0.7559395248380119,-3.8144329896907303,-10.245310245310247,14.478527607361947,10.74183976261127,17.654476670870125,6.811677160847163,3.6666666666666625,21.801566579634457,31.084489281210594,0.7842448901981026,0.0970443154619311,5.7348097745838045,11.808118081180808,1.0802623310075885,0.6,64,1.967213114754096,21.03825136612023,-21.662468513853906,19.46222791293213,0.370731707317073,-6.27891475941923,2.777842457738994,51.63048253921922,57.674614385402016,0.4173491683174108,0.20547945205479468,0.23287671232876425,-2.155625657202953,95.05795361382002,1.362894988238467,0.4535547831871707,1.2651808618387423,0.49723903821656384,4.350925980160277,0.48487525166555845,0.49032933091832975,5.324548504529127,0.9386803816941837,0.555283537921607,8.45465168815,0.08894207551003727,-0.11710831019399182,-0.005168654483769353,-0.005718193979837194,0.6113384942389555,0.07787358865608018,0.014781936798110573,-11.89317469485961,0.05507387937647801,0.14524221624728328,120.88717977249664,-0.008624181551733945,0.03407703887733593,1.65997811,1.67439166,1.38687,0.8354748726174468,1.038916909090909,0.9476395,1.1608408540193955,-0.7063238181818182,-0.9622807234042553,-0.41266044785276074,-0.11811025,-0.447441,-0.19340100000000002,4.0,164.0,-0.32140178632303895,-0.9289188680037919,-0.2853693637163479,13,4,999.0,0.1866,тейк,0,0.5566920000000005,9.633333333333333,0,8.272154340836014,0.36934595573419005
ORCA,1780100825,1,77000.0,6800.0,11.4,0.0,17,7,15.260277777777778,184,1.9743589743589745,0,,2.478134110787167,3.687315634218269,9.50155763239875,9.929632525410481,9.75800156128026,9.929632525410481,8.487654320987637,9.58690568978955,10.447761194029859,9.929632525410481,10.70866141732283,3.079178885630496,1.0057471264367734,1.3291634089132254,8.03059776611618e-06,0.3127941565586349,0.39108379919989833,10.101801096319507,1.2020216533877426,0.26666666666666666,1,-0.6360424028268641,11.067503924646793,-0.6360424028268641,12.84109149277688,0.9467455621301768,6.810347064327504,0.33912317758364185,86.42006270306288,75.97177886778726,5.360615084692863,0.4999999999999815,0.0,0.23455824863174435,8.1455822069,46.629712148194265,0.5454038241240825,11.914935260120135,0.5459756723649118,3.1752011694254474,0.5401776893301365,0.5234633887296727,0.4946331932494943,1.5648960555314477,0.6680031228231705,5.51824042555064,0.6774519347280322,6.411600083631264,-0.0010047546092919468,0.005590644263038014,6.363018426850542,0.020084297545903018,0.0072421931983055465,4.905562040693323,0.06005363400634822,0.0142815667763454,5.916262667458305,0.13557831893584704,0.06010252090310786,0.5450676,0.64877589,1.404427,2.5766106809503997,1.7213200909090907,0.7229955,0.5779644004307781,-0.15296366666666666,-0.07117693750000001,-0.051659220183486246,0.00125,0.030000000000000002,-0.016585,4.0,212.0,0.10317259125389722,-0.23756227690335807,-0.3750454395017089,0,5,999.0,1.406,тейк,0,0.5929999999999994,0.05,0,1.039820056898999,1.1582436385490753
EPIC,1780121778,1,159700.0,30000.0,5.3,0.06,15,7,4.06,48,1.8045197740112995,8,1.27555910543131,0.40766408479413485,0.32586558044807035,-1.0843373493975905,-6.775170325510982,1.6089108910890992,2.8392484342379953,10.646900269541781,13.817005545286488,8.645787384208203,26.56731757451183,26.372498717290927,18.641618497109814,2.4116424116424007,14.388489208633093,0.8031970489260134,0.0957389098295653,4.007822356741064,12.599082186065914,1.177855372436836,0.7333333333333333,36,-9.448529411764717,22.910076818798018,-9.448529411764717,27.089783281733748,0.6713554987212274,4.944456107003514,1.8800345588702658,57.7432605802722,66.20038767073859,0.7157258147030529,0.020408163265303886,0.5714285714285731,-2.3724792408066464,27.439145278250002,3.566437241963583,0.459139122415019,5.709052106599393,0.47603633206377866,2.225446643838555,0.46937191125109556,0.476977668391306,7.213813290974324,1.1822370342409507,0.5141867531884994,2.9930596433694,0.10907991531871396,-0.4728263385221587,-0.014253693281936264,0.014014821507319475,8.2497566361309,-0.023734768263938055,-0.05904811333590032,43.26166786780199,-0.06600729175598397,-0.18840561323892147,77.01805086174961,-0.3600715409981473,-0.3225936251544851,2.22233659,2.5,1.791244,0.806018317864262,0.9348630909090908,0.91174,4.063311083279629,-0.044844333333333326,-0.0414324,-0.05220226744186046,0.00125,0.028739,0.089843,4.0,103.0,0.051041519213379516,-0.17206771890082573,-0.21231681904877453,6,5,999.0,0.2463,тейк,0,0.5933716000000006,3.7666666666666666,0,16.537332521315484,-1.075991980998782
VTHO,1780126849,1,845300.0,795.4,1062.7,0.1,17,4,4.062222222222222,50,1.0,0,,-0.917571494112257,-0.7049808429118731,1.711145996860286,5.07622445669802,7.002477291494613,12.248787248787242,14.006686609185293,20.786726323639073,35.60066973629132,36.0848561226633,36.68776371308018,30.36217303822937,26.59241891363815,19.36567947910102,0.6783449081228086,0.09831522415307282,7.714750766259737,10.991379310344819,0.7915184417285026,0.4,4,-2.336448598130836,22.37594539752812,-2.336448598130836,38.82579815727447,0.9211997966446365,11.386918914262377,1.5169565471440989,72.10469558910248,87.16309460487031,1.0474810833962105,0.05215827338129336,0.10251798561151046,7.7239112571898305,39.66023958068159,10.550005218174944,0.5107636715508286,7.744676323894494,0.5002896140522549,4.243968517118911,0.49256726995363215,0.49656443312709925,42.37214469785373,1.1000882211890783,0.4756475040280409,3.9111655374476,0.09861679048839432,4.1675259772298245,-0.014411032339777918,0.01699128127179894,29.638262037903786,-0.12058568656161217,-0.07726039233279625,83.84099789886731,-0.18201499154361145,-0.054231724970776884,266.61958592218895,-0.2989408806693086,-0.4336516607307669,1.59210526,1.50230061,1.221734,0.7673701172245357,0.9931197272727273,0.9777145,5.985783807277171,-2.102550090909091,-1.6178002127659574,-0.9875732522522526,-0.09772349999999999,-0.36589399999999994,0.08125600000000001,4.0,19.0,-0.0652383101103049,-0.13880098763286997,-0.27965161538817673,7,5,999.0,0.0006479,тейк,0,0.5018868000000005,2.283333333333333,0,2.8090754746102897,1.9734619743633282
NFP,1780143661,2,912300.0,72900.0,12.5,-0.14,12,4,4.075555555555556,50,0.9784427284427284,25,13.298833819241983,1.8488745980707488,3.0081300813008083,2.674230145867096,2.5910931174089047,-1.6304347826086918,-15.080428954423585,-13.515358361774743,25.94433399602387,32.809224318658295,35.07462686567167,36.38320775026911,26.06965174129354,23.369036027263878,56.18336886993605,0.5674430611664917,0.06824333309823225,12.468960204306168,22.20248667850798,1.6871577116637055,0.7333333333333333,22,5.495420482930902,45.37885095753538,-27.43413516609392,37.86724700761699,0.4207980652962516,-11.283014022182837,2.883634576502395,45.93612033905314,57.388235725432544,0.24215211314794316,0.21153846153845973,0.6730769230769228,0.4854368932038833,97.778358239598,1.680375172170773,0.5415781944883579,1.78009107196713,0.5064157646199711,4.361520320356192,0.4925616302538063,0.49271419545991624,46.01634193366534,0.975929368461406,0.496604211050845,3.00459088081552,0.03072858795044412,-0.8481913989489831,0.02565114945176017,-0.012269448502556624,-5.641615257355747,0.10686282234822819,-0.00979843293724969,-23.131111958468765,0.039327745051035645,-0.11596721799507925,96.89781144156831,-0.32361174647341107,-0.5433449082580737,2.03826896,2.31043771,1.211574,0.5944132122779321,1.0638058181818182,1.0331185,1.7114686373311487,-0.15205812500000002,-0.6765332500000001,-0.48228174999999995,-0.03677175,-0.405244,0.09000000000000001,4.0,218.0,-0.016172279625503716,0.06229173750424977,0.3215381468603118,12,5,999.0,0.01267,тейк,0,0.5930000000000005,0.9833333333333333,0,11.14672454617207,1.2337626303078146
IO,1780177558,1,1700000.0,200000.0,8.4,0.0,12,0,36.575,440,0.3695652173913043,12,1.902097902097902,-0.26150627615062483,-0.05241090146750338,0.6863780359028571,2.74784482758621,2.1424745581146265,5.242825607064017,7.74011299435029,7.49718151071026,9.03373356203545,6.121313299944364,15.505754088431267,11.651053864168626,27.133333333333344,-1.5025041736227096,0.9427433065357382,0.22016438577728883,1.6546948127725836,3.658536585365857,0.4726722449706249,0.6666666666666666,2,-0.573514077163706,9.350057012542766,-0.573514077163706,14.055023923444999,0.9552845528455289,8.874388508083953,0.9175071600952557,72.81789953758596,66.38075163310234,1.0369119818985133,0.15384615384615166,0.0,1.756253326237367,32.81148927667,1.5142593307194891,0.4637576558378863,0.9639560219904159,0.4734547041742428,0.5719221605946103,0.5158337795058108,0.5076365995899235,0.9922558681702204,0.8980540158470304,0.5554362519007287,6.10695731652286,0.18612252753992176,1.6199956144710148,0.012981743398039258,0.010164366968858918,2.262202216200415,0.010522229297459162,0.007697153200746376,5.004111046608117,0.008120732358143146,0.029818028659768236,-20.57274060501485,-0.09338068448343284,-0.08638347741902619,1.50512383,1.56034483,1.290984,0.8577261048348427,1.0022099090909091,0.8272625,0.6465165366785663,-0.10026455555555555,-0.096819075,-0.1966002971014493,-0.004215,-0.39940699999999996,-0.8624569999999998,4.0,134.0,0.08255123928355701,0.04883763717831169,0.5142974416964208,21,5,999.0,0.1907,тейк,0,0.5728139000000005,10.85,0,5.94433141059254,1.2155155375458844
PUNDIX,1780200701,1,441400.0,9800.0,45.1,0.1,15,5,4.0075,49,2.2349367088607597,18,7.996376811594203,0.545785324439052,1.2210012210012167,1.344743276283622,1.2210012210012167,1.282834453268178,0.7290400972053579,11.800404585300072,23.823749066467514,23.363095238095255,22.8148148148148,26.275704493526277,26.37195121951219,16.51440618411806,9.851851851851844,0.6481805544174958,0.08639312990907645,8.577564815541638,8.771929824561386,0.7627988098902216,0.5333333333333333,101,-4.2725173210161564,18.306010928961737,-4.2725173210161564,24.474474474474462,0.8150000000000002,4.550856979284945,1.7012784184032692,67.37649542851436,92.23556803836577,0.7208633184876322,0.3181818181818199,0.4545454545454534,-0.30525030525030417,25.3600486931,7.191468207993666,0.5324590833707858,5.523311373755795,0.522774159732687,5.336839443972527,0.5059510151209091,0.5085930129546357,27.700321867581795,1.351159665093348,0.4937548320313319,3.04993333552536,0.12026527915757473,0.882116433066904,-0.062195191897863156,0.03877800991269997,17.829875684438523,-0.025640152094767665,-0.0036569078352056694,125.36363234714898,-0.06109841952437112,-0.008821804773691766,192.66568069095845,-0.17604410710036733,-0.31812331860905385,1.50179579,1.33253589,0.98547,0.6561944084288583,1.116164909090909,1.382277,10.623672386904106,-2.8755184545454546,-2.4101719787234037,-1.9155200666666663,-0.32153925,-1.2611569999999999,0.08499900000000002,4.0,228.0,0.06305621454776311,0.33957604445360445,0.8370933593133678,4,6,999.0,0.1658,тейк,0,0.5930000000000005,3.1166666666666667,0,11.20725572979493,1.1012530196622443
PORTAL,1780202827,2,292900.0,3200.0,91.0,-0.01,15,8,4.17,51,1.0,0,,0.7702182284980763,2.213541666666652,-1.505646173149311,1.9480519480519431,-4.034229828850866,-7.917888563049857,-0.6957621758380883,27.8501628664495,23.817034700315443,96.98870765370138,104.69361147327247,106.30749014454666,85.57919621749406,98.3688833124216,0.7579013083735023,0.005321321026055627,5.553701097155983,13.278688524590176,11.714754098360645,0.6666666666666666,38,5.723905723905709,32.05387205387205,-19.93880673125956,97.98234552332912,0.6652397260273972,19.54665051776765,4.120063454540785,52.926211025429005,69.81958476647767,0.3928563373475332,0.7476635514018697,0.14953271028037426,0.7166123778501454,346.896607049057,0.9824744692554999,0.4948350839043923,1.15056504854037,0.5016835842978336,1.7711875429437995,0.5051864740534435,0.5034844395459755,207.12082773973214,0.9084740807830572,0.48371047700287895,9.12051355814757,0.026291734692169465,-0.8237689993779607,0.015723061501541125,-0.010398471987187907,-4.483016188910016,0.022805177286359557,0.049758766037145685,-1.437269039866207,-0.2737664122760882,0.12195464859994654,523.8804447908605,-0.726177446003621,-0.44724441574315477,0.74387744,0.75715421,1.30875,1.7593624024946906,1.0526469090909092,0.962723,2.0657475927531244,-0.07668,-0.1304645625,-0.9659750305676855,-0.000222,-1.7996519999999998,0.09000000000000001,4.0,192.0,0.03776745767010148,0.33564310626126304,1.2090627852930913,4,6,999.0,0.0157,тейк,0,0.5930000000000005,0.4666666666666667,1,28.980891719745227,-2.522633899999997
HIVE,1780219865,2,742400.0,71600.0,10.4,-0.01,16,1,4.078888888888889,50,1.3233511586452762,38,5.466863033873343,0.4601226993865115,0.03054367745878306,0.1682214405872351,-1.9754564501646255,-2.2533950156693017,-10.519125683060103,-7.38122171945702,5.560032232070911,11.50834184542051,11.243206521739136,13.341408548191724,13.93285788832841,6.3484331872057265,20.108695652173925,0.7039461642705964,0.06159891119212866,6.431430309704478,9.975897161221203,1.4224740810453878,0.7333333333333333,10,1.2051915945611835,26.205191594561185,-19.809010773751222,13.12607944732298,0.31959629941127005,-8.566801192588859,2.0478933532754557,43.08522932053023,54.669421621372315,0.20704681120595375,0.11818181818182243,0.32727272727272544,-0.9286040493225789,91.9863580658,1.5483599444539142,0.49791307781741123,2.070011625384203,0.4939216803201898,4.912350786629767,0.4852102295034666,0.49054245645797073,18.921667150199905,1.1926622060517504,0.5311373608130664,4.08086079466,0.04436376089311922,-4.242709240868603,-0.005190090476674292,-0.020689220143395026,-9.094721625722634,0.029742687244765253,0.006536402088711535,33.27745373338882,-0.0404788516846557,-0.005780529676137625,167.5834715029517,-0.08709302212735304,-0.17380730721488724,1.28214578,1.37688098,1.288583,1.0050206615350714,1.0671522727272729,0.9953295,-4.508393731849147,-0.824622090909091,-4.20396047826087,-2.011978490066225,-0.09553400000000001,-2.692119,0.017892999999999996,1.0,28.0,-0.025829659481246825,-0.28204920686306645,0.5399164149550106,9,6,999.0,0.0655,тейк,0,0.19231100000000056,20.966666666666665,0,8.612793893129766,-0.3303413671755715
SIGN,1780233382,2,716100.0,55700.0,12.9,-0.02,14,2,4.004722222222222,49,1.4617268830373547,289,9.959666203059806,-0.08424599831508006,-0.9189640768588081,-1.821192052980125,-1.4950166112956742,-1.6583747927031434,-5.347166799680759,-8.346213292117454,0.8503401360544283,1.9776440240756754,1.0221465076660996,0.8503401360544283,5.422222222222239,-7.488299531981268,10.221465076660996,0.7594991011605551,0.10460157019098106,5.90955695307569,6.802721088435371,0.9084467120181415,0.4666666666666667,2,0.16891891891892552,14.020270270270263,-14.057971014492743,3.040834057341457,0.15283842794759883,-6.499818721743422,1.5589595117159003,41.03053697746995,48.70460700848653,0.19290371458940098,0.15999999999999445,0.11999999999999583,-1.4913007456503813,30.26888626322,1.3129133121745862,0.34463860624257786,0.9476822177965546,0.4262006705185196,3.847917550286823,0.47768326678249895,0.48173495058746885,12.71014446335078,0.8926831769447413,0.4953456233086363,5.6057024418,0.18519685174579878,-2.2195721099141474,0.026876692914476363,-0.005268685043130272,-4.140409104785158,-0.007595319056025174,0.004545890909912309,-1.3175242841090062,-0.09114351988023339,-0.037910713822137176,41.251818922681885,-0.06612299181091008,0.1839120851036642,1.995755,2.16221563,0.88944,0.44566592592778176,0.9286813636363636,0.551185,0.15785892811454225,-0.053941,-1.6032536111111113,-0.47674738888888873,-0.19428825,-0.844722,-0.105586,4.0,163.0,0.028013630593592964,0.0636284746900806,0.28138859982715925,13,6,999.0,0.01186,тейк,0,0.5375811000000016,22.783333333333335,0,0.9974704890387764,0.5261856435075883
HOME,1780247186,1,341600.0,3700.0,91.7,0.0,15,5,7.905277777777778,96,1.0,310,10.017595307917889,-0.02856326763780448,0.6036217303823088,2.486017978975741,4.141870983099283,5.25049618091058,4.6713320174651685,8.912123475230294,6.505994765991119,20.365912373615803,26.25807149814221,27.476689976689993,24.919694482118636,60.31513374862587,15.926553876122785,0.5360490800636033,0.11637086682522008,2.3650211294154566,5.7242108442833395,0.6317103659378985,0.6666666666666666,2,-0.3558718861209953,9.560199625701827,-0.3558718861209953,27.10633352701919,0.983528791672157,9.978302406962335,1.0920988651266688,73.2872357981217,78.03837613298627,1.1460531375037204,0.3489121676067713,0.16760676873489122,1.7690243830527308,65.16832183841998,4.372121172992476,0.5535089560262562,2.1285746584522327,0.5390042961747732,2.1005646580575954,0.5176934919529548,0.5151494700696891,6.206728221698444,1.1960833273011977,0.5392522931057866,16.59973956989556,0.25472099175813334,1.630192716128498,-0.03023538363357292,0.00342654188481073,6.1153413060405,-0.05243614604998381,0.018612188538305485,11.917486915161145,-0.11560285273377846,0.024869813964819132,39.37643165223699,-0.10185473111852694,0.253303522971283,0.99894431,0.94125214,0.42491,0.4253590472926364,1.1134354545454543,1.15398,1.3372219256481062,-0.29400281818181817,-0.27428451063829784,-0.4247767548076923,-0.020602000000000002,-1.128444,-0.9508009999999999,4.0,173.0,-0.1543195201967107,-0.5307739257647492,-0.5412727216139723,17,6,999.0,0.035,стоп,1,-2.118807299999998,11.966666666666667,1,20.30571428571426,-2.6193072999999973
GUN,1780247782,2,328600.0,45800.0,7.2,-0.01,15,6,4.0,49,0.9806028051327962,468,0.5353535353535354,0.24937655860350905,-0.371747211895912,0.24937655860350905,-0.7407407407407307,-3.2490974729241784,-6.1843640606767725,-4.62633451957295,11.66666666666667,11.977715877437323,12.762973352033669,6.7729083665338585,-1.9512195121951237,-30.808950086058516,18.232819074333804,0.8007625850495721,0.048457329034775114,3.1865441188533516,11.213991769547317,1.8132813106607664,0.7333333333333333,13,1.5151515151515138,24.242424242424242,-18.29268292682926,14.042553191489372,0.35483870967741954,-8.045486872616658,1.3721499572457487,45.69119946846407,56.39746165005123,0.2892103394412046,0.47826086956521446,0.3913043478260873,-0.3731343283582156,75.00702901237001,1.293619978938213,0.4969409520419266,1.405120040631641,0.47576772259076133,5.042963709369404,0.48527856306755773,0.486649825816193,10.961087344335507,1.155974720759855,0.49693941798144786,4.27044016788785,0.05693386638715656,0.3385910841132045,0.01939771351510644,-0.0020108671622364183,-8.353444719181935,0.027897347686737906,0.01802808721494209,1.536697367749018,-0.11061050666178918,-0.06942691310877036,59.12514580034429,-0.047164672735115376,-0.03734454136965426,1.25424242,1.48497348,1.647709,1.3137085572340952,1.0084035454545455,1.0892475,-0.33216304641344185,-0.10776511111111112,-1.8391473902439024,-0.6979876969696969,-0.22474375,-0.9521270000000001,-0.329611,4.0,163.0,-0.13263392493138015,-0.5748627107706072,-0.5269519760360719,17,6,999.0,0.00804,тейк,0,0.5067235000000005,13.533333333333333,0,4.726368159203975,1.0069301273631848
PARTI,1780332388,1,130500.0,22700.0,5.8,0.02,9,3,6.240277777777778,76,0.8962912087912088,0,,0.0,-0.2912055911473477,1.7231134878193721,1.1222681630242093,1.0029498525073732,7.089241034195171,7.066916823014391,8.92895015906683,17.39428571428572,20.02804393549895,14.387527839643655,9.673286354900723,0.5284791544333478,12.105632157046031,0.8033058035384544,0.09625734437760346,3.591971583191844,8.23209049015501,1.1256795738823366,0.6,41,-1.4581734458940843,11.653813196229645,-1.4581734458940843,20.2247191011236,0.9191489361702131,6.875641528540588,0.8175525185447486,67.22932048516039,84.49579123079764,0.9464954271342416,0.33548387096774107,0.10322580645161299,1.7234548335974598,9.861680199809998,4.019664260048075,0.5093790134898473,4.251867159384043,0.4908238293792308,3.4176034097120036,0.4960719976931153,0.5034280484603072,1.5845045047938795,1.2155895239619565,0.542317730992496,7.98643616220756,0.8098453813541258,1.0587838234106695,0.0017035827457489994,0.0077969140339047005,1.7802312186677494,0.011554197126013577,0.02618059490708813,12.218045703462144,0.014209756808617247,-0.014846034404211839,27.32319404929735,0.06557140649503967,0.016822653541852528,0.64568082,0.8820102,2.796063,4.330410496009468,0.9594052727272728,0.9524475,1.7289075291890221,0.013387499999999998,-0.04300427272727273,-0.04633771698113207,0.00125,0.030000000000000002,0.08788000000000001,4.0,193.0,0.08420461721985184,-1.2915218531698525,-2.926167261283308,16,0,999.0,0.05136,тейк,0,0.5965000000000005,30.666666666666668,0,11.60891744548287,0.9558909657320875
HOME,1780333927,1,82000.0,5800.0,14.0,0.0,10,4,32.0,385,0.24004683840749413,310,2.404692082111437,0.1313903487816681,-1.4209278168669015,-2.362418712996206,-0.657699828168512,3.485309851041074,3.1330736108263313,13.40638528138529,21.15037213671509,23.767809247274798,43.4871911907343,81.38478182473857,83.19493006993007,113.8884163973465,26.52479032350088,0.6483188029522042,0.06117785937120313,5.457854644276017,13.17252061409504,1.1348613773951846,0.5333333333333333,9,-5.067663212728613,21.898078914068808,-5.067663212728613,48.89875666074601,0.8601780971723169,18.274717695806043,2.903876546673327,63.439293901362944,69.21498614358478,0.7843912078196537,0.5,0.021108179419524833,2.1811845294129384,337.69087635375405,1.8039012726214807,0.5270315655241666,1.994170422378774,0.525319416392238,2.077244391782662,0.5195141182492171,0.5095738732410117,18.33469342265343,1.3065814325265925,0.5319425693984834,25.087155765299997,0.0742902977900401,-1.2649311579825295,0.022447341102624474,0.0037345724587432017,5.204641629619822,-0.005213546830199034,-0.01017840784043389,14.273750699833897,-0.1632453003289731,0.03294862177082725,51.86673530089916,-0.2099362257958457,0.24785401242744087,0.80469077,0.81624567,0.536999,0.6673358512612242,1.1229090909090909,1.1438785,1.06469793312989,-1.3966781818181817,-1.721061340425532,-1.0868715073529411,-0.19038575000000002,-2.566505,-1.647761,4.0,167.0,0.6164608984042141,-0.9078429933054633,-2.669663496140806,17,0,999.0,0.050298,тейк,0,0.5930000000000005,0.36666666666666664,0,6.684162392142823,1.2534072698158982
VIC,1780341390,1,586400.0,13.8,42434.0,0.0,9,0,4.008055555555556,49,1.0,46,22.728682170542637,-0.08309788931361028,0.5519317611640595,-2.797089733225544,-3.0478955007256947,-5.501414649481284,-1.5878212473399933,12.289876727680248,-1.4749262536873142,-3.7309847878302604,50.638937609621635,40.20522388059702,50.601202404809634,4.829991281604196,34.15184164369831,0.6585643846953139,0.060782029069535976,9.459742139923888,17.411545623836133,1.5224520038994467,0.6,64,-8.534915563669554,25.00950931913275,-15.73931324456902,52.27963525835866,0.6476310009413242,-0.7124253114521029,3.044005512046673,51.782942246233254,61.010943470521525,0.6073184067434718,0.16078431372549065,0.30980392156862746,-2.186234817813759,145.46001080698997,1.248017152438135,0.45122967406006653,1.2188473060784364,0.46771566759755423,1.5054468481217582,0.49890447776345676,0.49553642849348817,13.55258845472562,0.8870860981701327,0.5107769104458332,3.1484299696,0.021644642758741665,2.9189141122091478,-0.02715857503325314,-0.028186430116054928,0.6792498838514405,-0.043790338994016964,-0.0933141844850589,34.969673193030836,0.19089469898216005,-0.05563784935404825,117.28831435980842,0.11886996382102999,-0.04317058268778673,0.86649328,1.05823476,1.492452,1.7224045869115105,0.9265140909090909,0.8734919999999999,2.8454047154329327,-1.9263659090909089,-2.7162364047619043,-1.7970067250996018,-0.0625905,-3.1930300000000003,-1.730694,4.0,43.0,-0.07486936345647566,-0.12155342195961927,-2.9265739494541587,19,0,999.0,0.06012,тейк,0,0.5043572000000005,2.033333333333333,0,3.289504324683956,1.6267911640053232
PORTAL,1780399577,1,53800.0,593.9,90.7,0.0,6,2,4.329722222222222,53,1.635258358662614,122,0.18368043700921816,0.33783783783785104,1.4641288433381972,-0.7163323782234943,-0.7637231503579978,2.2626660108214347,8.450704225352101,7.553026383859285,-10.155574762316345,-7.599999999999996,-46.760563380281695,46.30541871921181,77.69230769230768,142.3076923076923,-50.499359795134446,0.5824148710389504,0.06922806692145095,3.8577589821677805,9.974025974025992,1.2735047733723261,0.6666666666666666,33,-2.256699576868837,12.898089171974526,-47.15302491103203,13.730853391684894,0.11918328584995244,-12.783355823689046,4.15332862533331,52.12262936456339,42.74108354176928,0.7698706035248626,0.45454545454545625,0.5454545454545437,0.0,337.572634330128,0.2524972227253812,0.5207220944650277,0.36510732968840076,0.5204978715956373,0.32126385866440177,0.5166771198467028,0.49707174769857,2.240953507991139,0.9489389546623672,0.5156964113895403,5.69201967408,0.01686161464294973,-1.9350453332432127,0.002364172541319043,-0.019504999312948246,-1.0987219976375417,0.01631321110629136,-0.026833033022432673,6.275430029889217,0.043712354517796426,-0.04124641862119394,-74.86807549257328,1.251656224716304,-0.12103145417880679,1.08536585,1.13952756,1.213039,1.1176314419695441,1.105840181818182,0.9544175,0.8308497429983466,-0.31116336363636365,-0.19973495238095237,-0.20995512844036698,-0.0034774999999999997,-0.33381199999999994,-1.753523,4.0,33.0,-0.14362677720183292,-0.7070836903741884,-4.303822209253195,11,1,999.0,0.02079,тейк,0,0.5863352000000016,1.1833333333333333,1,29.173689273689284,-2.5356344999999996
OPN,1780522573,1,365400.0,7900.0,46.4,-0.0,11,3,5.393888888888889,66,1.0,69,36.54,-0.03980891719744806,0.8838891120932058,0.6412825651302523,1.7423014586709806,1.8661257606490844,-1.798983183418068,10.519366197183079,75.10460251046025,109.59933222036726,96.63273296789347,87.66816143497758,88.23088455772114,52.366504854368934,77.9169929522318,0.03244779861828226,0.02827740481752721,8.577247532383625,11.726804123711343,1.8995816268888557,0.5333333333333333,132,-7.377351530800446,20.596085409252662,-7.377351530800446,117.02679343128781,0.8712998712998712,13.43803021780856,3.704657183197942,69.32179462294198,86.00625895757467,0.6426241710193099,0.6785714285714289,0.080357142857144,1.0957792207792139,313.1256673745,1.0016125097151367,0.5160956517447546,1.8923905581668583,0.5068989304533106,3.8639644898236516,0.5078324742892368,0.5112800591639959,50.68035417469461,0.9933550359827026,0.45433889786955944,18.022050498,0.05755532802248859,1.9959358291027574,0.0044721181693159195,0.003172761633764676,2.6817790748790094,-0.04103569131779483,0.025494321937675757,20.637611901458474,-0.16004890039866182,0.11850965777220712,272.16056344549617,-0.5681540405181489,0.20570736193032246,0.61307342,0.62220694,1.642886,2.6797540823087718,1.0491564545454546,1.187281,1.9618683782474369,0.15648189999999998,0.08776163333333331,0.0026972777777777776,0.0016099999999999999,0.03144,0.076947,4.0,143.0,-0.03968629510118227,-0.6634792158385472,-3.4998504337421354,21,2,102.27569444444444,0.2511,тейк,0,0.5930000000000005,1.2666666666666666,1,20.173213859020333,-2.5156859999999996
STO,1780522899,1,582100.0,114400.0,5.1,0.08,11,0,4.083611111111111,50,1.4629303845187234,11,4.233454545454546,-0.09431420102398169,-0.12122844827586743,-3.888528839922234,-4.728253886676093,-6.198608475648326,-14.887511478420578,11.738999397227223,25.89134125636672,27.493122420907824,30.362165963431774,23.152300282345116,22.158154859967038,20.70649519778609,16.666666666666675,0.2500016619055091,0.047764831094667684,14.026843260358213,25.306244397968335,2.386119021715613,0.4,112,-18.81979417560763,44.296998420221186,-18.81979417560763,39.066016504126026,0.5478695423461334,-2.4651381657625815,2.245707718299489,52.62590315354846,67.76033457331346,0.48873106969211916,0.14893617021276728,0.4255319148936182,-2.035105571101492,68.84919047225,2.495765881568317,0.44254012626655537,2.6870115953738707,0.4767351348860871,5.258912072791252,0.48545015960434007,0.486453122555291,18.04998401718236,0.985754267212721,0.49059634618225106,5.442154596717479,0.07904456914291486,-5.109464376585359,-0.0012913950361921334,-0.0004144663670980764,-11.25256057392624,-0.03860645538358465,-0.022102686918954895,22.990090282008314,-0.1749165190251104,-0.3142730904471732,50.053389565018435,-0.14849621701121207,-0.38916268125668885,2.01103596,2.19880952,2.011392,1.0001770430798262,0.9314213636363636,0.822473,1.9584369590681316,-0.5549139,-0.6421217499999999,-0.1891239338235294,-0.02755075,-0.08520299999999999,0.09000000000000001,4.0,138.0,-0.03968629510118227,-0.6634792158385472,-3.4998504337421354,21,2,999.0,0.07415,тейк,0,0.5865858000000016,2.5,0,1.8773567093729016,2.50384516641942
PORTAL,1780536106,2,116700.0,15700.0,7.5,0.08,11,4,11.0825,134,1.0494604316546763,383,1.01743679163034,-0.6951871657754127,-0.5356186395286566,-1.9017432646592725,-2.621919244887261,-4.671457905544152,-6.401209677419361,-8.791748526522591,-10.892514395393482,-22.528160200250326,-30.760626398210288,-12.240075614366742,-54.92718446601942,134.46969696969697,-24.086502609992543,0.8253203864057964,0.16714629158321795,2.206915331766801,4.778851042196242,0.5491628824761101,0.7333333333333333,1,0.16181229773462036,10.032362459546928,-31.425406203840478,0.16181229773462036,0.0035128805620607472,-21.334571176786078,1.7146670227988652,23.543064544305963,34.280337852582036,-0.18309900026649795,0.056603773584903434,0.1509433962264157,-2.195504443282803,82.852574827791,0.6259700009409443,0.4354877998682536,0.7350589672994442,0.4199107115922183,0.48957452207708857,0.4641064869035364,0.4849936223368104,0.37879311685854344,1.501712842413332,0.5626117113583469,4.422555029358,0.0533786069841556,-0.1408972127146857,-0.00632719281574079,-0.0018477935895894193,-3.210657143666096,-0.032104115255204624,0.0034090777054374133,-7.23955486163036,0.0006097285643118511,0.057843181289224166,-35.41481255008298,-0.16491332270152814,0.0249973294296848,1.15917266,1.29609375,1.295366,1.1174918497473878,0.7997644545454548,0.9678955,0.823448809959744,-0.0828023,-0.09122263414634146,-0.1285050580357143,-0.006945,-0.162825,-0.5975239999999999,4.0,158.0,-1.8560459936036944,-3.483491201018185,-5.546348817121228,1,3,999.0,0.01857,тейк,0,0.5930000000000016,0.7,0,7.700592353257951,1.5604197333871834
BABY,1780666904,1,4700000.0,190600.0,24.5,-0.0,7,0,4.010833333333333,49,1.9583333333333333,36,14.930114358322745,0.05068423720222537,1.2307692307692353,2.8125000000000178,2.919708029197099,6.3577586206896575,-1.1517275913870861,14.96796738497379,65.32663316582916,56.54242664551943,49.54545454545456,43.4593023255814,40.698503207412685,33.28831870357867,30.075757575757578,0.04493420729750563,0.04973503896803122,9.955196771268815,28.644646924829154,2.0993988062627933,0.6666666666666666,148,-15.749039692701661,41.99999999999999,-98.48153846153846,69.15167095115682,0.0062639230631903325,0.24813822213525238,4.372960401923332,61.66099757080067,76.1202820184486,0.6296494261491256,0.14102564102564205,0.051282051282049226,6.680805938494161,194.47585070831002,3.691184460021628,0.5074508864458508,3.5676869440565064,0.5119349476371552,5.529669565772715,0.49523844384148435,0.4946268403544237,67.78384367663273,1.0477424776521205,0.4840180204075977,11.65712628131076,0.059941253573920716,0.27601405989736705,0.034928200358177675,-0.009689771241129352,8.431285364612528,0.039408247378944106,0.024987928536938542,90.30873124942124,0.37498699642232003,-0.06568346173575468,324.86003952587544,0.7368381661045749,-0.2539854915638786,1.52,1.52129903,1.154776,0.759721052631579,1.0338556363636362,0.9736985,6.03346659748079,-6.261184454545454,-6.586822361702128,-3.5497059999999996,-0.972626,-2.947626,0.085166,1.0,18.0,-0.1765491869572311,-1.593961460243687,-1.7681962025316467,13,4,999.0,0.01974,тейк,0,0.5235330000000006,0.85,0,2.0770010131712313,1.6105320112462
NFP,1780687589,2,120300.0,7500.0,16.0,-0.18,11,6,4.4975,55,1.0,441,0.13602442333785617,-0.5434782608695565,-0.8667388949079147,-1.7185821697099923,-3.9874081846799636,-2.1390374331550888,-7.388663967611331,-8.408408408408407,9.580838323353301,19.45169712793733,10.373944511459587,-4.188481675392664,-5.377456049638052,-4.0880503144654075,20.50663449939687,0.7256030773050728,0.07527284339949318,5.855330875157438,9.056244041944705,0.9628217349857005,0.4666666666666667,14,0.328947368421062,17.653508771929836,-14.725069897483689,23.149394347240925,0.5212121212121212,-3.0289310349058907,1.939640590727547,46.340894689140455,54.8917503998688,0.21521728396498255,0.0731707317073182,0.4146341463414628,-2.210526315789474,31.32354556199,1.631055991528508,0.4697096874113826,1.3334929124597588,0.5100181898075119,3.0277461914924033,0.48887265892833354,0.49312608898807814,1.0304866195999007,1.2556618229351886,0.5118175561716339,1.9652830293904602,0.06274139769717706,0.08192454736553056,-0.015180715086207441,-0.006284629836256439,-0.052394149901902054,-0.00604388322805649,0.013704138481194894,-20.665962554612662,0.020534883686363692,0.04869275717629917,29.498034495902626,0.11454700994759426,-0.23062042119470916,1.07109557,1.42883436,1.563,1.4592535379452647,1.1036914545454546,0.9892575,2.457773403816435,-0.9031195454545454,-1.3265888510638295,-0.7298971360544216,-0.23816800000000002,-1.033763,0.09000000000000001,4.0,33.0,-2.0424633005190262,-2.0201486636612476,-7.0607982738670305,19,4,999.0,0.00915,тейк,0,0.5533339000000005,7.483333333333333,0,3.9496174863387967,1.3054239568306012
MASK,1780722082,2,835300.0,145600.0,5.7,0.44,12,5,4.830555555555556,58,1.5304140710883107,12,8.540899795501023,-0.509439616421925,-0.9250969859743385,-0.7770472205618661,-0.9546539379474916,-4.789217092056209,-6.108597285067874,-8.21122477191042,-7.85456563974466,-8.514742353265358,-13.428943937418513,-15.842839036755386,-21.364282330648976,-24.80181200453001,-5.684485006518902,0.8975564337316845,0.22646982912641384,2.2290689898371463,4.924133982250211,0.603415062570662,0.6666666666666666,24,0.45385779122542047,9.742813918305604,-13.676547061882472,0.45385779122542047,0.02772643253234754,-8.028422850620343,0.9830520382809355,18.339735749583795,28.425895940380656,-0.07238441303930795,0.6153846153846138,0.2884615384615397,0.14970059880239361,7.4108922857,0.6111408513573076,0.45331471786575067,1.2053066824943452,0.494840721872809,0.8179325943647078,0.47769253940658996,0.4888665566615766,3.1408528507177005,0.9470754957359243,0.5983446989010586,1.8013730970252602,0.24307101325722621,-0.32487010725978926,-0.005251815917814651,0.002285032735903414,-5.612424102078306,0.005400867759729477,-0.0021801295696575185,-12.665598422914204,0.03941917598796496,0.03282948570175681,-15.111142028767233,-0.19766395021982075,-0.10907485360722591,1.63001605,2.0989957,1.337823,0.8207422252069235,1.0395438181818182,1.231592,1.5424737203932894,-0.041069999999999995,-0.10043209090909093,-0.10159875177304965,-0.00015549999999999999,-0.005792,0.040982,4.0,178.0,-0.9795162093283127,-1.9105659194231017,-5.536343607138983,5,5,999.0,0.332,время,0,-0.6797793951807215,48.0,0,11.009153614457823,-0.6797793951807215
ASR,1780747647,1,83300.0,10300.0,8.1,0.0,15,12,4.278888888888889,52,1.0,0,,-2.0153550863723724,-1.8269230769230926,-2.2966507177033524,-5.8118081180811965,0.0,0.8893280632410905,15.497737556561075,19.9764982373678,24.058323207776432,29.077117572692778,19.136522753792296,6.133056133056125,1.998001998001997,11.757269279393178,0.7211389774161993,0.08886353916122952,11.386694673562637,14.564220183486242,0.8523489932885909,0.5333333333333333,25,-11.906816220880078,33.8337182448037,-11.906816220880078,31.065468549422313,0.6368421052631575,4.570457346343271,2.1170814063314616,59.46806877476567,72.13901834059908,0.6975088353280374,0.33009708737864113,0.2912621359223304,-3.5486806187443043,19.6313037779,6.607906095877071,0.47333608425883117,7.087971275134774,0.493071968384708,4.447192080471137,0.4957529106102137,0.4904590175431518,13.514522661694047,1.16655771371175,0.5862064379906661,2.90427268953222,0.14794089696690005,-1.2173441784659733,0.0596189769356279,0.06664687504577049,-3.9081941995965153,0.09947176625000442,0.012379178300160776,23.142166880807924,-0.18560133119318445,-0.2147216542731658,50.347839991153684,-0.3379773935180459,-0.4781776532599308,2.58691342,2.70443925,1.893471,0.731942161404072,1.0606051818181819,1.0166925,1.4932609870535927,-0.22863366666666668,-0.14593759999999997,-0.007652233333333336,-4.325e-05,0.024827,0.10518799999999998,4.0,232.0,0.360331795895652,-0.33079022291029325,-1.8666386778514288,12,5,999.0,1.021,тейк,0,0.5930000000000005,2.783333333333333,0,6.364657198824686,0.744916966405484
BANK,1780752701,1,165300.0,28900.0,5.7,-0.0,16,9,4.332222222222223,53,1.3067193675889328,0,,-1.347797501643655,2.353342428376526,3.269098417068128,-1.4449917898193831,0.4014720642355307,2.5281858558250603,9.008354522339257,-3.473785783210037,24.83361064891847,27.702127659574472,-7.405121875964216,-14.011461318051577,-15.488594762038865,17.148936170212757,0.763117329178474,0.08431538462987338,3.7407325428970406,9.440813362382006,1.0210202482859607,0.6,35,-3.1623104227170074,16.591422121896173,-4.396304555590957,35.11931562359296,0.8496732026143788,11.192183400016686,2.2419866404666076,63.22075972241658,64.98385062277251,0.868047660220398,0.21568627450980193,0.1960784313725512,2.0682523267838704,15.375779993450001,3.3019757395194222,0.5867099326171556,4.885019153593306,0.4795259134565878,2.572380866452895,0.49446994449379633,0.48068401931599436,4.895708057300323,1.2205660608674114,0.519525532987271,4.00998216175908,0.26079861727127407,2.3295834455744346,-0.01633851378651885,-0.005566073818688677,-2.09689219381034,-0.0036587011073666575,0.016825806363945928,13.964834610324761,-0.01997994730320829,-0.04342306367890414,59.01535063888568,-0.24943943892943454,-0.248687717158102,0.80463243,1.09923664,2.394578,2.9759899187757077,0.9920154545454545,1.491188,1.5502092613800043,0.090838,0.0405815,0.08343750000000001,0.00125,0.030000000000000002,0.094852,4.0,148.0,0.2520663675918522,-0.7104314639228337,-1.9831675592960951,13,5,999.0,0.03001,стоп,1,-2.019499999999998,22.0,1,20.529290236587826,-2.5189999999999975
PORTAL,1780773700,1,309900.0,8400.0,37.0,-0.24,17,5,4.095555555555555,50,1.0,670,2.6555269922879177,0.35934291581110056,0.0,-2.201100550275137,-0.9625126646403248,4.266666666666685,1.6112266112266127,17.136009586578794,39.84263233190273,37.57916959887404,36.23693379790942,3.1118143459915704,-5.828516377649318,71.64179104477613,16.30662020905924,0.042728793375119915,0.07394754497162268,14.723353835324815,23.29749103942651,1.3879003558718863,0.6,189,-12.995104583889628,36.099333737129015,-12.995104583889628,42.596644784828605,0.6666666666666669,9.094954383807274,2.778926376651795,61.721843335407996,72.09221413147334,0.6189857699444182,0.6000000000000014,0.284210526315789,-0.5583756345177604,64.829571581312,1.7538486931268251,0.46847198274546364,2.0658017830831645,0.5232973929463358,3.994986174348811,0.5002152702166389,0.49967392617166245,0.26836628638180243,1.0604211472843978,0.4980359462629067,4.742776252192,0.07315760595831501,-3.296743966432525,-0.007280812819003724,0.023857062967888698,1.742755740940094,0.0424304279356047,0.004673415065483466,14.40455677917971,0.15338048833080853,-0.022673532365418803,69.65411871255544,0.07895009048455814,0.05176098006526564,1.23355177,1.28354779,1.495805,1.2126001002779154,1.1330592727272728,0.908374,0.8406015826731095,-1.4477686363636366,-1.6293932553191486,-0.5014188796680499,-0.19699225,-0.941005,-0.9725529999999998,4.0,38.0,0.37327873353159013,0.1698384141812559,2.247459814441366,19,5,999.0,0.01955,тейк,0,0.5452600000000005,2.8333333333333335,0,3.368184143222508,1.2996761703324822
GUN,1780778784,2,84900.0,346.2,245.2,0.0,17,12,4.666388888888889,57,1.0,1160,0.5250463821892394,0.08064516129031585,-0.1448342452526563,-0.3692999357739368,-0.799360511590741,-3.5742035742035716,-3.85807251317013,-4.376637386346127,4.8850574712643535,3.0902143213158206,6.177275838466789,-3.85807251317013,-14.177040110650074,-13.45885634588564,11.036960985626276,0.44252923328976745,0.06230043658836968,3.1245466839052938,9.776055124892336,1.7642556625114745,0.6666666666666666,15,0.5183865219504202,15.06560829418435,-12.642545403350702,13.126709206927977,0.44499381953028394,-1.2673910427576485,1.3545192539950635,45.85886419488922,51.96414654043033,0.2282720261742812,0.2117647058823504,0.43529411764706555,-0.48076923076922906,22.296929337068,1.036268822978579,0.40461184894919594,1.2680346701392862,0.4270978548420131,2.804772960074761,0.47974361409614485,0.48566256548543935,1.018795933655277,1.2698072074512214,0.5396621541586221,2.4495195471021396,0.1098590532387742,-0.25246915192058683,0.0010703326942151925,0.005430376728659869,-4.688979820974071,-0.015219344463923923,0.021373817452084998,-13.883791245154075,0.014174091585822612,0.053820302430326095,18.766506353806744,0.17579265868793792,0.014500162997518329,1.55460922,1.89604416,1.68671,1.084973624432769,0.78563,0.589784,3.1722507531621384,-0.4755595454545455,-1.7361140638297874,-0.7890611526717557,-0.18861324999999998,-1.406367,-0.736862,4.0,193.0,0.17707556324222384,-0.04742169246043648,-0.8799545408528231,20,5,999.0,0.006205,время,0,-0.5535719941982282,48.0,0,12.957292506043515,-0.5535719941982282
FIDA,1780780579,1,577900.0,43200.0,13.4,-0.01,18,3,4.164166666666667,51,3.313646788990826,74,5.136888888888889,-0.29610829103214886,0.4688832054560832,1.770293609671847,-0.7578947368421018,1.3327601031814407,6.990467544257828,16.914682539682534,31.45566090351366,30.149088901159573,26.448497854077257,19.523326572008102,6.171171171171164,-7.459756576364351,8.15450643776825,0.6426796848564885,0.07336681924252972,10.660414223273484,8.534322820037122,0.5874125874125885,0.6,31,-1.6687526074259496,20.999495204442198,-1.6687526074259496,34.45521962350257,0.9378881987577639,9.8979319210315,2.097137806584041,69.03319339282754,78.93892041080244,0.7746271832232103,0.43055555555555824,0.20833333333333012,1.1294526498696777,36.10390823205,2.463184973680354,0.4689949281498096,3.3794101539026697,0.4774182908340771,4.894017694082956,0.48163027576421125,0.48976722688883195,3.5850061311858847,1.121818398316047,0.5222766087932847,4.214587559,0.11673493993812685,1.1887295271135967,0.006524353622786583,-0.0009168094502709501,6.457611013748177,0.023189968099812885,-0.004354998176640645,40.33135650102373,0.09915865750033936,0.12126050793933185,83.3641881082827,0.34021133179428054,-0.06490052468660679,0.88936818,0.98059631,1.512558,1.700710722526637,0.9322692727272728,0.7911855000000001,2.384399258242342,-9.111730090909091,-5.9132731914893615,-1.7958760357142853,-0.44820725,-1.780374,-0.055533999999999986,4.0,163.0,0.4717448613506203,0.22524266725545417,-1.6217177884343181,21,5,999.0,0.02357,тейк,0,0.3930000000000005,2.7333333333333334,1,20.09270258803564,-2.9210387999999994
EDEN,1780810609,1,9700.0,2400.0,4.0,0.0,13,11,4.256944444444445,52,1.0,287,0.05288985823336968,0.4475183075671296,3.783102143757877,7.091737150292787,6.721417765290694,7.13820785419832,5.310300703774784,8.33698990785432,8.910454344949281,17.153024911032034,29.300864100549884,12.868571428571428,10.05125919322487,-10.94679891794409,19.35061534433098,0.06215528144198284,0.09360313013058134,4.38426378641763,8.019603475161507,0.919824216772313,0.4666666666666667,1,-0.24242424242424399,10.911942639480166,-0.24242424242424399,30.18718692327973,0.9896283491789108,12.351958245587081,1.265067034378762,68.90889758729908,69.34334728142636,1.1930678229888192,0.022727272727273373,0.272727272727271,3.330468414267296,30.09298318263,2.438465989010892,0.5602832908558314,1.1398646597709015,0.5232238790385673,1.6605980793444428,0.4822850626711657,0.48298167756925453,1.7060499512879232,1.019470388229505,0.4908284111588953,4.52287436917888,0.15029664363051692,6.072391569909796,0.006305070884994324,-0.0015529077252683932,8.107075779055762,-0.012202993677948526,-0.006441407038357494,13.45790213046345,0.07098142948564767,0.140638025772716,34.15280707630251,-0.015731020267025886,0.1782802127794374,0.87898842,1.13111111,2.008586,2.2851108777974574,1.0931871818181818,1.2687195,1.614239945017169,-0.5723552727272727,-0.7472342500000001,-0.568743152284264,-0.08502075,-0.981426,-0.3833649999999999,4.0,143.0,0.29516456724907325,0.16183252200645537,1.6258395175182905,5,6,999.0,0.04938,тейк,0,0.3962269000000005,22.8,0,18.084244633454837,0.9803054693398131
BABY,1780858585,1,1200000.0,79500.0,14.9,-0.0,18,1,24.176666666666666,291,12.889366272824919,345,0.2553191489361702,-0.41346721795629815,0.6567164179104523,1.93470374848852,1.8115942028985588,4.525728456292621,7.45697896749522,8.42443729903537,9.267660401814659,7.25190839694656,6.911857958148393,-6.9536423841059625,28.408225437928426,17.902097902097893,-1.3950538998097617,0.8712813900608705,0.1837836766555922,2.267099616435342,4.675810473815467,0.5550294112048131,0.6,1,-0.6482027106658794,10.051880674448753,-3.3810888252149063,10.775295663600538,0.7354260089686099,4.961321595495094,1.2934882115446233,81.04611858306694,62.3598087029603,1.1324097822562034,0.4838709677419362,0.4838709677419362,0.060168471720811745,41.14525227761,1.0094880497082879,0.466012408344121,0.8974134804508925,0.46972045517035377,0.6143853929109603,0.4770971538455556,0.48179221572296277,0.6305249667587189,0.7555375572310531,0.4996769258145067,7.95247477366563,0.19327806571727177,1.4313684472651245,-0.006727395909611467,-0.0013798055600532377,4.019574120187919,-0.01209489906867467,0.002535438719241334,11.183414548278847,-0.04001236378088058,0.04317866768641321,-2.860680306011132,-0.16409599184838553,-0.021736338174837222,0.86872501,1.11754612,1.134824,1.306309806828285,0.8872365454545453,0.89736,1.3274969177537104,-0.07443566666666666,-0.11454584210526318,-0.15280205447470815,-0.006069000000000001,-0.28029499999999996,-8.074902,1.0,3.0,-0.10475881371889706,0.3340541587321999,2.629750131644326,18,6,999.0,0.01686,тейк,0,0.5914839000000005,15.916666666666666,0,5.992348754448407,0.7850514418742582
PORTAL,1780861609,2,367900.0,11000.0,33.5,0.05,17,4,28.514722222222222,343,1.187157147466925,548,3.152527849185947,-0.3708281829419069,-1.4669926650366816,-1.7672151127361535,-3.473053892215572,-3.7611940298507562,-5.343511450381689,-7.99086757990869,-11.037527593818997,-5.565319273579372,-16.950025759917576,7.180851063829774,-13.519313304721036,-2.539298669891177,-9.737248840803703,0.905109278603724,0.1323948302704241,2.096757070902733,4.221165279429262,0.5388918301986698,0.7333333333333333,1,0.6242197253433224,11.23595505617978,-20.198019801980205,5.221932114882488,0.16393442622950796,-9.533691418914792,2.212700643079434,35.28735001649119,43.19505210043814,-0.06987562296316045,0.18750000000000272,0.09375000000000677,-1.4032946918852818,61.214151603129,0.9425543163374455,0.3612291042137529,0.5368121205506394,0.3783846800737423,0.635365859445938,0.4466187889311899,0.48042501194584475,0.2740708022858885,0.890197757710988,0.5529156854440724,3.849534513504,0.06288634919686167,-1.1703891683442103,0.0021733687361402687,0.012164710931411804,-4.792659703577229,-0.030430913019525496,0.02162893890125428,-12.290424777045638,-0.07399577573088167,0.024899705864862565,-20.19040663972739,-0.15533797385256454,0.1605205891169914,1.03655009,1.21173709,1.792402,1.7291995990275781,0.7915018181818181,0.5717814999999999,1.5380588720988515,-0.22529472727272726,-0.25503404255319145,-0.49524126428571424,-0.107462,-1.508489,-1.623535,4.0,13.0,-1.5784987052257393,-1.4196234099315697,0.9835697641412899,19,6,999.0,0.01612,тейк,0,0.44843330000000053,30.6,0,11.030583126550898,-0.0030307555831278667
HOME,1780868783,2,3400000.0,37900.0,88.6,0.0,19,0,5.091666666666667,62,1.0,343,41.46341463414634,-1.5048369759942726,-3.2382963745160143,-3.4422198805760362,-3.2042253521126773,-5.402615278733647,-1.856479828632629,-9.572368421052635,-12.368504941026458,-36.09948860994886,-46.360975609756096,-44.7514922523464,-42.292755631127065,-28.839533017524776,-40.68292682926828,0.6887403412012437,0.10948217926204691,4.645869227680688,10.077269800386347,1.0626620966587965,0.6666666666666666,1,1.7018128005919397,18.5719570847207,-53.813844086021504,1.7018128005919397,0.014158202523853554,-29.866176075138164,2.616554647727009,26.116073939353427,26.71949911235491,-0.020199109783341097,0.05479452054794762,0.3013698630137,-1.6422082459818244,236.22199665919095,0.6525826660404285,0.4047602730792352,0.5015077954248197,0.4733760594931413,0.6616183307468759,0.4836777098209571,0.48302425519831266,1.1269154386092315,1.608036734378026,0.5500218898271303,12.715181117585582,0.05382725274281038,-1.4926665481633572,0.0021235225834173033,0.002751162543933816,-3.2398363590403045,-0.008019561296086053,0.0045830538788285136,-4.659017529010667,-0.11439057417735221,0.028241261608283663,-30.710183194728714,-0.14719979936574412,0.4964102765017582,1.35860266,1.52543103,0.916674,0.6747182432279354,1.0744658181818183,0.7884644999999999,0.48671523327121724,-5.253419999999999,-5.898852489361702,-4.90397643554007,-0.754131,-14.440232999999997,-22.147233999999997,1.0,13.0,-0.1301802932294982,-0.8967161646705746,1.4603823181554176,21,6,999.0,0.02749,стоп,1,-2.7056783999999983,8.433333333333334,1,21.826118588577657,-3.443771
FIDA,1780873323,2,987200.0,2200.0,458.7,0.0,15,1,29.926388888888887,360,5.660550458715596,0,,0.0,-0.03901677721419583,-0.5820721769499437,-0.38880248833592645,0.5100039231071163,-1.6884113584036853,-3.211182470721574,-5.4961268904463285,-9.245483528161536,6.705539358600587,39.466521502449645,30.38167938931298,2.1938571998404655,10.24573094543939,0.5585034537414422,0.04302882389999288,5.864137616723797,7.2597864768683245,2.0304476493725447,0.4666666666666667,88,2.4390243902439046,13.874450219912028,-17.85828791279256,16.879562043795637,0.39913700107874883,-7.341016541366175,2.735167538599348,41.77987796064178,50.20956189389942,0.2928694743916678,0.5384615384615371,0.10256410256409891,-0.5445352003111692,269.41365258385997,0.11050176089325434,0.5083579419390389,0.19641456812901747,0.496518649092936,0.3720322398721846,0.48844089952741754,0.49380745635891377,18.789138945929203,0.6473053651643905,0.49670935611686085,5.83205572554374,0.021647216722724936,-0.5670397270254424,0.0035443262431211764,0.009031831972486914,-1.758163464159379,-0.015232915206477848,-0.033005469542273236,-11.796095555967234,0.024433540380254692,0.0063495947468164005,25.448652660884143,0.18152392948469664,0.0733587858201572,1.11084453,1.24318182,1.628647,1.466134059281905,1.0701898181818181,1.0778535,3.6734429337229697,-0.943164727272727,-1.674795,-2.6505855191637626,-0.106856,-9.482612,-1.8153739999999998,1.0,57.0,1.7464172941462186,1.3417395680111577,3.8347132021218533,23,6,999.0,0.02562,тейк,0,0.45432150000000054,20.783333333333335,0,9.07658079625293,1.0381279917252149
GUN,1780882638,1,554900.0,605.9,915.9,0.0,17,2,33.514722222222225,403,6.535924617196702,1011,3.4316635745207176,0.11490950876185124,0.6643558636626246,1.3375981389938785,2.530155928214173,2.56032960565038,5.255209906372693,8.787263930076472,6.721788393814099,7.247268810586238,12.38310222508867,15.320979483785568,11.949887568262119,-12.105926860025217,3.3053853595614413,0.940950079953044,0.1702436085456425,1.5007316202837906,3.671274961597537,0.42853791369920424,0.8,3,-0.6698019096480046,11.771264733991726,-0.6698019096480046,12.783171521035609,0.9438470728793308,7.236030273406069,0.8492823493146833,73.49762161279466,68.54994489737321,1.1127540098466049,0.2802547770700622,0.3121019108280282,0.9388293970954864,11.706851462995001,1.6527277594929082,0.5128569374003306,1.29184717289946,0.520064191170349,0.9822712084292642,0.49900865263427735,0.4820384592793231,0.4821944779772366,0.8172409975091899,0.6054397730021741,2.540634046489,0.21702112258961057,1.7208461456585056,-0.0003566501888250251,-0.003724473802713235,1.32451057922236,-0.02093059630383476,0.004986557162156791,2.5944112772119166,-0.05159500062576872,0.05011505536969785,5.982392998081165,-0.05220657254556682,0.02021368410361246,1.39608045,1.70708955,1.878345,1.3454418045894132,1.1074235454545454,0.9398325000000001,0.29524676826104373,-0.28872418181818177,-0.2615199545454545,-0.5682088063380282,-0.02535625,-1.5867600000000002,-2.1730430000000003,4.0,142.0,-1.0640811940900496,1.6887892826896067,1.9320887757702465,1,0,999.0,0.00697,тейк,0,0.5898626000000006,4.616666666666666,0,0.03629842180774556,1.1636524500717358
FIDA,1780959969,2,821700.0,25600.0,32.1,0.0,13,2,7.0616666666666665,86,2.727182210421507,365,0.5135625,0.0436109899694781,-0.3475238922675983,-0.3042155584528472,-1.7979452054794565,-2.714164546225617,-4.773765047737655,-9.363887791386805,-12.709284627092854,-13.629518072289159,-10.180109631949886,-3.6943744752309104,24.87751769188893,-1.7979452054794565,-0.9005481597494147,0.9597229674937691,0.21537852458451134,1.3753081955963697,3.3585222502099166,0.3671111983454559,0.8,22,0.13094718463553257,10.519423832387599,-17.954220314735338,0.13094718463553257,0.0059405940594056995,-11.408119199214594,1.0391825416176113,13.748141236440517,33.18148881364371,0.0829927164598875,0.06666666666667515,0.46666666666666823,-0.6037084950409555,36.62926444911,0.4362453219501724,0.5192732296888707,0.70179713980428,0.4143706819509279,0.711457495072173,0.45368448588122995,0.4793085228449512,0.7140626216588465,0.9899803526010109,0.6365564610240466,3.85379660574,0.10521086523848112,-0.4824262532465373,-0.005169682339934534,0.005108252885472453,-4.701513628474096,-0.04070228797796083,-0.007112013399238615,-13.137259329563234,-0.15164753659313923,0.035996037183255725,-33.70047598354646,-0.11061624594473973,-0.06283415739924558,0.98551599,1.16929777,1.528838,1.5513071482482998,0.9985297272727273,1.0573044999999999,1.4029706060390101,-0.017257625,-0.040234,-0.5488367318007662,0.00015900000000000002,-1.384563,-11.270178999999999,1.0,53.0,-0.4448052151959203,-0.048078438790633005,0.91352542831451,23,0,999.0,0.02294,тейк,0,0.5922250999999994,3.533333333333333,0,8.63448125544899,1.098118060156931
SAHARA,1781072236,2,305400.0,8400.0,36.3,0.0,12,4,16.344166666666666,197,0.2776363636363636,97,53.578947368421055,-0.22421524663678305,-0.22421524663678305,0.11248593925758943,0.0,-0.5586592178770888,0.33821871476888976,-5.969360802958268,-2.144035184167137,-6.708595387840665,11.250000000000004,-51.77458683283662,-46.337051552607775,-46.093276801938224,18.3125,0.5153093023991074,0.0774751362369983,3.340827935195856,8.341810783316372,1.4211138911037169,0.6666666666666666,15,2.298850574712641,13.333333333333353,-19.928025191183085,12.944162436548234,0.3153013910355487,-5.588171713808443,2.0148585641273518,41.92287505462516,33.979517768823285,0.27233212659677053,0.0,0.980392156862746,-0.05583472920156485,198.4170674731,0.6112233112420228,0.4675830281548105,0.4551405776146918,0.48076174692642837,0.7515989392289452,0.47506691757868247,0.4881677548111718,3.9822003609246766,0.9695828233136383,0.5471815407181038,14.072041168028761,0.070921525790298,1.0316119211501107,-0.014055622275051749,0.006811666534383809,1.491757549438244,-0.005887729577055412,0.0012629159578929627,1.6719296272667439,-0.01754691162109312,0.007607334706571267,36.22947584811469,-0.19329963338192546,0.24146536673564434,0.64116095,0.78919521,1.496841,2.3345791723591405,1.1097863636363636,1.2055455,-0.28008520216070315,-0.9921263636363636,-0.9085411276595744,-0.6491149894366197,-0.125191,-1.601867,0.212029,4.0,102.0,0.3588197870959098,-0.2639504475292709,-3.1318914635436124,6,2,999.0,0.0178,тейк,0,0.5119523999999994,10.1,0,8.391797752808984,0.6338433471910123
HIVE,1781146362,1,308200.0,25.2,12241.0,0.0,8,1,20.93138888888889,252,1.0,287,7.984455958549223,0.8996937212863765,1.6390281527188577,5.4410882176435305,6.960227272727271,7.571428571428562,10.15673981191223,10.456831517183574,11.343472750316863,9.94993742177721,15.037101702313404,13.063063063063062,7.374210633530254,-9.105018106570096,4.146660846791783,0.7092643408672034,0.26423295862729057,1.4883621490035193,7.59183673469388,0.7164889876742774,0.7333333333333333,1,-0.3591682419659792,11.91030251745293,-0.8091832894241646,15.13761467889907,0.9415760869565217,7.120343891661629,0.8830321320373026,85.63224237238455,75.86409864436061,1.7650653784338597,0.16513761467889862,0.11009174311926787,1.5924208828865138,16.056822053199998,9.758875681368817,0.5230011749659919,3.3810471367278225,0.5427097607477567,1.1406887234345229,0.5336403428266465,0.5132022717899993,2.8706117848563837,1.2164253297837901,0.7091875627647879,1.92900460129548,0.12013613870193228,18.31112211576327,-0.012860059419932734,0.030289399616666435,24.751078915460646,-0.004911995431957306,0.022679300938657665,27.841600121547238,0.04376595027519059,0.01677927831977155,34.479875484687874,-0.017352444403164746,-0.1336276555428263,0.54274484,0.73422562,1.193343,2.1987182780033434,1.345664090909091,1.051665,2.66252737034115,-0.9959532727272729,-0.469136489361702,-0.4202466192307692,-0.03457775,-0.8299449999999999,-0.170622,4.0,67.0,-0.297615699710263,0.8230927486585049,1.141954478319973,2,3,999.0,0.05271,тейк,0,0.4960611000000005,7.35,0,2.2798140770252218,0.2523059101309047
SXT,1781178992,1,481000.0,5100.0,94.8,0.05,9,1,4.348888888888889,53,14.937888198757761,64,92.5,0.47501237011382536,0.4054588607595111,-1.5609850688384719,-2.38438611671955,-2.2998460354118566,0.9947279419078914,17.838904363973995,23.877501220107366,29.717644052638303,30.166666666666675,21.157517899761345,16.835443037974684,7.5529661016949134,10.461538461538478,0.5289275037966342,0.0897251311601101,13.315868323000224,24.21422897991603,1.3689131940349628,0.6,148,-8.349882650297879,29.129269145588065,-8.349882650297879,34.92358803986713,0.7396566282015202,3.027137843751504,1.89640588458658,60.82670067309271,81.11716821990451,0.636860367804359,0.428870292887027,0.06485355648535529,-2.290365322733301,25.441342855949,2.6643382731759324,0.49379915341658487,3.5233430289159298,0.5036336369177576,4.893189141907751,0.5007367612598991,0.5010709118033888,6.980825746603746,1.1699985749530868,0.537478293631037,2.30769096251031,0.09070633478651847,-1.0522618208090195,0.012193361361361399,0.001216663926766115,1.3999185305994422,0.02538848601950594,-0.06699739018704809,110.02966998978829,-0.12955258844685147,0.17931865818034964,145.35953226446136,-0.05607078792408671,0.3345543200919936,1.89596469,1.95927117,1.352057,0.7131235128645776,1.0414854545454544,0.8873345,6.167961201249293,-0.9067781818181818,-1.2150928695652177,-0.437307950310559,-0.01197925,-0.031066000000000003,0.05509800000000001,4.0,3.0,0.325441341066357,0.7288422645508996,3.4649601741907787,11,3,999.0,0.010153,тейк,0,0.5291763000000005,0.43333333333333335,0,1.748744213532949,1.6029355812567725
ENSO,1781223988,1,5000.0,77.6,63.8,0.0,16,15,20.33388888888889,245,1.0,34,0.4132231404958678,1.0496631677894497,1.4150943396226356,5.755041810132822,7.679465776293837,7.859531772575257,7.6974453164134315,7.967860729829246,7.446276861569223,11.283643892339557,13.756613756613767,13.078541374474062,9.192483494159465,1.6228139278399167,5.361552028218708,0.23689879695150257,0.30858217581244396,1.9832082810990637,7.94846050870146,0.9930587062335783,0.4666666666666667,1,-1.1191169707189919,9.870304867778334,-1.1191169707189919,14.219939791039504,0.916666666666667,8.152670868765032,0.5560719385028686,86.71692647421087,83.2755801117733,3.0190202143462543,0.027397260273974617,0.08219178082191878,3.256513026052099,6.54772591894,24.600409905073796,0.4755442489985538,6.854267107891639,0.47395045130039365,1.9164517477774083,0.4670701868787033,0.4850101088385371,1.172719747414507,1.0902402735602852,0.7079022153232158,3.38181525793802,0.516486991026267,6.477919128422194,0.0013289823621616126,-0.01763997800575623,9.040443105320929,0.00165638312047367,-0.04433479408869401,8.685900963798531,-0.01169648639641363,-0.038588502427978066,15.356533228357904,0.007807318635631999,0.015220323301559313,1.66292135,1.78974359,2.18141,1.3117938500218307,1.1929367272727271,0.8744289999999999,1.0901170663389184,-0.027295999999999997,-0.018513500000000002,-0.025652833333333333,0.00125,0.030000000000000002,0.09000000000000001,4.0,213.0,0.5270142120269661,0.3307091822191799,3.333403617242481,0,4,999.0,0.645,время,0,-0.2637457023255806,48.0,0,8.468288372093014,-0.2637457023255806
LUMIA,1781227872,1,330000.0,37500.0,8.8,-0.36,14,6,5.756666666666667,70,68.75,9,122.22222222222223,-3.0218340611353756,3.3699497300316406,4.715201810637493,7.984051346883203,0.28901734104045396,3.640097069255188,10.344827586206895,13.88717948717948,41.795428425488446,41.94043205931231,40.04288056501451,38.78265216847894,22.587767719143304,28.633516553751768,0.44269497575396494,0.07890070090377098,3.401525541259609,8.245614035087723,0.7491451152859437,0.7333333333333333,1,-3.4938293064488035,15.025492352294311,-6.382261192142313,44.432882414151905,0.818595734483585,9.867630905581981,2.124811422384659,64.5923382830851,78.09232863844265,0.9511830612070029,0.0,0.1264150943396234,4.371636294967418,16.579117735135,3.1459340499806943,0.4985158708192181,2.4328354315005756,0.502293134258713,1.8379164659561353,0.5049515720863786,0.4976849620121727,11.675696652217075,1.1829625618044044,0.5040104257679847,6.28212290545621,0.37891780526673824,3.5942489448491655,0.01291353233969983,-0.024878729898537677,3.102391009948713,-0.016736313479232323,-0.04947009975396033,11.563802546484903,0.06584547464595714,-0.07887355145140273,47.22693681705561,-0.10520747571711953,-0.5676216328394581,1.45820984,1.59958932,4.87319,3.3418989958262797,1.1009200909090906,0.9949254999999999,1.1178342461602073,0.1264745,0.027442571428571424,-0.038385978260869556,0.00125,0.028266,0.09000000000000001,4.0,148.0,-0.40967557783128106,-0.19448445857985774,1.8930038503682134,1,4,999.0,0.11104,тейк,0,0.5930000000000016,0.2,0,1.2157780979827226,1.893514409221902
STG,1781229958,2,1700000.0,52100.0,31.8,0.0,12,0,4.412222222222222,54,3.301611963488056,160,1.3076923076923077,0.07048458149778725,-3.549592391304357,-3.745762711864409,-0.22839072382292436,-1.217603061401984,-7.688556566970095,-7.6585365853658605,2.9363784665579207,16.06376456161862,42.330827067669155,55.07919169852538,123.05577376276511,140.02535925612847,54.13533834586466,0.6478828122447006,0.05278928353391153,7.392239404645712,13.773897335541175,1.8760048171007075,0.3333333333333333,49,2.86180039847852,23.09364245607679,-16.436138905238384,47.12435233160621,0.619550408719346,8.263807812562153,2.727082647337516,45.416164924083084,58.173153503254454,0.133266870245197,0.700507614213198,0.26395939086294823,0.12064805239571097,328.6468889513,0.9650455823125035,0.46762540343950976,0.8762359912126619,0.5020555743463969,1.2881422484237561,0.4977978354782685,0.5090810005074846,3.96581585172422,0.9348422201819941,0.49409907263484715,20.9102996525,0.06362543007549527,-4.726201223928506,-0.013672349829131014,0.018857208402610848,-3.889977036347192,0.0353037818225721,0.03733956188489285,-8.91841009876002,0.07470627353711956,0.11380674693514825,20.91052423764541,0.4112746925419122,0.16616424335048596,1.16101544,1.05581019,0.914892,0.7880101921814237,1.0773979999999999,0.8060585,1.1645057772266258,-2.1783699090909088,-1.5781891489361703,-1.2710151045296167,-0.23402750000000003,-2.959201,-0.34017800000000004,8.0,354.0,-0.3376418826835814,-0.13278267115259812,1.966217596248332,2,4,999.0,0.5679,стоп,1,-2.021999999999998,4.95,1,20.091565416446567,3.1003151319246336
HMSTR,1781275904,2,6500.0,8.5,762.2,0.07,16,12,6.833055555555555,83,1.0,0,,-2.3567655424624134,-5.207100591715963,-8.63117870722433,-8.107074569789674,-8.596424496006083,-6.788207913110922,-9.729526671675437,-32.271702367531,-7.895745496358753,-20.849802371541504,-4.605001984914647,33.64849833147942,54.03846153846155,-12.318840579710145,0.00013327309932546552,0.06891016931476263,6.976537055974319,8.877086494688925,0.7553845789074359,0.4,1,0.9663865546218453,17.941176470588218,-37.323943661971825,0.9663865546218453,0.015818431911967003,-19.519851999924242,3.3348640024635436,31.417088867547278,41.47080891591384,0.22716285634682992,0.3333333333333279,0.42424242424242176,-0.3039513677811634,136.0459952423336,1.2743973102445618,0.4362260129982262,0.7619745644918747,0.46807472252422055,1.3838719591455666,0.5101116905972387,0.5091976998602539,3.604111910858277,0.9784943630901869,0.5172995643669953,4.8795867974738005,0.035867184394380566,-4.2692404209634605,-0.003938944012656043,-0.01293735950986774,-4.15831512803787,-0.0233741115390097,0.03347490437226974,-11.013116219197316,0.11449820221776874,-0.11670260564098145,-38.536149647852994,0.6736030389970187,-0.1402878228594543,1.71709307,1.98582039,1.689717,0.984056734909541,0.9820702727272725,0.913095,1.1319272345754148,-0.08040333333333333,-0.08412896296296296,-0.06238764347826089,-0.00045325000000000004,0.013955,0.043876000000000005,4.0,68.0,0.5948551526118617,-0.2694223678691432,1.0541061110138195,14,4,999.0,0.0002403,тейк,0,0.5930000000000005,0.6166666666666667,0,2.3304203079483887,2.98735384099043
ORCA,1781290343,1,35900.0,5500.0,6.5,0.0,12,8,13.423055555555555,162,1.0,0,,0.3389830508474523,0.9377664109121886,1.8932874354561147,4.593639575971742,6.379155435759198,6.570657065706564,9.32594644506002,7.832422586520926,16.535433070866134,14.728682170542617,20.939734422880484,17.81094527363185,17.111770524233428,4.941860465116266,0.7501414797792817,0.2051790843782697,2.176838241679496,6.564748201438841,0.7356578654602092,0.6666666666666666,1,-0.33670033670033517,9.79667282809611,-0.33670033670033517,16.996047430830032,0.9772727272727273,8.029960891788646,0.8195495811648853,82.4629697587442,80.2060073200826,1.3828849683025186,0.19230769230769656,0.34615384615384187,1.041666666666674,14.4492604377,7.738620672560791,0.5291840552128788,4.860940925332244,0.5022029623547497,2.044012902898526,0.4762006186185378,0.48689591102144053,2.773000462573716,1.417881042371192,0.5888274138901284,4.328154511199999,0.2995415945239164,1.8141280442536933,0.010794536396073084,0.02579708794680169,14.156376901398527,0.05686400891819354,0.03707154105405697,12.169909735314889,0.10099056671699369,-0.05690611875617324,29.615204965227427,0.14665595344239968,-0.056652346725534986,1.18889525,1.28853755,1.409318,1.1854013211004082,0.9236641818181819,1.041509,1.3049517072619825,-0.8020266363636362,-0.2992603913043478,-0.2049378918918919,-0.00428525,0.007859000000000001,0.09000000000000001,4.0,67.0,0.0647360789999718,0.5601481966882593,0.5135988764434218,18,4,999.0,1.184,тейк,0,0.49102169999999945,34.55,0,15.033783783783793,0.6218525972972971
ENJ,1781298402,2,3900000.0,499000.0,7.9,-0.2,12,0,6.839444444444444,83,1.21875,0,,-0.09290802105915708,-1.1339258351210635,-1.8259281801582539,-2.4788391777509133,-1.7062766605728363,-7.828571428571451,-7.8548986003998955,-3.470975463794135,10.328317373461005,10.177595628415293,16.336098088712568,8.218718550821858,6.188281764318626,19.56967213114753,0.8220104688971276,0.1369440932506129,2.2223136784710107,5.715106260769664,0.6951072147614302,0.6666666666666666,1,0.0,11.531308121512707,-11.519473395501922,13.153279551034714,0.4716981132075468,-2.1888947507228695,1.383245498125331,38.645475244699156,56.82229796094231,-0.06590639289688345,0.05769230769229871,0.05769230769231205,-1.3909888116117375,38.50863896546999,1.0599087685721291,0.3865525149705771,0.7361564182514859,0.4777499550503253,1.4357784983441622,0.46975030385219957,0.4983670528581552,9.38842386964703,0.9939051616766249,0.5757243205948088,4.19888169848,0.10903739553727312,-2.6208542315363292,0.008724218806058781,-0.006650467466163379,-2.677188649537998,0.013062548568723908,-0.01612652495691258,-13.64549585275807,-0.00202826118176358,-0.12400795541277976,37.33336642342382,-0.02106861258853754,0.05952033636259424,1.41998307,1.72553348,1.746828,1.2301752301877797,1.0810416363636366,0.6951905,1.737195672018398,-0.37579418181818186,-0.3910251086956522,-0.3535559908675799,-0.0418295,-0.529303,-0.008939999999999998,4.0,173.0,-0.21587567323471113,-0.833917111797744,0.08838118806411277,21,4,999.0,0.03226,тейк,0,0.5029882000000006,41.38333333333333,0,5.300681959082465,0.6374470486670787
AT,1781310440,1,8600.0,0.3,33269.5,0.0,17,12,5.181666666666667,63,1.0,0,,-0.8522727272727293,0.49010598541936456,1.9389720962028623,4.25193847718317,7.090161258732142,8.22776458168384,8.629139072847703,11.478863667255679,22.85050928699821,31.33957882936984,38.200353863004466,36.14707835325366,32.37833911710113,20.90639762991433,0.6612821931727245,0.15684835487098975,3.5102358471971407,7.058516537282267,0.8132380923450471,0.6,3,-1.1688859432427479,11.854697398571235,-1.1688859432427479,32.62451487710221,0.9541262709860487,10.094458509277437,0.8859464175508444,78.78773639198462,89.31402762128464,1.4929063002300311,0.007849293563582752,0.07221350078493169,3.7580965817995082,11.833079001039996,9.884255644202193,0.5332978642754943,8.705181363645647,0.5195052131106425,3.110551119698013,0.5219198988566179,0.5195932126828211,4.4735512083952615,0.8675995314221696,0.5626581437896429,10.25291447748,0.8664620997272884,1.5260404232961156,-0.015853009115108563,-0.012074139621420232,8.656332031450553,-0.08302247271137564,-0.10861663980139813,10.511875247545088,-0.0760458983518375,-0.1065254529623536,36.984639695171914,0.031228324357741366,-0.09995765695431225,0.73795462,0.94068878,4.136411,5.6052376228771355,1.249045,1.1603945,1.218183547489873,0.031794,0.0684720909090909,0.06668285106382979,0.00125,0.030000000000000002,0.09000000000000001,4.0,212.0,0.1877361479568851,-0.061008207805279824,-0.23654094575569218,0,5,999.0,0.16403,тейк,0,0.5930000000000005,0.43333333333333335,0,3.908693531671026,1.1744429677498032
BANANAS31,1781315493,1,985600.0,306900.0,3.2,0.14,14,1,7.582777777777777,89,0.9857971594318864,8,6.269720101781171,0.12163805919718218,1.758241758241752,1.9402779689005056,6.040652734039509,8.749266001174384,8.94117647058823,8.41504463632372,10.303752233472308,1.2160131165459775,-18.17077211973932,-28.307364753701737,-31.146017287852036,-25.719442494735787,-24.52225781508892,0.5471308740908821,0.15282879236684305,4.525150269793166,8.5885973911769,1.0264274784280643,0.6,2,-0.41672267777927985,11.545958914379973,-20.617231033004725,13.42826519675393,0.31310246340592623,-0.7932576896822252,1.522840616309889,72.78660380480473,45.75899664934939,1.5055781278812548,0.37719298245614113,0.10087719298245816,1.6655003498950327,23.246204396817,2.060046175562197,0.5195869897429052,1.1553360339984553,0.5718035001778627,0.6221315384325815,0.5268598959092172,0.4656566512100868,3.074831536463955,0.8442967382351426,0.5596635448824364,6.3057447270299996,0.2712591104934713,2.0581573029675893,-0.00318084265269869,-0.004841871818389132,10.073959729894465,-0.017721003131107915,-0.017690371986006426,11.739211820732432,-0.0040494749288859655,-0.06600613343252071,-19.498944917334427,0.1787998017374084,-0.42343277633723697,0.45917059,0.62219287,2.460831,5.359295768485522,1.4918235454545452,1.13511,1.3950266847141692,-0.0593178,-0.07939041860465118,-0.07167998378378378,-0.00485425,-0.015153999999999997,0.09000000000000001,4.0,128.0,0.2597549712948011,0.33600161230389336,0.5990954369292201,1,5,999.0,0.007408,стоп,1,-2.017999999999998,30.383333333333333,1,20.46436285097193,-2.5184999999999973
STG,1781335912,2,805300.0,62800.0,12.8,0.02,13,2,4.0088888888888885,49,1.0,483,0.5033125,-0.44001852709587563,-0.4861111111111094,1.4632995043663,-2.583276682528901,-3.6746583015908496,-9.322927652394009,-15.257244234180956,-25.247782994261858,-30.605326876513317,-34.476451760402384,-17.37459158177974,7.690380761523041,98.01934592353756,-22.679469593049852,0.5263373167651867,0.11497572127650765,6.277407427486392,12.26471170992669,0.8275401069518714,0.6,15,3.4159249458744156,25.619437094058206,-36.026785714285715,3.4159249458744156,0.05540382364416695,-24.567784501777425,2.3907158639256307,30.779385407640333,31.642884470129687,0.19680980456785616,0.2932692307692307,0.24999999999999933,2.25706818721787,258.99340530439997,1.0536255488763369,0.5185472585762069,1.1204930008427123,0.47879013541760296,1.0686943806746332,0.48562315041307497,0.4882387712786745,1.8687795665670728,1.0502678878084857,0.5523235419904491,14.884522432499999,0.0574706619074178,0.4641056121095888,0.013381923958084796,-0.006213550490398068,1.5145546897237239,0.026112989208749715,-0.029982039075118094,0.004555919053328417,0.08214378374513376,0.01994295939145907,-41.306909357218835,0.05624331539960403,0.15611531176830273,1.13053233,1.1332902,1.007773,0.891414578121795,0.9625728181818182,0.9986625,-0.00029860694260381215,-10.032288636363637,-4.29338485106383,-1.8826124041811845,-0.15773625,-3.2987130000000002,-3.3169700000000004,8.0,28.0,0.1616742476019839,0.4248602309084637,1.1985192334556638,7,5,999.0,0.4299,стоп,1,-2.221999999999998,1.4166666666666667,1,20.81879506862061,2.36558148325192
MMT,1781373119,1,83700.0,22900.0,3.7,-0.03,16,10,9.412222222222223,114,1.0,135,0.9147540983606557,-0.371747211895912,1.6691957511380862,2.99769408147581,4.524180967238678,5.42879622344612,4.199066874028001,8.414239482200658,11.759799833194329,16.01731601731602,15.91695501730106,21.486854034451518,29.844961240310084,29.468599033816446,6.920415224913512,0.6714927661666379,0.12481370444713298,1.8913093306486939,5.761641673243889,0.7222421531813795,0.5333333333333333,1,-0.5934718100890191,9.326845093268442,-0.5934718100890191,16.826503923278135,0.9601990049751247,9.205725459278934,0.8740265816444055,73.24337944466063,76.65866458505106,1.2060744398322985,0.07407407407407597,0.2592592592592608,1.3899613899613916,10.547264604999999,4.131361643107275,0.6226510454357554,1.8206251681688992,0.5813236180937287,1.8474938364742013,0.5137361633112802,0.5090845408538037,4.7896787213659975,1.0546257748620333,0.5209737592081091,3.263151144,0.3093836426985137,1.4418028297265906,0.005617652946626306,-0.00934448637650187,4.20130761389057,0.005237624820481068,0.0031748155758049013,15.153475952669337,0.04474364445969847,0.019387452984329867,42.81069309471741,0.03873052525921561,-0.12375617005633566,2.52276867,2.7511592,1.394415,0.5527320108981693,1.2794957272727272,1.2766595,1.8009323343749304,-0.062440800000000005,-0.09708255555555557,-0.09644272857142858,-0.00083975,0.009564,0.07608500000000001,4.0,128.0,0.07856858350059337,-0.09231249025416499,0.4283866922685009,17,5,999.0,0.134,тейк,0,0.5935644000000017,7.85,0,1.4179104477611837,0.22690768358209054
RIF,1781376144,1,9900.0,922.8,10.7,0.0,13,12,4.009444444444444,49,1.0,0,,-1.0247191011235945,-0.28074624162289785,-0.926759042648917,8.546924290220815,7.7608142493638566,8.056918547595671,13.64433894106718,18.01714898177922,40.231788079470185,41.31160164271046,73.86704563398074,88.2544024619593,72.34308968539678,24.345482546201236,0.5898180599445447,0.10583232077902499,7.994455779859866,8.81808438078535,0.6781642794504537,0.5333333333333333,19,-4.252173913043478,21.039890537838126,-4.252173913043478,46.403403802685816,0.8771048002010554,20.43636733319021,2.1450497539164655,74.88913244172018,81.71683188448702,1.180823758001166,0.3291326908821348,0.028169014084506405,8.509176562960064,209.24787772507,1.5636209086372017,0.5027724795770564,1.709875009238258,0.5419645829579691,1.5380516216933706,0.5260073650867468,0.5164941792006117,43.47086232772875,1.0605286925462782,0.540257029734925,7.5687244947800005,0.03617109323672338,-0.1588122800322722,0.0007130108751016717,0.0008769170766074197,5.9990316821435075,0.09485940884718191,0.020825152894014876,17.170261399366105,0.05512493831885945,-0.050853665811608884,271.1780570459634,0.04531995080815365,-0.35120034057767713,0.8014003,0.71376647,0.795527,0.992671203142799,1.07158,1.0786045,1.2584165105783534,-0.08415388888888889,-0.1724204411764706,-0.21015545161290322,-0.0075137500000000005,-0.217993,0.08754800000000001,4.0,77.0,0.15485288975471967,0.09953788212093695,0.6450317496172531,18,5,999.0,0.11011,тейк,0,0.5904889000000005,10.383333333333333,1,22.15067659613115,-2.5231166999999974
TST,1781439061,1,437400.0,133400.0,3.3,0.35,12,4,4.0775,50,1.257257832710549,44,0.6455135773317592,0.25934594218481877,0.6860627620378645,0.698856416772542,0.9168470648159843,2.0211122554067984,2.36373030224748,14.407391367114197,1.2973732983958541,-0.7078869886612882,-5.5648236415633985,-6.594377983381472,0.6540928430812221,14.110871130309576,-17.457102001906577,0.7760020979954042,0.12172090720217192,8.446665680188392,10.983488872936121,0.9070360145185214,0.6,97,-2.5215252152521517,20.310765815760277,-5.716495151983825,18.637724550898206,0.7215299913068675,7.821974835175816,1.346009428438967,60.803982828927836,49.27325638147419,0.7895681719421722,0.9120370370370459,0.06481481481481512,0.03188572157386549,31.959188343077997,0.2553964736043697,0.45409430779689114,0.2051524922891249,0.45886345894239916,2.631893714059543,0.4716826264079488,0.49029613888012996,12.280163879281648,0.3913953086151434,0.56479737760685,2.6515365100488,0.08296632823039429,1.548100161042365,0.00105705016746227,0.0006073790980820615,2.53060469419657,-0.0007645080706797369,0.043991832131790476,-5.72142772004669,-0.2688603816932261,0.29352707168809156,1.6751482564225206,-0.46843333687529876,-0.2829423977383161,0.95773979,1.20052539,1.882999,1.9660862163824269,0.9085347272727272,0.8074945,-0.39711753323410226,,0.6072529999999999,-0.023091052631578946,0.00125,0.030000000000000002,0.09000000000000001,4.0,228.0,0.040784425621920306,0.18589265747297468,0.9002738671892718,12,6,999.0,0.01585,тейк,0,0.5935000000000005,7.566666666666666,0,0.13249211356467505,2.5461577287066235
STG,1781445029,1,2300000.0,23800.0,94.8,-0.05,17,0,4.076388888888889,50,2.7541611783019997,770,1.9166666666666667,0.4104477611940327,2.7491408934707806,6.111987381703465,4.586086280606305,2.945677123182855,2.9850746268656803,11.428571428571432,12.406015037593976,-1.7524644030668002,-25.166852057842036,-57.34664764621969,-45.182318191077606,24.06639004149378,-32.84204671857619,0.2632451892485311,0.1180087769734702,3.3657023003476283,6.363636363636371,0.5457780653510196,0.4666666666666667,4,-2.464661109097488,14.624013294557535,-28.00963081861958,17.25490196078432,0.2744282744282744,-5.010227690114776,1.9742413111305004,60.85346813860395,36.8811370364001,1.0411222221635847,0.06060606060606502,0.4949494949494955,1.716068642745694,203.1609776674,1.4513130451867913,0.547767272133877,0.8882611800787635,0.4990138727232255,0.8409034126390379,0.5110469449955906,0.47323139738674014,1.0561580468374454,1.0235073339714134,0.5171461444409763,12.0891115377,0.05950508644180375,1.886027742687113,-0.014583552063971772,-0.040743864682084685,2.955603673147933,-0.0415922580840955,-0.020536233282769323,-0.23173723795503198,-0.06074321721350118,-0.06029263851770894,-21.095072550044968,-0.3779708389741233,0.16474306970680863,1.0459479,1.20623193,1.329482,1.2710786072614133,1.0174947272727273,1.3119155,-0.02027700832106529,-0.12458588888888888,-0.2122654,-2.1822541936619717,-0.018509,-7.9170810000000005,-17.848958000000003,1.0,9.0,0.0,-0.2986605994290348,0.3098393887416062,13,6,999.0,0.2691,тейк,0,0.5890744999999994,5.266666666666667,0,2.0772538089929293,0.20736349201040505
OPG,1781503302,2,290900.0,14100.0,20.6,0.0,10,6,7.825833333333334,95,1.0374465049928674,0,,0.4506760140210453,0.29999999999998916,-0.49603174603174427,-6.2178588125292205,-10.765124555160144,-15.714285714285714,-26.761591821832774,-36.297237218164504,-5.644402634054568,15.353651523864297,27.20355104629042,29.58656330749354,26.881720430107524,57.50431282346176,0.49809466183745865,0.1651940501434345,18.947155224151512,13.28701693443336,0.5046101410385222,0.6666666666666666,5,1.7757483510908223,40.48706240487061,-41.956018518518526,15.287356321839084,0.15501165501165506,-20.872746070400737,3.878469921392702,31.218951849556433,43.961700143575605,0.18095003202309454,0.23076923076923023,0.32051282051282076,-1.723289020187102,283.1922934497,0.710953133042658,0.469093753257747,1.136053553678866,0.450291895264998,1.678946059338479,0.489536536561773,0.5060167304519275,11.971785004438104,1.0663112413245361,0.6254107259981303,12.553392586959841,0.04432815750047784,-2.269343726246953,0.004775940959593106,-0.011392541921666832,-11.64120850816447,-0.005433637339017361,-0.08230917624716794,-27.975876958638924,0.36350806108727185,-0.3126304564382968,84.80388772099359,0.526492912939241,-0.12966087204331722,0.93000358,1.09345794,1.52701,1.6419399159732266,0.8799743636363636,0.7634675,1.0453741744844753,,,,0.00125,0.047059000000000004,0.01352,4.0,118.0,0.3290546575179798,0.5276210779657564,2.347706166693375,6,0,53.605555555555554,0.2006,тейк,0,0.5930000000000005,0.8333333333333334,0,8.225324027916248,1.8806324602193427
OPG,1781615508,1,8700000.0,22500.0,388.9,0.0,9,0,38.994166666666665,469,31.02710413694722,0,,0.17211703958690538,1.5706806282722585,3.8049940546968086,3.8667459845330265,8.245505269683818,10.99809281627464,9.398496240601517,9.125000000000005,8.245505269683818,-9.015112037519534,-15.447941888619843,2.7663331371394984,13.745928338762226,-16.831683168316836,0.3815357642669014,0.14481822975725112,1.7507238583019946,8.779576587795756,0.9273791163929952,0.6666666666666666,1,-0.2855511136493405,12.749517063747584,-10.323574730354391,14.117647058823547,0.5179856115107914,4.546332436618705,1.2867762534567466,76.87639745597828,52.195595782079714,1.6188746439905375,0.512195121951225,0.3658536585365796,0.29994001199760145,66.4266204771,2.9158964904736355,0.47626593489694186,1.940578722538492,0.4458937935906666,0.975614258499596,0.45493653635579434,0.45704996357546807,0.9839691298483062,1.1441164912937887,0.537456979786753,11.18055240183012,0.16831433424623066,6.432265008996874,-0.01630482415490575,-0.00597003920752226,11.15484565929501,-0.03342607480495452,-0.03754278752349682,12.988377446905064,-0.059316846635818044,-0.09107304056167587,12.748708419676902,-0.10010936249199343,0.022269873421391306,0.92472024,1.09978241,1.833532,1.9827964401428047,0.8516597272727272,0.9550259999999999,1.381963360350697,,,,-0.01725225,-0.795183,-0.401244,4.0,168.0,-0.09856145419525619,-0.7080053661243091,-0.20742989846457283,13,1,54.90416666666667,0.1746,тейк,0,0.5930000000000005,0.35,0,1.7754868270332125,1.4190605459335628
SPELL,1781635888,1,15600.0,5.2,2991.9,0.0,11,8,4.831944444444445,59,1.0,266,0.12540192926045016,1.3062409288824517,4.179104477611939,8.55365474339036,8.8074824629774,9.062500000000018,9.834775767112514,8.722741433021808,7.550077041602465,7.055214723926384,8.469308469308467,10.007880220646182,12.85367825383994,14.332514332514323,-0.2331002331002363,0.07943968131297244,0.263168301059384,0.8637666581671866,9.22595777951527,1.027691470918178,0.4666666666666667,1,-0.9226401703335774,11.295418641390231,-0.9226401703335774,11.412609736632074,0.9166666666666664,6.569610321778474,0.5215351498578428,86.0109186400441,74.00302536303504,2.748730022510019,0.2539682539682519,0.03174603174603256,3.5019455252918386,4.8117470883604,21.902060759821406,0.5396090463450892,5.7403648407615515,0.535890548137345,1.855020823122084,0.5124477371992563,0.5077393680485792,1.1386392717436498,1.2118953508291392,0.64527713021839,1.20401138455368,0.25022333103628397,25.067936200868512,-0.04363515496905557,0.15178415937376322,26.351237787224747,-0.056424028136144555,0.14215428037148414,23.434689465420266,-0.05877342222222226,0.16328967180566845,14.562052899638411,-0.037306851844437494,0.09765861729922465,1.69420784,1.86808511,1.309521,0.7729399953668021,1.3766446363636364,1.173338,2.6866197565713947,-1.170434,-0.396191625,-0.3904980185873606,-0.0297925,-1.009755,-1.994924,8.0,308.0,0.13875745136642248,0.2337661942102054,-1.4198971323469922,18,1,999.0,0.0001396,тейк,0,0.5376289000000016,11.6,0,1.8696275071633295,0.7070293252148996
STG,1781652712,2,250000.0,13600.0,18.4,-0.0,14,4,7.1925,87,1.0,1025,0.15625,0.0,-0.20226537216828655,-1.2805122048819562,-1.8304814962196714,-4.342768514928275,-5.188316679477323,-7.36012016522718,-8.832224685883228,8.059570740254053,22.06828302820385,-0.8838891120932169,-18.795260039499674,-27.141169521559362,31.7664522513607,0.7103913531487076,0.10863437447230448,3.4235096257006603,5.678353658536595,0.8264812550254631,0.5333333333333333,2,0.8173273395995162,11.524315488353064,-11.034980165885322,27.757638529259452,0.6365795724465559,4.346037830764771,1.749356093371761,36.600937512420785,52.125490204208035,-0.09343769522609133,0.014492753623186774,0.014492753623190796,-2.655568767340477,79.7749247017,0.9063620495584019,0.3771822041905913,0.7909828161461784,0.40002578331076516,0.6859044996031687,0.4598735479473433,0.48317205402988755,0.35326869954856227,1.2122806315535097,0.604109269434788,9.11643901583995,0.11427699931938234,-1.4930564951323277,-0.015771065437948373,0.006162521832089984,-6.434900096970031,-0.030005787402775264,0.015672497074311398,-11.609949339314918,-0.05303186141860006,0.03549667719723515,-2.716229020670491,-0.10538940247011508,-0.12197307165900517,0.80961309,0.95884004,1.259311,1.5554479238965861,0.9481100909090908,0.5875174999999999,1.577413014826309,-0.133107375,-0.1437292380952381,-0.8845058586956522,-0.010183000000000001,-2.6087390000000004,-24.414815,1.0,28.0,-0.05384759305823161,0.041261537243464375,-0.7457771520587797,23,1,999.0,0.2467,тейк,0,0.5671531000000005,17.75,0,9.261195784353472,1.099647478070531
BANANAS31,1781694068,1,548400.0,130400.0,4.2,0.0,12,1,18.501666666666665,223,1.3614697120158887,212,0.5858661396292933,-0.09242998428691251,1.0470225296812075,0.08333333333332416,6.945681211041843,7.094025562270878,7.820448877805486,7.402623211446735,7.147105471847737,7.938885560215692,5.002914319020779,10.498875485585746,16.80354441322671,8.209029932926203,-2.2343112492714146,0.4950638478397869,0.23044891216421998,6.353153354158003,7.296816294245612,0.9634482276554518,0.6666666666666666,15,-1.2786555849849446,9.995981514968877,-1.2786555849849446,10.26216464347649,0.8778359511343795,5.763706299073013,0.8539042323072624,79.44813576840737,66.94419757131165,1.3548408297493353,0.2612826603325425,0.04750593824228233,2.7588168373151367,7.452353175839,7.9066979051795,0.46173113429576274,4.46816686392204,0.5534502805760817,1.5277477665502912,0.5460428191123159,0.5124892728493134,0.2991891013153291,1.318789718617797,0.6240372778747131,8.63628375091894,1.1588666756855162,0.4953203034397058,-0.004273390303019764,-0.007872933873783294,7.949230555461573,0.0014973924947130346,-0.008741886099121854,8.71562960648844,-0.0024971799916759796,0.004993928173384177,2.615107392944993,-0.02178954755228857,0.09896060628086323,0.42750121,0.51519274,3.704283,8.664964948286345,1.653873272727273,0.747008,1.1773704209355669,-0.027312000000000003,-0.019874125,-0.02657857777777778,0.00125,0.030000000000000002,0.09000000000000001,4.0,58.0,-0.16908112040517898,-1.2486773777469984,-2.5658845810750064,11,2,999.0,0.010809,тейк,0,0.5970000000000016,32.15,0,5.884448145064303,0.33460671662503505
STG,1781752559,1,317300.0,15100.0,21.0,-0.02,6,1,34.92777777777778,420,1.2692,1002,0.1983125,0.6974041069353065,1.0890704006223384,3.876898481215041,7.042833607907761,8.381984987489588,5.478896103896114,8.60844128708733,9.064204783885854,5.564581640942334,4.419445560466051,30.210420841683373,8.74476987447701,-37.64395393474088,-3.8569706709521867,0.20349260341137163,0.14719403689067379,3.0846601522860784,8.291666666666675,1.0453577661431053,0.5333333333333333,1,-0.07689350249903137,9.97885835095138,-4.272559852670355,15.819964349376136,0.753715498938429,4.570187085957067,1.2113279029339203,72.25986197858329,60.37893864432754,1.3190016489277854,0.0957446808510649,0.010638297872342184,3.3640368442130475,55.0900889733,1.571125883270021,0.5608314910557936,1.188615681919411,0.5450578953959337,0.7290413620908365,0.49486417593801657,0.4761302287551701,0.24102783473747563,0.9098789651455538,0.5173109412621142,8.48324634981752,0.15398861225163415,1.9833079022254285,0.006685184984066339,0.0017605871321990652,3.4481424606209954,0.04431871813809907,-0.020798533574806988,-1.5762375258698613,0.07032067096090677,-0.024462822946706098,-10.06650323125755,-0.13170609820075918,0.03708500126865233,0.73134822,0.90647041,1.336563,1.8275329910558884,1.3579949999999998,1.2878280000000002,-0.18310370870905734,-0.1613451818181818,-0.10570943243243243,-0.14043941350210973,-0.0013635000000000001,-0.21012499999999998,-7.606253000000001,2.0,-76.0,-0.07653990068405836,0.3068677404704401,-1.9625101279812096,3,3,999.0,0.2599,тейк,0,0.5895625000000005,1.85,0,0.6087610619468942,1.7217065696036946
PORTAL,1781793978,2,332800.0,426.7,779.9,0.0,12,1,5.162222222222222,63,1.0,220,30.53211009174312,-0.1948051948052032,0.19556714471968828,0.13029315960910726,-0.710594315245483,-2.0395156150414206,-2.7215189873417867,-9.588235294117652,2.878179384203472,4.843110504774906,9.785714285714286,-11.30986728216966,26.190476190476186,1.788079470198678,21.42857142857144,0.8107136762180215,0.08289263423183871,3.3388928314462163,6.280193236714959,0.662345845710684,0.7333333333333333,5,1.1184210526315796,13.026315789473685,-10.53550640279395,12.107950401167034,0.47838616714697396,0.49642441986554875,1.3181832504609805,46.43337680664851,55.10911707322986,0.12780472684811756,0.7142857142857157,0.25714285714285684,-0.06535947712418277,31.761031939506996,1.391150777851138,0.47222738660026387,1.6267104683788802,0.46288420414208253,2.302315829654212,0.4713639833887114,0.4911742752741349,1.3796170909939989,1.1146250672689975,0.5499383495796304,4.0337890886,0.12700434596340807,-0.5761181618222477,-0.002585649008924884,-0.005439943905394262,-3.6374621515789074,-0.004704115489721161,-0.01853066360990563,-13.179654183268264,-0.028144775047450055,-0.0791934410909163,4.365346309604945,-0.018524875282513675,-0.10437785393738552,0.66954644,0.86395028,1.548897,2.3133526032936564,0.8530468181818182,0.8408965,1.3745651602181617,-0.2624444444444444,-0.8958240697674419,-0.5069700118110236,-0.1760295,-1.081221,-3.559695,4.0,73.0,-0.01346906812842441,-0.20867558995794067,-1.8943020341426142,14,3,999.0,0.01537,тейк,0,0.5609717000000005,8.6,0,15.147104749512042,-0.5700791053350691
GENIUS,1781812273,1,4600000.0,20300.0,224.8,0.0,12,1,4.083611111111111,50,2.1904761904761907,0,,-0.025680534155125834,0.07712082262210096,0.051400668208678724,1.5918580375782865,1.0119356512714006,2.0713162034609267,11.41957641671436,-2.284136546184734,-3.1832877393683234,-5.27980535279805,-10.956084172003655,-12.927756653992395,-13.546524539196092,-14.987834549878343,0.8135482579083744,0.25468183499091795,5.39619224848753,6.630465847384959,0.5888324873096441,0.7333333333333333,7,-0.5365355135411476,12.116871956459473,-8.572099577266334,18.112864077669897,0.6205821205821203,1.1475799141331677,1.5336466844996228,54.40415036844469,42.62287105482347,0.7436459896595924,0.2272727272727267,0.022727272727270147,0.8535954474909513,18.6743360842,0.6656526363428423,0.5107276899120514,0.6574004528485984,0.45575925281814184,1.1904107679313156,0.48832826610344515,0.4576522553179766,1.4567434591055275,0.6205310986637262,0.5818101374773261,9.169382758477921,0.4910151941752811,-0.03828758951016642,-0.00403984639075794,-0.0002247169897005019,0.47640813131446524,-0.010580262760931047,0.0007861290160768863,5.913728915609751,-0.06552472400230258,-0.006377857721480029,-7.772171814380801,-0.10708471372613515,0.038836096783116725,0.42863909,0.62,1.276875,2.9789047004555744,1.058975090909091,1.2260935,0.517858867948383,,,,-0.0132055,-0.08837700000000001,0.0008439999999999994,4.0,8.0,0.31060503438329334,0.299895466829847,-1.876315338207557,19,3,63.68194444444445,0.3893,время,0,-0.44605360503467734,48.0,0,12.740816850757785,-0.44605360503467734
AXS,1781931695,1,3300000.0,82300.0,40.1,0.04,11,1,4.074722222222222,50,2.75,0,,-0.9361702127659632,0.6920415224913601,4.021447721179627,3.4666666666666623,5.0541516245487195,3.1000885739592476,18.052738336713993,23.17460317460318,23.435843054082707,23.961661341853024,20.62176165803109,15.019762845849804,21.503131524008356,5.005324813631518,0.5520266573868711,0.15056658417749705,4.462059593270704,13.286004056795143,0.735955056179776,0.4666666666666667,2,-1.1884550084889645,20.573183213920167,-1.1884550084889645,25.296017222820222,0.9437751004016064,7.881311300506111,1.0460820015475532,78.39644085781393,89.47414870422895,0.8054089346941773,0.12068965517241571,0.20689655172413793,3.4605146406388565,49.399607014,5.531052924906168,0.5527959809163686,3.7588107839679097,0.5303459557237217,4.907304244126835,0.5178718432115006,0.5186245726557959,7.430776521178832,1.1586682515139382,0.5362434839735271,10.09130392,0.20427903236436867,6.6237433737514895,0.011227193647172617,0.0037370827655462957,10.717087083975185,0.010584769905541691,-0.05326873601611681,56.80529436249824,-0.05000906230412394,-0.18648361814616565,77.92312768745158,-0.01990290786727955,-0.19351133768401518,1.39207474,1.37354651,1.338376,0.961425390133866,1.2479168181818183,1.243398,3.1466303506417566,-0.33593990909090915,-0.5661852391304347,-0.18165397524752472,-0.07275324999999999,-0.279186,0.055993,4.0,178.0,0.17875016747976868,0.0899257915359497,1.8137923190172822,5,5,999.0,1.164,тейк,0,0.5399940000000016,35.8,0,9.493667525773187,1.08990611443299
BICO,1781937089,1,20800.0,9.0,2312.9,0.0,10,7,4.005833333333333,49,1.0,0,,-0.2890932982917205,0.6633059166887723,-1.5568240788790821,0.0,1.4167334937182696,15.811965811965823,10.354857475276336,-10.328527534861731,11.489861886570685,79.72524869729986,92.39350912778903,91.3262733232476,104.19806243272336,62.86120322122217,0.7622880129568257,0.06311364393278793,5.936210309483059,17.08282582216807,1.6195651442453263,0.6666666666666666,48,-3.5096642929806743,26.227929373996783,-15.312499999999996,81.35755258126194,0.7127303182579565,12.158176176463375,3.5992695825309324,58.94008587379856,67.84795399944029,0.8593335080711172,0.35106382978723455,0.3244680851063827,-1.5910276473656726,359.1918477885,0.926042129495149,0.49357766967647765,1.5052384417589506,0.49228501504812994,1.2447422979751004,0.5070387766325001,0.5034233644723864,271.60180888687444,0.9043123542112683,0.5275424693086184,9.14478513229,0.025459333747670825,1.1958973373144,-0.011562376118765871,-0.0023614356539692904,1.3494359069573525,-0.026328953678868228,-0.023469405803536847,22.68945849080124,0.22705252403193854,-0.0749064099794079,556.5069931977175,-0.537650916416502,-0.25635503404900273,0.99414766,0.90090953,1.048996,1.0551712207419972,0.9874885454545456,1.0590009999999999,2.191189839645353,-0.5430966363636364,-0.46477265217391306,-0.3193414444444444,-0.009575750000000001,-0.10436200000000001,0.06472900000000001,8.0,88.0,0.10643900981848198,0.4573832126634647,1.378844763733511,6,5,999.0,0.03794,стоп,1,-2.056686199999998,4.4,1,22.061149182920392,-2.5711415999999994
RARE,1781954800,1,102200.0,26800.0,3.8,-0.0,10,5,4.002777777777778,49,0.9004405286343612,43,1.5771604938271604,0.7782101167315147,-0.06430868167202064,0.7128969539857533,0.12886597938144284,-0.6393861892583175,-5.646630236794159,14.348785871964687,22.265932336742722,24.51923076923077,24.51923076923077,20.278637770897845,18.085106382978733,19.26323867996931,8.89423076923077,0.4902931144030532,0.06764473118944435,7.172756129534541,24.78134110787171,1.7475339506639083,0.6,115,-9.808473592571087,31.1263318112633,-9.808473592571087,25.829959514170042,0.6536885245901641,0.6820088321891182,1.3279941838931755,63.702651642907426,73.1077271239173,0.6677196114804795,0.0,0.15555555555555342,2.4967148488830526,22.82136390381,2.694424564069733,0.5003609162585457,3.3624265932987973,0.5162308154685191,5.640352506567334,0.4901270667804854,0.49211140103572243,19.884046018742325,0.9191045855156639,0.49336264137696534,2.7846787122,0.12202069621855954,-0.6366440969580611,0.03049388511241835,0.005772328355027279,5.871228214065449,0.1411446253603299,0.0013855662322770357,108.52197575104539,-0.09763621632614117,-0.1164050789315384,130.92015689273055,-0.08188199111420114,-0.14587972013905026,2.54915254,2.8714653,1.358726,0.5330108648578559,1.1230212727272728,0.916254,7.563146925419006,-0.144471,-0.693221261904762,-0.2586122202380952,-0.017438250000000002,-0.147544,0.048366,4.0,33.0,-0.03251782196571629,0.0004714283020401666,1.874465707635209,11,5,999.0,0.01554,тейк,0,0.5764569000000005,1.0333333333333334,0,1.9948519948519872,1.5408831023166014
BEL,1781959326,1,89800.0,17700.0,5.1,0.0,10,5,4.077222222222222,50,1.1831357048748352,0,,0.1355972173092912,-0.4162757973733555,-4.797937335351166,-1.0082760228464882,-2.295213989875744,0.5446042739596368,11.44281871268291,25.470931521016492,47.47764174698273,50.30973451327434,81.5024577901261,93.1430520809643,102.58826335877865,34.87610619469026,0.5720348504936787,0.06691996546311545,11.541065763771453,16.602316602316613,1.3799765460949667,0.6,80,-7.690217391304344,25.221178712399617,-7.690217391304344,55.59728838402347,0.8109299839657937,15.475759990138304,2.422714570535899,60.123988919578736,77.33143655298412,0.6335526395905375,0.4855842185128965,0.06828528072837739,1.6961864651243275,79.11602379807,2.2178454829834413,0.45687233948157235,2.242201857704677,0.4933286593845421,2.8620463291253486,0.5034891658460036,0.4987499782763677,13.855817819014595,0.9382245962263007,0.5315348256661674,4.924705160969999,0.06224662115906456,-4.464668281195294,0.008507699810159641,-0.012846263466221086,-1.302887216456805,-0.00943948970591213,-0.03242907118896432,25.568820904822196,-0.12762165508646295,-0.07212230814103016,115.39555746995451,-0.48048574322430027,-0.2021954442021494,1.14752145,1.04047705,1.143664,0.9966384506363695,1.0160955454545453,0.8564835,2.234486235151345,-0.14613199999999998,-0.18173069999999997,-0.14944729680365298,-0.012063,-0.23367700000000002,-0.12614499999999998,8.0,197.0,0.06927241968091025,0.4031520882584738,1.8833102504150157,12,5,999.0,0.16985,тейк,0,0.5930000000000005,1.8666666666666667,0,13.800412128348526,-0.16831976025905343
ALICE,1781980293,1,648300.0,290.6,2230.6,0.0,10,1,6.427222222222222,78,1.0,0,,0.5017921146953208,2.0378457059679667,1.8895348837209225,2.186588921282806,5.651846269781435,4.237918215613368,7.597851112816567,2.3357664233576436,24.9554367201426,30.29739776951672,39.08730158730158,30.661696178937547,32.765151515151516,21.09665427509293,0.11637306487522027,0.08081434879791641,3.7545815998906162,6.687163720215228,0.8706687163720256,0.4666666666666667,183,-1.2676056338028152,11.459968602825722,-6.0321715817694415,32.765151515151516,0.7935779816513759,7.200836711630076,1.9366703226201054,63.877749428633905,67.59313061852137,1.039993501208345,0.6,0.28000000000000225,-0.21834061135370675,64.7545474208309,0.9383203691244384,0.5083332305573706,0.7789816367585809,0.5184448681495673,1.4345818708148297,0.49619154003383353,0.48709198918886787,27.06590398942534,0.9196910119008577,0.5133897544014869,3.27139610286,0.05051994389829716,-0.10037458541380939,0.008865410478392066,-0.00712445073583734,6.247865266879904,-0.005499071431689151,0.004434616795236046,9.030078033894817,0.10532302820662176,-0.022940326137079414,180.67316611563612,-0.08814910559663025,-0.20801729837659733,2.23128278,2.2037325,1.320034,0.5916031853210466,1.1351799090909092,0.5809055,1.1885042099156529,-0.4744892727272726,-0.621070804347826,-0.6450550506329115,-0.0976095,-1.5240439999999997,0.06951800000000001,4.0,88.0,-0.19870893908812137,0.7709866545430488,1.19190474907227,18,5,999.0,0.1402,стоп,1,-2.062008399999998,2.9833333333333334,1,23.466476462196862,-2.6271697999999994
VANRY,1781991057,2,259899.99999999997,24700.0,10.5,0.01,16,3,10.918055555555556,132,2.7473572938689212,0,,-0.17152658662092923,0.11467889908256534,0.2008608321377281,0.25839793281654533,-0.1429796968830499,-2.2122654718566226,-6.904825379898694,-4.407336435806187,2.917771883289122,6.075334143377886,3.9595117594522167,-1.3001695873374852,-1.1045029736618472,13.942891859052263,0.8829646156605439,0.1399955839456906,3.414769205898871,3.95778364116095,0.5533540622455885,0.6666666666666666,32,0.5760368663594528,11.693548387096776,-9.953584321815367,6.723716381418088,0.3630363036303627,-3.0183351940206604,0.7478003391366563,39.447886148963114,51.10898389761441,0.1885472511775762,0.3200000000000097,0.5200000000000028,0.11448196908985242,4.5808780855719995,0.3643190877819683,0.6693211215446396,0.767078309620028,0.52686904553421,2.8666915986445103,0.45276565373332595,0.4699569382921451,3.9579414454931405,0.814323599197448,0.5906936515384751,1.296130090266,0.28294358986507634,0.15398622313373966,-0.008211409795238711,-0.0024880622867977653,-0.20667824545405056,-0.035626487796315165,0.018341649549873607,-9.127310422067858,-0.015732532165748325,-0.07715977053309908,8.498528640541902,-0.07778738572697941,0.006827744733903129,3.74738841,3.58594918,1.240444,0.3310155938706124,1.4376611818181815,1.8250449999999998,1.321874185064731,,-1.1051289999999998,-0.15418768918918918,-0.0035775000000000004,0.005251999999999999,0.09000000000000001,4.0,149.0,0.034282547678565756,-0.09396071785362503,1.2215752491620657,21,5,999.0,0.003492,время,0,0.4083711340206182,48.0,0,1.0882016036655395,0.4083711340206182
BICO,1782023495,2,55100.0,10300.0,5.3,0.0,17,11,28.0075,337,2.6490384615384617,0,,-0.2822201317027373,0.7987828071509995,1.1836578846887935,-1.3035381750465591,-5.944986690328302,-15.200000000000003,-15.443522654754304,-12.929193362904556,-14.900449582530516,39.767932489451475,145.59777571825765,168.76267748478696,181.01802757158006,65.29535864978901,0.7236992986964789,0.12425624898585659,13.649715066376666,16.71167593328039,1.0466786505580876,0.6,22,3.8604742308445905,28.199098569468962,-20.300751879699252,41.333333333333336,0.5344827586206896,2.420130719615199,3.2314772406435996,33.243481290719785,51.86432326729392,0.07787036004525916,0.2716049382716073,0.00617283950617046,2.2556390977443552,660.90350537442,0.7563825433940091,0.5599129849868731,1.198504684821449,0.4990313839780744,1.1513716177014126,0.49779007845576156,0.504720850630808,12.606218749787493,0.7855758827643982,0.5498131578410146,16.2220366081605,0.024545242196847287,-0.05430860877365662,0.00868147855669732,0.0015659541296502155,-6.818700249293396,-0.01797616572922678,0.01542316408366573,-14.217187332574666,-0.1770783647847446,-0.01740709841137411,77.61939184440436,-0.40565982073224016,-0.03381323721962748,0.58786936,0.57157649,1.017585,1.730971316484329,1.026982181818182,1.199258,0.9205922541382028,0.024635888888888888,-0.046730969696969694,-0.19168580454545456,-0.0048375,-0.525116,-0.048158000000000006,8.0,88.0,-0.027695141836459047,0.07055184626238997,0.9128002487742037,6,6,999.0,0.053,тейк,0,0.5930000000000005,0.26666666666666666,0,4.076150943396217,4.237692933962264
TNSR,1782037291,1,285800.0,15500.0,18.4,-0.08,15,5,4.259444444444444,52,4.025352112676057,175,2.3387888707037643,0.22146164686933645,-0.12038523274479074,0.5250403877221199,0.22146164686933645,0.5656565656565471,7.842287694973993,13.265073947667783,56.88622754491017,63.74999999999999,69.89761092150171,75.9632378932485,69.78171896316508,70.42108866826429,50.00000000000002,0.3446365632573539,0.06867969223563336,7.622736538788422,18.593314763231206,1.2693737846218545,0.4666666666666667,84,-7.626646873260345,27.701421800947855,-7.626646873260345,74.54417952314165,0.8379976350019708,5.840619156378857,2.5202162509225414,64.53650844556732,78.35053615874965,0.6619783809657019,0.08376963350785353,0.5916230366492136,-1.2318696602424017,200.02894101998498,1.8761190882403456,0.5024003141133575,3.324221606935396,0.4925519359219351,5.327179663425765,0.49580492005713056,0.4956762983794576,110.12076807822615,1.002479005208223,0.5257930103650699,8.89914515323677,0.044489287939326994,0.7749232978775167,-0.0063140240375014756,0.0025505535527408085,6.968140552322577,-0.03473136585978476,0.015277168006563757,99.88086038349122,-0.35071204450702687,-0.09696234479039056,522.7082110388935,-0.6227273445074417,-0.27701575497275943,0.89303292,0.80809731,1.128509,1.2636812985572805,0.9679143636363636,0.9879045,7.529612030625122,-1.1007925454545453,-1.2655738260869565,-0.6370428583333333,-0.142368,-0.5797930000000001,0.09000000000000001,4.0,98.0,0.4761889868199587,0.09908687394935001,0.9304495628159382,10,6,999.0,0.04978,тейк,0,0.5286258000000005,4.033333333333333,0,7.480755323423072,2.3977381865809564
LAYER,1782140209,2,309100.0,30300.0,10.2,-0.02,12,4,4.101666666666667,50,1.0,112,16.618279569892472,-0.24390243902437936,-1.295567128159525,-0.17983301220295678,-0.35902038722913643,0.5173974906221623,-3.6095261721657113,-9.217289719626166,13.032727272727263,16.85714285714286,17.050760656725394,17.564296520423596,18.75,13.461819243685213,28.935080584425354,0.8670238017722827,0.09099300648660315,3.1403399132689636,9.705063995548146,1.023562339088217,0.7333333333333333,61,1.2112529304506348,19.69262828861682,-15.440696409140365,19.88583770441221,0.4759970457902512,-6.848347903142016,1.7072948669986143,51.439063291852904,62.969762843652376,0.3868073141706145,0.4301675977653592,0.2513966480446961,-0.7312379730596508,96.573522956882,1.4602859464140767,0.5161217223261212,1.5585851854752684,0.5293038316020541,4.956642213575625,0.4970842443120476,0.49929820943056763,22.660369455668082,0.9428152098407679,0.5467792513482366,4.994053774803,0.05171245308129369,1.4745685411547749,0.002872053928948848,-0.005078641545725238,4.541029621389758,0.04798223298122073,0.0531522313234194,7.12821981489129,0.06805376089078252,0.1219103663875345,159.68498048265775,-0.22979341359779082,-0.06672485170538822,1.51815287,1.64590164,1.20833,0.7959211643818187,1.1499051818181818,1.3293195,-0.7733531256713493,-0.7782005454545455,-1.4756156595744676,-0.5631571897435897,-0.31019125,-1.239577,0.056218000000000004,4.0,63.0,-0.7550436949415373,1.2879536524023738,1.3306657545671285,14,0,999.0,0.07771,тейк,0,0.5390262000000006,7.533333333333333,0,10.269103075537256,0.6679911953931291
MOVR,1782207998,2,441600.0,54500.0,8.1,-0.12,13,3,5.092222222222222,62,2.0434983803794537,12,2.0577819198508855,-0.16339869281045694,-0.2448979591836875,-0.6504065040650375,-0.6504065040650375,-2.474062250598552,-5.63706563706563,-6.288343558282216,3.122362869198314,3.5593220338983045,0.16393442622950616,-4.306969459671095,-5.417956656346757,-15.432525951557096,6.8852459016393475,0.8275578605433797,0.06536996475717095,2.3042494147154424,4.706790123456783,0.7317937977660178,0.5333333333333333,9,0.576131687242798,14.320987654320971,-12.023038156947452,5.526770293609684,0.27705627705627717,-4.39962215123294,0.9179644277637665,40.44059890257289,48.629662560208324,0.07474626593702523,0.06250000000000694,0.5,-0.5691056910569037,12.81656982957,0.7368819569406475,0.4465874853326296,1.2655302489202902,0.4763615037433145,3.0096377080788823,0.4776459840522708,0.49205455342192633,5.519502092797342,1.1644451565566771,0.5264443938855853,1.43974870272,0.11233494779533411,-0.9033019526003994,-0.011609120201294787,-0.005875674038857914,-7.265304052283406,0.027845680826611874,0.0003306559029605527,-12.971073604953753,-0.019583520311560965,0.14010200574218623,11.106587861032935,-0.18744019734912742,-0.3495506521332632,1.36479029,1.71504237,1.927111,1.4120198642386297,1.061433181818182,1.1158425,2.0627170708365457,-0.06549166666666666,-0.3947829230769231,-0.20036695402298849,-0.027773000000000003,-0.086092,0.09000000000000001,4.0,133.0,-0.0272653933193423,-1.6980025169611057,-2.7485849086041347,9,1,999.0,1.222,тейк,0,0.5955000000000005,25.5,0,3.764320785597386,0.9763249266775764
G,1782222694,1,1000000.0,84000.0,12.1,0.63,11,1,4.832777777777777,59,7.00770847932726,130,200.0,-0.8328192473781693,-0.6796416434970642,0.06224712107063546,-1.4408338442673307,2.453792224346718,19.516728624535308,17.207437112650382,22.057706909643127,22.429550647372444,18.897928994082847,20.14200298953661,22.196883314329142,15.689096797409153,1.4423076923077094,0.6604808359586302,0.15350736815166485,18.51167217662839,24.944812362030923,1.4283253438259127,0.4666666666666667,52,-6.322843822843827,29.216867469879524,-6.322843822843827,26.425481714510425,0.7559055118110234,1.1779787563960031,2.092098268694637,72.63989936260268,74.70380154893762,0.8442365684479713,0.18652849740932645,0.6683937823834184,0.8596868283696768,31.822916109361003,7.942889414447303,0.5443934362635907,13.814468792750853,0.49976792346793836,5.5547574536773485,0.4984576439007128,0.49850970721867466,33.52146858847901,1.0763626071449464,0.46285918918360636,3.8206212190866,0.12005880309512959,2.6250340167819353,0.034266144293901624,0.00010452670308835899,36.80335831472006,-0.1854942001198454,0.11199500581658572,138.26761707673296,-0.3563897621459481,-0.036655926970062924,178.91338361311034,-0.4813390773989288,-0.14364415773273465,1.08478475,1.03216542,1.004633,0.9261127610800207,1.0206698181818181,1.1537235,8.035340543251664,-0.7859144999999998,-0.5635393,-0.20695516161616162,0.00125,0.025304,0.07221000000000001,4.0,128.0,0.09196147568477642,0.052780946238839554,-4.600779824302426,13,1,999.0,0.003215,тейк,0,0.5930000000000005,0.18333333333333332,0,8.311041990668745,-0.07906853841368501
TNSR,1782292543,1,198700.0,6100.0,32.6,0.0,7,1,21.32027777777778,257,1.0,340,0.7680711248550445,-0.8326618318560186,0.654307524536546,2.441731409544956,2.584051125312592,3.533370723499729,4.797047970479706,7.513104251601632,7.232065059541104,6.921517520996234,2.4986118822876158,-13.83897316219369,-26.26323147593369,22.902796271637825,-4.66407551360356,0.708017932931327,0.12440314368494008,2.8597888256756576,3.8885664538595544,0.4928397927817556,0.6,3,-1.0187667560321634,9.576968272620444,-1.0187667560321634,10.14319809069213,0.8994708994708999,5.463918867325512,0.6509003078071421,68.58851750609784,59.41853807325423,0.9866155195101037,0.04964539007092237,0.1631205673758871,3.0730897009966673,20.864505882314003,2.547743236837225,0.561911345237284,2.2295663320303265,0.5206063961943569,1.7171476961539485,0.5228373161139508,0.5074884132386495,0.19572068581742189,0.9332772340179883,0.530674016847232,5.016515965906,0.24043301069297293,3.886750417286211,-0.002120510378738061,-8.486101132754165e-05,2.822308635291937,0.027871857582775217,-0.0020448738192989646,7.94463834702781,0.031818337309674316,-0.017047659782043922,-5.3227903208211576,-0.07748759895404522,0.12954789357939167,1.06897523,1.26818182,1.390391,1.3006765367238677,1.0989478181818182,1.3966094999999998,1.0574375226237789,-0.17906866666666668,-0.1470793125,-0.1266197157894737,-0.0034575,-0.09381,-5.7310170000000005,8.0,404.0,0.1805642032664423,-0.015296440231549191,0.5518726654776707,9,2,999.0,0.03692,тейк,0,0.5891345000000006,4.133333333333334,1,20.429685807150587,-1.2375783005417105
PUNDIX,1782412892,2,185500.0,36600.0,5.1,0.0,6,2,5.749444444444444,70,2.5067567567567566,20,3.6732673267326734,0.13054830287206887,0.13054830287206887,-0.3896103896103842,-1.2870012870012881,-1.9181585677749413,-0.3896103896103842,-16.630434782608695,-18.143009605122728,-14.777777777777768,-12.642369020501132,-15.899122807017541,-20.600414078674945,-20.353063343717537,4.783599088838253,0.6513872249899899,0.26979054529777996,15.3773676995272,14.058956916099763,0.8453751871118812,0.4666666666666667,164,3.648648648648667,25.0,-20.927835051546396,3.648648648648667,0.1173913043478264,-9.061417775191616,1.77919506748118,26.299553900976647,26.28609188387783,0.26607061593363857,0.3333333333333282,0.0,-0.7741935483871032,6.882118702299999,0.4913707735482458,0.3653298719412075,0.43473987901430683,0.40828591630447564,3.7913298635607586,0.5013057250921094,0.5087598320455956,9.116425153812735,0.23272303704746478,0.7384405202179875,0.93633391694145,0.13605314837544547,-0.8875333228496651,-0.032533476067160394,0.010808564697689427,-2.7448947880583496,-0.0982238653751939,0.05288954690997705,16.510120670826357,-0.3606269512767195,0.721329625773486,30.1472238083476,-0.3790394639721745,0.23369871973651013,1.37322835,1.65853659,1.486301,1.0823407483540521,1.075916,0.612114,-0.9927654259581862,-0.050689,-0.11498219999999998,-0.09159929268292683,-0.00726025,-0.004041,0.06673000000000001,4.0,78.0,0.2669058573153915,0.6749554752010223,0.025302498915014127,18,3,999.0,0.0767,стоп,1,-2.020481399999998,21.866666666666667,1,20.856062581486313,-2.5209813999999997
TNSR,1782464499,1,26100.0,518.2,50.5,2.2,8,6,10.331944444444444,125,1.0,627,0.13135379969803723,0.6025548324897656,0.5783132530120305,2.303921568627443,2.0787478601124842,-0.4768717215069107,6.5611437324482935,8.303061754021801,9.611344537815114,3.112648221343872,21.055684454756385,12.113886650550644,16.267409470752092,47.49116607773851,11.774941995359622,0.7036562143417221,0.10445662657211352,3.1694091232028043,9.68653648509763,1.1136616797237975,0.7333333333333333,71,-5.114798817913169,15.307994757536036,-8.645217771941349,21.83304144775249,0.6544181977252842,0.2573242982550461,2.037124535796817,61.69362858864962,59.146204819715,0.8778968111528878,0.2066115702479336,0.1239669421487636,1.9896831245394209,99.689974501641,0.9365617517031175,0.5483993359823937,1.0556738909273133,0.4620469174660717,0.7355410362379917,0.5026386155661242,0.4948371261514965,0.8892049803008859,1.0092403257271847,0.46565506258854794,6.191584701312,0.06210839888629001,2.352797380715921,0.01357973181568184,0.003834276372471468,-0.047306718391160185,0.008714691745724368,0.027815770006557328,23.89665896643809,0.08932628466338288,0.04345579067203964,50.40498412782628,0.1819159438869784,0.10011659630244929,1.17629669,1.36400201,1.443595,1.2272371522187995,0.9328469999999999,1.136758,2.8780538642703855,-1.3631367272727273,-1.0460399444444444,-0.6720720265486726,-0.0764725,-1.383939,-1.2785460000000002,4.0,178.0,-0.4557702798763441,0.5265451194409465,-2.3848044301499227,9,4,999.0,0.04174,тейк,0,0.5930000000000005,1.6333333333333333,0,3.21334451365598,1.3461629879731667
HOT,1782608215,2,413500.0,30000.0,13.8,-0.02,12,1,4.081388888888889,50,1.0122399020807833,27,1.0311720698254363,0.09044317154054404,0.15082956259426794,0.51468362095064,0.0,-1.2198750371913092,-3.3760186263096625,-10.536243600107797,5.698822031200246,9.861019192587705,12.428039282086,13.310580204778155,8.355091383812008,5.833598979917132,25.668811378259406,0.859469936483541,0.1177910076208604,3.2572573202322985,9.92207792207791,0.8361625846189594,0.6666666666666666,97,2.8182099721276055,21.957262310312785,-15.693245302183845,13.465481886534514,0.3893280632411067,-5.7693219422883635,1.5145079629067832,47.06080924416911,57.52376938784018,0.31354756189346283,0.4749999999999993,0.4749999999999993,-0.060240963855417995,22.967718102935596,0.5716291814942263,0.6315049721947432,0.8671016836699043,0.4942956140351107,4.334666080131537,0.48871298640928656,0.5002227881112512,24.325286246584422,0.6891359885623747,0.5896432814021596,1.8432298368007,0.08025306774228953,-0.46805253144683867,-0.0014616210914527583,0.010095159576225976,-6.558189921365143,0.022160509324423705,0.020031493241599696,-10.085156739841095,0.06872173276063176,-0.067856271508552,89.83394362617815,-0.21700115805134756,0.22530435699968376,2.1641791,2.21350763,1.161466,0.5366773942138153,1.0722820909090909,1.294089,0.9571871268938688,-0.29191742857142855,-0.7428727297297297,-0.31031364516129034,-0.049020625,-0.38024299999999994,0.006531999999999999,8.0,423.0,0.19889889306270447,-0.12320649042492082,0.33495081660943615,0,6,999.0,0.000332,тейк,0,0.5871258000000016,15.466666666666667,0,1.2951807228915646,0.8813919578313243
MAGIC,1782681403,2,4800.0,50.2,94.8,0.0,5,4,4.9275,60,1.0,151,1.4545454545454546,-0.8098891730605406,0.1506348181622652,-0.8732694355697568,-1.8557570645297283,-6.527415143603143,-5.540897097625342,-2.12407991587803,9.325816302560487,12.524177949709859,12.988589463461997,10.677764565992875,13.098420413122724,1.7267759562841434,15.440640932265115,0.16542032878105148,0.007379674313352424,8.734639659141008,10.519528371407516,9.00662892744691,0.5333333333333333,233,1.90497044011384,19.903656667396554,-15.010956902848804,14.320805698845485,0.4149466192170815,-5.174668320668541,2.214356044766898,46.320917627878956,59.3759057472254,0.15284636946361188,0.18750000000000044,0.7708333333333344,-0.08474576271185752,37.64698536845201,1.4672497629488492,0.5052485057308526,2.3543666826708396,0.4887872562912177,4.755187434585045,0.4886322396766893,0.49203528112643324,22.22931963750651,1.0339757620124912,0.5245575058461859,2.733162890628,0.07259978093540466,1.6968393181640007,0.0059806426667448065,-0.013511851434625188,-3.0172131733745555,-0.055970268281002156,0.07243893970968207,38.3486238319455,-0.15785617982006195,-0.018906962924866266,127.66378395462263,-0.21815775233177603,-0.047226583117463417,1.88395722,1.85197935,1.411631,0.7492903687059306,1.0539376363636364,1.020429,-18.05422834860399,-1.7237688181818183,-1.694148319148936,-0.6612694166666666,-0.17153400000000002,-0.6927,0.058608,4.0,163.0,0.05449591280652921,0.10266940451744144,-1.1524756608471298,21,6,999.0,0.04654,тейк,0,0.5173265000000006,12.4,0,4.618500214868937,1.1628162546196812
AIGENSYN,1782809170,2,186200.0,257.6,723.0,0.0,4,1,4.079722222222222,50,1.0,0,,0.14731879787861502,-0.41019630823323494,1.0404280618311335,1.5232974910394104,2.906448683015439,-12.306501547987626,-7.409425224734401,19.683098591549285,20.063581773225003,46.382428940568474,52.83273381294964,55.27638190954774,34.400948991696325,58.096468561584835,0.6236150463872293,0.04932978011523945,8.106191765253223,15.163098878695202,2.1187826333932525,0.5333333333333333,68,4.0085679314565414,24.602203182374538,-16.691176470588243,50.39823008849558,0.6258241758241757,-2.429778965151763,3.093542189173029,46.14035181424982,61.54385055526461,0.20360901562616465,0.6224489795918351,0.0918367346938772,0.8338296605122197,202.40070159027,1.3823515238676936,0.5097770739258133,1.9799979951475888,0.5125029799852393,2.9204109711437662,0.4979996214757741,0.49555780610274225,45.4418706496523,1.0917632963633301,0.5219559431241944,7.9093076596600005,0.039077471557738046,-0.9152480615189029,-0.011358067708024722,0.010163892866789759,-0.5273611220111385,0.07635089281117113,-0.04866834074446735,-18.54925351043161,0.10905039299194108,-0.10490027103387323,135.51321238009785,0.2769412479101254,-0.6696531188608137,1.05652621,1.14686347,1.338849,1.2672179708632123,1.020052909090909,0.7906145,2.50346726605862,-1.7180680909090906,-1.6096035744680846,-1.3494512210526313,-0.18911625,-1.418204,0.09000000000000001,4.0,193.0,-0.40359520795828496,-0.5538752807140668,-0.9859592715265042,8,1,61.772222222222226,0.03399,тейк,0,0.5930000000000016,0.8833333333333333,0,11.762459546925562,0.7010205419829366
OPG,1782849397,1,30900.0,3500.0,8.9,0.0,6,3,4.078888888888889,50,2.6869565217391305,66,7.186046511627907,0.23474178403755097,1.104972375690605,1.0252365930599305,0.628436763550666,1.505546751188569,4.828150572831413,9.300341296928316,9.487179487179475,3.1400966183574797,-2.511415525114158,-3.539156626506035,5.867768595041323,-26.50602409638555,-10.806697108066965,0.8188009509656832,0.15384261078864403,3.520900148248529,4.522184300341303,0.486238532110093,0.6666666666666666,20,-0.311284046692617,9.829059829059815,-7.442196531791911,13.86666666666665,0.6023166023166021,2.2936936815397324,0.9985956877456466,69.35119154789736,55.462945253855175,0.9021314324301539,0.33333333333333776,0.2857142857142819,-0.6259780907668211,18.154365600400002,0.6378500832518686,0.5519364898521252,1.0699495885646382,0.5475456945260492,1.0707536435628298,0.5360560111503729,0.4638210227139235,1.2717584982432133,0.8295309198502079,0.5081253573593159,5.94924891746647,0.327703487327334,0.6153091637912889,-0.004285070420680048,0.0024024853555972836,-0.09281999672383634,0.0036277724902074038,-0.007049217480086245,6.997846124693297,-0.012951523316991342,-0.030831359788374257,2.9204102872451454,-0.027241848542609803,-0.04434778285718899,0.5321608,0.78624661,2.133743,4.009583193651242,1.2761277272727272,1.7343950000000001,0.7524289594624362,-0.13004100000000002,-0.09891369999999998,-0.08554308088235293,-0.0042335,0.006352999999999998,-0.10620300000000002,4.0,3.0,0.5096138708065467,0.5460907435051121,-2.8272871510561237,19,1,69.18541666666667,0.1281,время,0,0.33167525370804096,48.0,0,6.557377049180335,0.33167525370804096
ONG,1782866778,1,5400.0,14.0,387.3,0.0,6,5,15.088055555555556,182,1.0,0,,0.4045307443365731,0.3639304488475492,2.923491602736883,3.4597749062108996,6.867599569429483,6.7756506775650704,8.053983456682623,5.6844794549712585,4.659498207885293,2.7105317608110857,8.764241893076253,12.130110684436413,11.400359066427267,-4.945168632319463,0.5804849057963812,0.2358151412356657,3.8544109011878547,7.794181502388198,1.0058205653081933,0.5333333333333333,1,-0.16090104585680942,8.582659969425643,-13.998613998614006,8.955223880596996,0.33552631578947323,-3.1195694652523476,1.448825615266738,82.06313451039978,58.97667734760353,1.422890751967083,0.20370370370370228,0.05555555555555555,2.491694352159457,29.42521546914,1.3362880015814276,0.5147800760175337,1.9737032427914922,0.48499869094481657,0.5872650158862218,0.4993615183059259,0.4799179742585154,10.77964270639603,0.905608089003049,0.584795932754426,1.60497692676,0.054544270999246754,5.553586761040874,-0.014447491017406722,0.0028630030080907254,34.04119125088627,-0.09035808279773261,0.046886670868571345,34.54200962587488,-0.13656703747985033,0.017776432348588944,85.44600115145751,-0.26112059707222235,0.10452728239983489,1.63108206,1.75357143,1.112851,0.6822777512493762,1.229127909090909,1.1609005,4.288810600574847,-3.753249454545454,-1.560983489361702,-1.5981411713286715,-0.12786325,-4.435722999999999,-0.04150299999999999,4.0,193.0,-0.21662017896343366,-0.3039238928182142,-2.1636015505225314,0,2,999.0,0.04964,тейк,0,0.5929999999999994,0.26666666666666666,0,0.7886180499597106,0.8081549868654309
BAND,1782934333,2,406600.0,28200.0,14.4,-0.0,12,0,4.855555555555555,57,13.59866220735786,176,60.6865671641791,0.06811989100816707,0.06811989100816707,-0.6761325219743042,-0.5416384563303955,-0.9440323668239992,-2.3271276595744683,-7.89968652037617,2.013888888888893,6.064981949458481,4.3323863636363535,1.10116999311769,1.1707988980716344,0.06811989100816707,13.28125,0.8948538114590249,0.13301869457045287,2.9683265493929856,4.876504116529457,0.6311702889036495,0.6,2,0.27303754266212454,12.08191126279865,-10.535931790499397,8.333333333333325,0.39510489510489505,-3.7068519945122724,0.7144027990909214,42.18493730488864,55.755918278096736,0.15266398011211058,0.3333333333333333,0.06666666666667777,-0.6093432633716866,3.8229241145799997,1.0859393707363962,0.4035048148342771,0.9258194119474025,0.5205903828079702,3.5381373070770503,0.4853862127920748,0.48873913250440504,4.653109604270112,0.8461908885813797,0.5465109391529513,0.955316260905,0.2498915051077216,0.06900777751519538,-0.004296457430636336,0.007779590049919793,-1.1682117269841141,0.0011937052580723861,0.017433306340317145,-8.6471959083259,0.04947876164753784,-0.0024552680631338974,14.253790646887389,-0.022907122558830317,0.012627980778849635,2.57465091,3.10220441,1.427288,0.5543617561729951,1.7893095454545458,1.3378875,1.0946251963317317,-0.05609666666666666,-0.12237823809523811,-0.1098745128205128,0.0008242499999999999,0.026594,0.085785,8.0,267.0,0.01729873586160391,-0.26207363273863526,2.5251750231033876,19,2,999.0,0.1469,время,0,-0.6166616746085789,48.0,0,6.314261402314503,-0.6166616746085789
SHELL,1782941777,1,78000.0,14700.0,5.3,-0.0,9,6,8.489722222222222,103,3.8423645320197046,14,19.5,0.12706480304955914,0.9824861170440125,3.0963802878325453,5.253784505788062,1.9404915912031084,7.797537619699035,8.142726440988103,8.192219679633862,13.763233878729553,13.435700575815734,8.889912482726858,11.614730878186963,7.210884353741509,4.894433781190011,0.5337717749994907,0.11479129405918861,2.1286834813151856,7.801094890510973,0.9818619431160363,0.6,64,-5.854241338112298,15.607734806629846,-5.854241338112298,15.655577299412915,0.6852248394004284,5.648640564829632,0.6310649341439396,71.11177151404699,80.2379872230463,1.3454108270024243,0.10975609756097943,0.3048780487804876,2.096985583224109,3.02916614106,3.799334574145446,0.5545621590844967,7.196983264223069,0.45275432171284574,4.060192385379098,0.4900848238750164,0.49323394201057974,3.338146683701941,1.1021384267972734,0.548393672446043,1.34190766464,0.4429957295674857,2.412272802198756,-0.003626704472387221,-0.016948517004762076,5.133151446614925,-0.0262872708119527,-0.04973761895748341,14.02086519769643,-0.09009369822145097,-0.10838212176787121,24.8185216547933,-0.07185147956889293,-0.054945568440643244,2.84109312,3.03424658,0.707859,0.24915022848670304,1.036829090909091,1.4213835,1.7218882765260906,-0.07229050000000001,-0.11707846666666666,-0.06715336206896551,0.00125,0.030000000000000002,0.004540000000000003,4.0,143.0,0.928136171121352,0.6295113594784185,3.3067658337857964,21,2,999.0,0.02364,тейк,0,0.5925686000000006,11.233333333333333,0,3.0864213197969503,-0.13706507174280688
SLP,1782952337,2,346900.0,44900.0,7.7,0.05,11,1,6.488611111111111,79,13.765873015873016,0,,-0.3884686158249884,-0.7132667617688826,-1.8533440773569665,-2.3059955885301853,-3.390838786436634,-2.4233927498497954,-17.786027674654058,-0.1434720229555153,7.8353253652058585,8.170515097690956,6.631648063033491,7.787610619469043,4.954760878931497,31.571936056838368,0.7063592261074698,0.15364695303966375,4.358954135358228,9.452736318407961,0.6561582332241237,0.7333333333333333,1,1.0578718108276375,23.459863098942147,-27.261869214690947,10.954224550216352,0.20849588209796283,-11.125103487750842,2.0355333357082053,44.394818242285815,53.88301565270185,0.24232202837272157,0.11475409836064991,0.10655737704917873,-1.9034261671007968,10.429606687647802,1.1269566572471033,0.3955370344018623,1.0128590638511266,0.44480811420080535,2.9414593286915873,0.4710111658852139,0.4898251022789208,17.233424228731337,0.4585282139198079,0.5913178590757894,1.0908088477884,0.1045877261201315,-1.5503799579578148,-0.007449228088277859,-0.005701769664138379,-4.134482278664597,-0.025382953181738666,-0.02032281098873312,-14.820706920724213,0.023673303071394924,0.016219858580964308,57.1092262275023,-0.1892477059325528,-0.549329727843819,3.01191895,3.15885947,1.170292,0.38855361629170004,0.9748134545454544,1.17346,0.8332780760171891,-0.188607625,-0.214215,-0.19888801999999997,-0.01773725,-0.045949000000000004,0.08594600000000001,4.0,207.0,-0.7148221751065109,-0.3261154231743779,2.3851708172979658,0,3,999.0,0.0004872,тейк,0,0.5935000000000005,5.65,1,20.509031198686365,-2.5251378999999994
TLM,1782953209,2,5600.0,232.1,24.0,-0.0,10,8,4.583611111111111,56,1.0,0,,-2.2979985174203077,-0.8276899924755554,0.9961685823754785,-9.166092350103384,-12.13333333333334,-29.70666666666667,-16.897856242118536,41.416309012875544,44.83516483516483,56.904761904761905,51.66858457997699,49.94311717861206,40.96256684491979,88.80952380952381,0.007020080310111605,0.05276597550957577,15.275767942787954,23.157344485101937,1.3062699248286376,0.6,15,4.6862589356632345,62.11278792692614,-35.42381185693287,62.515413070283586,0.41219512195121955,-8.424621956075583,4.3740746564293715,46.92506192938176,61.65467932061097,0.20165688205226212,0.43065693430656893,0.5401459854014596,0.30007501875468634,81.426062988392,1.9610320040932794,0.5025787366174137,2.454090418741909,0.4692161854200564,3.775562736670232,0.4849360992780378,0.48570931851773436,63.99071663672832,0.8085041742697615,0.5266854810344356,2.36482778442208,0.029042639391262313,-1.955643791656514,0.014075218004703016,0.004047807321584607,-13.7471318117383,-0.02834384259622713,0.12081489489115826,-6.002498279419499,-0.034379283288568874,0.033811356892873956,146.59426186848034,-0.43727311109534905,-0.3854942566841899,2.20364606,2.06955287,1.152924,0.52318928203924,0.9124424545454546,0.912428,0.35522247280445246,-0.29158233333333333,-0.9446635,-2.2866067101449272,-0.09581875,-0.791535,0.09000000000000001,4.0,193.0,-0.8760738849477256,-0.6943784837653344,1.948339660148246,0,3,999.0,0.001318,тейк,0,0.5930000000000005,0.25,1,23.102427921092584,-2.5241747999999973
MANA,1783080693,1,454300.0,65000.0,7.0,-0.01,13,0,5.670833333333333,69,1.3745839636913768,0,,0.7682458386683688,6.639566395663965,9.457579972183595,10.533707865168541,11.158192090395481,11.473087818696893,14.223512336719878,17.81437125748504,23.354231974921657,22.968750000000004,27.759740259740262,28.38499184339316,24.72266244057053,7.656250000000009,0.5838215126421421,0.28699721756060736,1.5636423769755048,11.631205673758881,0.827374424215838,0.5333333333333333,1,-0.5056890012642201,15.474452554744511,-0.5056890012642201,24.72266244057053,0.9750000000000002,12.637611323448429,0.8509380088608444,87.2108779996014,95.1570517382891,2.7942926272844955,0.11111111111111453,0.11111111111111453,0.9817671809256634,23.235050620299994,12.835373810920041,0.5385539804399674,3.937025974545474,0.532237089591206,1.9828667489515954,0.4942014217624796,0.5104062776492837,6.486582009803562,1.0019739559608967,0.614594659119762,4.2037001521,0.1809206367051041,10.23823831019719,-0.014729290562545239,0.08088473163202115,12.0251982525454,-0.005412833271981499,0.09583233018428627,10.575830455407086,0.01097406626531483,-0.031959893965819774,62.59596802450722,0.088284549081453,-0.13293888436417056,1.42039801,1.69255928,1.520246,1.0702957827996393,1.189938909090909,1.268825,0.7435456309974985,-0.031437999999999994,-0.05504371999999999,-0.10394572108843539,-0.010115875,-0.060926999999999995,0.08087600000000002,8.0,228.0,0.17160419218378298,0.4198685966799287,1.0821942601473067,12,4,999.0,0.0787,тейк,0,0.5930000000000005,0.7166666666666667,0,0.17301143583225986,1.001651304701399
DOGS,1783156875,1,398100.0,53700.0,7.4,0.02,9,0,4.068888888888889,50,5.529166666666667,60,8.692139737991265,1.1375177737152242,2.5540679711637537,2.8294093349855443,2.343268242548824,8.569559529001314,8.854394403148236,14.776394651913316,19.687499999999993,22.544917548609412,26.78889737713268,28.58987603305785,34.060312331717824,31.441393875395974,10.466004583651634,0.5672983051813949,0.10724629874284873,5.572885566910735,8.941845212068223,0.6275130665731612,0.5333333333333333,41,-2.563600782778863,18.837209302325576,-2.563600782778863,27.210015329586113,0.8904682274247492,8.186158098448914,1.139586155882978,67.80153077459654,91.55587220578838,1.0805123025531354,0.18012422360248803,0.6211180124223585,0.6644518272425293,22.974792256964616,8.27002709484692,0.48273535365342346,8.737851765200837,0.477858220181146,5.141044514287064,0.46778820368044666,0.4701716947452857,11.245414579431413,1.22026414467769,0.5125653499838685,3.5208090516357,0.15324661099246267,7.401747165553529,-0.030075349564786635,-0.057463623362205896,20.724088559849662,-0.03671360600302309,-0.12096126568802712,53.065898989796345,-0.08800330567590764,-0.45233512046612634,89.54236405934992,-0.1426159012939333,-0.4916866235148013,1.90084704,2.04787715,1.714173,0.9017942864040234,1.041581181818182,1.0968415,3.591261619621477,-0.16988133333333333,-0.11941123999999999,-0.10873562068965519,-0.004273,0.007908,0.09000000000000001,4.0,158.0,-0.066217327187168,-0.11909614815880376,1.3019439985732184,9,5,999.0,4.979e-05,тейк,0,0.5930000000000005,1.2333333333333334,0,2.8118096003213466,1.4154830835910819
OGN,1783183892,2,9800.0,1100.0,8.7,0.0,9,6,4.581388888888889,56,1.0,0,,-1.036525172754199,-2.1951219512195252,0.9566968781470342,1.3650151668351818,0.9058882737795759,-4.021062709430357,2.8205128205128105,19.487485101311087,27.0595690747782,28.36107554417413,31.217277486910987,33.04578633045785,32.78145695364236,24.839948783610755,0.7001152028623492,0.008677091634584954,5.93771025165637,9.94647636039251,6.548096937258463,0.5333333333333333,51,4.047742605085625,19.356512714063314,-12.826086956521742,28.443305573350397,0.6008119079837616,-2.0758448849149014,2.195487192699182,54.37524636842495,71.99507963223292,0.3232371534023559,0.5185185185185209,0.370370370370373,0.3030303030302939,49.225905978609994,3.148994142402925,0.5370255663768501,2.0741683418297368,0.5141431898905668,3.7696557485571307,0.4968991962166902,0.49706622085639723,40.647744050828464,1.1342533455792938,0.5036721758921575,2.73797227578,0.055620556317840526,2.738623849239641,0.04765372909256027,-0.03026272408999009,5.249957851269449,0.025533553918761775,0.05886358463306918,37.72180312244839,-0.0657814248780505,0.0627582627347485,216.22532620723064,-0.3927450666071227,0.09526746072635683,1.87123421,1.85284553,1.111829,0.5941688079762073,1.0404015454545454,1.0318825,13.37409383432266,-0.8018368181818182,-1.4210001063829787,-0.7753704726027398,-0.161876,-1.0371829999999997,0.083314,4.0,188.0,-0.03449898569802823,0.44889828220526784,1.3814475209563026,16,5,999.0,0.02005,тейк,0,0.5397180000000016,4.2,0,5.484488778054875,1.2379108581047364
RPL,1783236119,2,182600.0,28900.0,6.3,0.0,12,1,4.840833333333333,59,1.129950495049505,28,7.333333333333333,-0.7854688267059373,-2.083333333333337,-7.037718491260348,-7.165824529168585,-9.736489504242963,-6.043700604370061,-10.772626931567341,-13.963388676032363,-2.3671497584541012,24.676125848241814,17.227378190255216,37.57658270932607,42.12376933895921,39.72856261566935,0.31332119810372094,0.10597144563851647,5.387458943726974,9.968847352024913,0.9153581293276316,0.7333333333333333,2,0.0990589400693409,15.403665180782555,-24.221972253468316,26.708463949843253,0.39738805970149255,-9.02561107924138,2.4110951252810464,34.71007585714726,49.383311883650144,-0.2175444330905124,0.12213740458015299,0.1450381679389325,-4.430087678818628,106.0582283433,2.9351434085695383,0.40928177537607424,1.5921163343878086,0.43725109189340206,1.3243661384154475,0.4684812012981503,0.489677104089405,15.873757385191865,1.277181562649589,0.5357159873709116,3.6474711441000003,0.03439121321443817,-6.736647748934921,0.05030750295972575,-0.00014387213296318535,-6.719334745313077,0.13418398936651244,0.015842707371873876,-6.29034955330916,0.08447335440252157,0.006355127589796394,169.71115168735813,0.18276822171171814,-0.12589803993538706,1.24365629,1.35216285,1.104989,0.8885003106445108,0.8438877272727271,0.6569685,0.5839197433707062,-0.7478454545454544,-0.5669023404255318,-0.43028094267515926,-0.06314325,-0.34933,-1.541059,4.0,38.0,0.04800745152204744,-0.013389206705449741,0.33686244463602133,7,6,999.0,2.021,тейк,0,0.5470678000000005,8.35,0,5.946397328055419,0.9358425521523999
BEL,1783339272,1,32299.999999999996,8100.0,4.0,-0.0,12,6,4.751388888888889,58,1.0,0,,-0.47420606408966615,1.7033773861967916,2.7520213634003365,3.9783816243807335,5.683985656519419,4.213060487511289,8.396588152437602,24.568345323741013,32.40298222137259,30.261425615948845,33.141099577085754,41.08779792218373,23.579266660719078,20.171149144254265,0.618965433883185,0.051237217160543434,3.8484559105434357,6.582918671996074,0.9274887810849372,0.6,1,-1.0571428571428676,14.660114660114676,-3.80555555555554,35.20741825280624,0.8681107099879667,9.137246561641298,1.953955656272441,67.67237519449068,80.91923772120224,0.9413609023827768,0.1336302895322918,0.05790645879732975,2.71016873226817,103.52188336844999,3.0451820020121034,0.5121701514302918,1.6880231071265188,0.5095418219650429,2.528595620974543,0.49664723964233237,0.4956754616759471,10.233886181785742,0.9887484377971489,0.5098148573975131,5.77463576575545,0.05578178813848132,0.6954081316420835,-0.003028846579327338,0.013409029388524063,-0.3204554621206501,-0.027825724711144084,-0.014914438259941987,8.073683487958894,0.1232824568276707,0.02851897982426399,86.06278217202936,0.6427887701674202,-0.2694604951868812,0.86967345,0.92750475,1.388947,1.5970902641675446,1.0352487272727273,1.0024380000000002,0.9615433484867344,-0.6882148181818182,-1.0143702127659575,-0.4924827729257642,-0.086671,-0.919517,-1.288545,8.0,238.0,-0.5353707785010875,-0.9563224952231386,-0.2692000638671588,12,0,999.0,0.13852,тейк,0,0.5930000000000016,0.8333333333333334,0,1.4561868322263916,1.9675396255558766
HMSTR,1783368090,1,39100.0,4000.0,9.8,0.0,11,3,4.0808333333333335,50,1.6428571428571428,0,,-0.2535496957403627,0.0,-1.1806078874654458,1.1831275720164625,0.6653019447287578,8.97506925207756,12.43212346384681,24.572514249525025,48.73345935727791,25.04767959313414,12.981045376220557,62.69644334160465,112.53376553214478,11.22059758423395,0.7365259099419786,0.0703328900250601,6.0689762030769145,10.461450272284312,0.8918829638913571,0.6,95,-3.97852086892847,21.105527638190956,-3.97852086892847,53.79202501954654,0.8940870695256663,20.652547633237006,2.347744029081073,65.11804606420489,69.70927495865034,0.7824570795724856,0.19827586206896547,0.43103448275862144,-1.084215834594049,95.56130633589828,1.2366001434333613,0.5175360106835264,1.4897284379861073,0.5132772031680428,2.0091502792689635,0.5203340831676768,0.5092226174749475,1.138267649152574,0.9804481082160389,0.5351085142645878,9.5777401506906,0.10022613249995574,-0.430900821822755,-0.010215917474983072,-0.004206640312447996,2.549640285525756,-0.01539573033845798,-0.023174523488868948,5.120775590975302,0.06538247337105618,-0.14839099570055947,5.955404808417875,0.23347496524992106,-0.08542366221982922,0.97211805,0.92637076,1.25698,1.293032260845275,1.1199043636363635,1.2134205,0.41189870788097893,-0.033957,-0.07074085294117648,-0.04398563815789473,0.00125,0.028211000000000003,-0.017193,4.0,238.0,0.05355261112167664,0.2939088300161652,1.5392706872370265,20,0,999.0,0.0003934,тейк,0,0.5935000000000005,4.666666666666667,0,2.1936959837315584,4.7748510421962385
BLUR,1783379732,1,94600.0,23000.0,4.1,-0.0,9,2,5.9825,73,1.0,0,,-1.5916325602546633,1.5962441314554043,3.09671272034302,3.2935560859188584,3.1950405340963384,4.2389210019267765,7.288051561725339,3.8387715930902067,45.4301075268817,42.27481919789613,40.15544041450776,38.451695457453596,47.11080897348741,32.61012491781723,0.686870752588019,0.07157630216529429,5.803004511077736,8.680381334671349,1.14900837140518,0.3333333333333333,106,-2.4346257889990897,14.388860237235669,-2.4346257889990897,49.34437543133197,0.9297789336801042,8.27163784734588,2.0387829659328225,67.22045151063477,87.15262214781714,0.9335301562952827,0.05691056910569163,0.20325203252032564,4.316888045540779,96.69529998857999,3.178945490870224,0.5143138767987004,1.601827689157724,0.5089914691751145,2.0286223098320897,0.5051862467266347,0.5041648022366916,50.67353671057986,1.0874521946677087,0.48479166410356805,5.695774859012801,0.05890436101532845,7.914542581641815,0.007867085947939723,-0.011578426374436623,7.28539494192848,-0.007241817523395033,-0.05374953310922581,19.10986503560237,-0.036352573354558215,-0.10040318735123976,295.72231894272903,-0.43384990243902444,-0.26305285192971106,1.1606077,1.09387395,1.330026,1.145973785974365,1.0406499999999999,1.148331,2.622081481415643,-1.8554896363636362,-1.970435195652174,-1.1942120674846628,-0.231358,-0.931883,0.09000000000000001,4.0,44.0,-0.14064566461681194,0.8353302481195923,0.47268866501024576,23,0,999.0,0.02164,тейк,0,0.48645830000000057,1.8333333333333333,0,18.114602587800377,0.7490656683918656
OPG,1783415159,2,291900.0,41700.0,7.0,0.0,9,1,4.078333333333333,50,0.9851501856226798,344,7.804812834224599,0.2106741573033588,0.5637773079633535,-0.9027777777777746,-0.13995801259621965,-0.4881450488145145,-2.126200274348433,-13.67211131276468,14.342948717948723,13.614649681528658,11.833855799373039,9.26493108728943,11.921568627450974,15.640194489465141,29.545454545454565,0.8536252026818475,0.11843129786442858,3.8926047931020724,11.070336391437309,0.8629590796563267,0.6,55,0.9193776520509234,20.22630834512025,-21.6794731064764,17.448559670781894,0.34925864909390436,-10.033175349215838,4.053635661127902,48.33201638890185,57.9220972131927,0.3351918221603437,0.07407407407406646,0.11111111111110997,-1.524601524601532,78.01262434840002,0.6138106499346612,0.4608620147209817,0.8811165700594684,0.49788943256794715,3.357162737896939,0.4787236325328541,0.47708508452918524,9.4678926316583,0.8714174498450156,0.5227435462414064,7.233837576,0.09272649954312633,-1.425011982704938,-0.009702221066741346,0.007068376131911913,-0.8942459324143615,0.0029363248256213392,0.03725267471437177,-25.04377293988632,0.06172189132737316,0.0947232932375961,37.28934896879594,0.2882497047416359,-0.23055171725515045,0.70109995,0.99063912,1.89663,2.705220560920023,1.044453181818182,1.019468,1.8317414455589407,-1.6420341818181818,-1.388862659574468,-0.9738716249999999,-0.14439025,-0.552561,0.09000000000000001,4.0,174.0,0.0180772755959957,0.007927825080478179,0.3147459845632916,9,1,75.73333333333333,0.1427,тейк,0,0.5495166000000006,4.3,0,1.415725297827608,1.713624563980378
SPELL,1783454545,2,21400.0,69.1,310.4,0.0,6,4,4.028333333333333,49,1.0,0,,0.5819592628516057,0.9737098344693162,0.5819592628516057,-3.445065176908746,-0.8604206500955947,6.797116374871259,0.4844961240310086,17.840909090909097,17.974971558589314,15.99552572706935,14.207048458149774,12.108108108108118,16.25560538116593,15.436241610738243,0.18048623491743218,0.0,7.359867751577198,12.997347480106091,134.6525198939071,0.4666666666666667,120,7.908428720083238,22.78876170655566,-12.118644067796602,19.05855338691158,0.5372168284789645,-1.541561296220051,1.9117724027890681,57.68069982837671,68.89567542377205,0.5465855280167183,0.0952380952380977,0.3809523809523779,-1.057692307692304,43.3145307240119,1.6958756194436064,0.515917783498489,2.83481297138975,0.49522157895658797,5.145483451402726,0.4905488594353154,0.48959130810509227,19.537550000152205,0.933014783406575,0.4973970211771187,2.22308888341717,0.05132432110559091,1.7166242221381411,0.015818713246441574,-0.015373003486895742,2.9031236073846056,-0.03538118250284261,-0.0132325201355874,17.83740196467736,-0.00015962214115883278,0.028122578187597558,112.81544151448615,-0.1966510917300246,-0.05400119802906855,1.75430108,1.73753528,1.252352,0.7138751804222796,1.0199067272727271,1.112043,36.816397655094,-2.7138876363636366,-4.3193839361702135,-1.0010245198412695,-0.0519205,-0.521455,-0.130631,8.0,237.0,0.22166783444192983,-0.18009701142230883,0.13357442654033935,20,1,999.0,0.0001037,тейк,0,0.41568430000000056,9.45,0,11.8032786885246,0.5582321820636449
MMT,1783512988,1,120900.0,10400.0,11.6,0.02,10,3,17.488333333333333,211,1.040447504302926,0,,0.5031446540880502,0.8201892744479578,0.8201892744479578,2.9639175257731853,2.7652733118971096,6.5333333333333465,8.486082824168362,6.391478029294273,7.104557640750664,13.413768630234202,13.253012048192758,7.9000675219446315,0.0,4.54222853087296,0.8634211693709144,0.17036416123414405,2.2358005731339725,4.373368146214096,0.489750463396647,0.6666666666666666,1,-0.12500000000000844,9.364319890635663,-0.12500000000000844,15.545914678235718,0.9907834101382486,6.738225669664266,0.7778764328614131,74.84682457147329,70.86814381650339,1.1470964805915607,0.19230769230768247,0.4230769230769313,0.633312222925908,9.3938864225,3.040498174428509,0.4858049806907958,3.9809135901866397,0.5059234236070594,2.2444591631744313,0.5256075008156005,0.5071808946495703,2.7141638888675055,1.1473324429513125,0.5596014557850707,5.2775021163355404,0.5618017803254466,0.0495739939851525,0.026467375593694387,0.00720261737305572,5.844773311083706,0.029507005542332765,0.04048349875508861,15.642365035695915,0.10035696527284754,-0.016454402630086018,21.141493853063054,0.17787288785740807,-0.028898714163116845,0.7826087,1.0540013,1.622685,2.073430821814273,1.1430233636363634,0.856692,1.8432962958064072,-0.10325844444444446,-0.07517321739130435,-0.07656200970873787,0.00125,0.030000000000000002,0.09000000000000001,4.0,223.0,0.3208401114564996,-0.8271542232631712,-2.365075632886593,12,2,999.0,0.1598,время,0,0.17617784605757109,48.0,0,5.444305381727177,0.17617784605757109
SKL,1783642280,1,108800.0,24.5,4446.4,0.0,9,0,4.079166666666667,50,1.0,0,,2.3837620958224948,3.5075161059412885,5.367986397862512,4.605739088497707,7.589285714285721,6.689621249385147,12.035123966942152,13.619696176008379,24.44061962134252,24.47632711621235,22.99404593138643,20.266149154421953,21.64890633763319,11.104734576757537,0.676907978930668,0.13909667176548837,3.4586307330273236,7.883611042029326,0.6411450411654591,0.6,1,-0.4132231404958664,13.260530421216842,-0.4132231404958664,25.520833333333325,0.9800000000000002,8.816555275046966,1.4431348862623805,74.20911510123446,85.3373670689119,1.5044220355380955,0.2291666666666669,0.5347222222222269,-0.8159347252219673,15.858360502645997,6.1057965042863085,0.4972158355656155,3.5153442610188117,0.5155020153520448,2.062228603416182,0.5106840029397529,0.5104019546702496,12.564354971374,1.0278718956222812,0.5872989826569922,2.12904129356424,0.1342535562367248,6.0230538814592505,-0.01480610044072972,0.03910727381113932,13.322083395830099,-0.07494657708965757,-0.014696751202622482,22.381411011452347,-0.08008650109513649,0.06773034756970642,87.56218527717112,-0.24599406108840194,-0.22921206884657452,1.83911883,1.84713376,1.363103,0.7411717925806892,1.1865136363636364,0.9732689999999999,1.8596743226683148,-1.5037738181818183,-0.8770536136363636,-0.6777816300000001,-0.09954775,-0.679985,0.06063,4.0,228.0,0.017250629489717895,-0.04096616890398863,1.5126422971216913,0,4,999.0,0.004338,тейк,0,0.5929999999999994,0.9666666666666667,1,20.285846011987108,-2.5708566999999993
T,1783783899,1,118300.0,1300.0,88.2,0.0,10,4,4.3438888888888885,53,1.0,0,,-0.43196544276455917,0.043402777777790114,0.7209962857767094,4.204339963833648,0.6330495524994539,5.831037649219484,17.39241151005857,33.77829367382474,34.95316159250586,34.913666959321056,36.229314420803796,37.28409767718881,25.442176870748323,14.925373134328357,0.7997961474397626,0.11581268014076786,7.671107238092123,13.772298006295912,0.8098933454448641,0.6,74,-1.6638225255972694,23.141581297609683,-1.6638225255972694,35.70797762731823,0.9395817195972115,5.208283956163884,1.4348019489902677,75.40100079340124,96.90365341009175,0.7841289104586578,0.5821917808219167,0.1506849315068512,0.856954515491104,119.76238000101702,7.137196035924914,0.5187878098046792,8.147513254753239,0.506127884644535,5.736046544462729,0.5045669063099587,0.505248287668867,153.19433145463793,1.302958943374553,0.5180168034884031,7.9886704247599996,0.06670433924820265,1.2808645592109702,-0.0049677429890734315,-0.029791664722176314,13.592536963286793,-0.09082781276625451,-0.01091702595093147,320.8364040070472,-0.40386762808401355,0.0006770755896601255,856.6868595857557,-0.5801737893934142,0.13270341868337843,0.94624892,0.87187812,0.935536,0.9886785392579365,1.0211511818181818,1.0699995,18.446918865822465,-4.091551545454545,-4.88880625531915,-3.541762243243243,-0.24577125,-0.958085,-0.009315999999999993,4.0,28.0,0.06758971952596227,0.38703683786383003,0.4429305784299009,15,5,999.0,0.00461,тейк,0,0.3930000000000005,1.25,1,20.607375271149664,-3.5885952999999975
SXT,1783838783,2,149400.0,757.9,197.1,-0.0,13,4,5.586111111111111,68,0.9291044776119403,149,1.537037037037037,0.023070711731465465,-0.573328746703361,-0.6075194864741063,-1.1062956204379581,-2.3095989184317323,-6.2087614926987555,-4.9649276633055734,-4.954510577660853,-12.210185278930851,19.765193370165758,24.404591104734585,25.922160906186463,18.27854317282771,26.022099447513813,0.7702470987052221,0.05051951033497107,4.809886248518858,6.722418784174988,1.4387557943730749,0.6,1,0.7669959325973252,16.211504938988973,-17.245657568238215,21.255768423996635,0.45686804929365793,-6.14750410159175,1.903353156209286,38.77990115790921,52.29620518939242,0.08022817100467057,0.1366906474820136,0.8489208633093515,0.0228859137201054,212.13346022689697,0.6636220535178285,0.48921319049926065,0.6728990386369091,0.4892825793421096,0.9437292749429095,0.49620347658478153,0.5017847564231194,73.27381829248779,0.9563033469567401,0.5740506982075784,4.568338911328819,0.021535211401551388,0.7780738245102503,0.00580516325195557,-0.008165612890900786,-2.158688687214738,-0.018797889593262895,-0.02615007151899118,-5.429886618959379,-0.01602317779949891,-0.0034990049031230486,246.32918817331176,-0.5497995889246139,-0.21483651255906722,1.03653927,1.02965806,0.970868,0.9366437221428185,1.0292101818181818,1.065043,1.0936486867855477,-0.6706701818181818,-1.0252147234042552,-1.406672440909091,-0.16520325,-2.69561,0.04244300000000001,4.0,73.0,-0.30230426854251924,-0.4825314558681182,-0.6774305625883104,6,6,999.0,0.008671,тейк,0,0.4149412999999994,15.533333333333333,0,18.257640410563948,-0.8942888509860463
ALPINE,1784117466,2,142400.0,21800.0,6.5,0.0,2,1,4.8197222222222225,59,1.1186174391201886,0,,0.06022282445046212,-0.12022843402464956,-1.1011904761904834,-2.0341981132075526,-2.408223201174753,-2.379553466509987,-7.7456968350916195,2.214703168255916,1.745254133496621,10.362005978080369,10.47207446808509,6.917631917631906,7.158980973879392,19.628030554633025,0.6898590415173171,0.09660012490423983,4.94470402780699,7.853122487268827,1.0595810754439023,0.6,2,0.27157513578757175,14.091732045866024,-15.53126588713778,10.398671096345513,0.33874458874458857,-4.099871113382814,1.7066532663939933,43.24424045566727,54.944140968501046,0.11573028456968103,0.0,0.348484848484844,-1.2658227848101333,14.42353921297,0.6134956103563654,0.40660615123834126,0.9322690154597059,0.4364559552191798,1.7264482444231142,0.47968739073234645,0.49727707015628436,30.129029431718696,1.0261849484740226,0.5027870594323419,1.43525995476,0.09950816741770142,-1.3006425918024256,0.005933919666678333,0.002592388131173795,-5.260401971002859,0.019281156363032848,-0.00926514005791601,-14.311819436874485,-0.04637009854372154,-0.06125590810980697,36.28045620600564,-0.18752139406601198,-0.6949169239885296,2.71835708,2.73803191,1.260401,0.46366277972576,0.9473525454545455,0.6378265000000001,1.8477123158287407,-0.17481839999999998,-0.1358447857142857,-0.1360833,-0.0041477499999999995,-0.082931,0.07249900000000001,4.0,228.0,0.11526619528723359,0.27817381601784597,3.0205237039147903,12,2,999.0,0.3323,время,0,0.39624074631357153,48.0,0,5.181161600963002,0.39624074631357153
SKL,1784456186,1,5400.0,1600.0,3.3,0.0,13,10,4.414722222222222,54,1.0,0,,1.9551049963794531,4.193389245189927,7.045108971109992,8.55821125674634,8.809891808346215,9.742790335151996,10.691823899371089,8.950219241681733,9.571984435797676,9.316770186335411,2.898903775883066,-3.0525591002983576,-9.317303563761259,-1.2422360248447117,0.57640214165737,0.34821930907012727,1.4004048084016674,8.980645161290335,0.8445345622119822,0.8,1,-0.2597402597402487,11.125688795591703,-0.2597402597402487,11.333684765419093,0.9750566893424043,7.695598304745754,0.35893787422698953,90.29615949258995,77.65326122921803,1.8882243557809275,0.05208333333333112,0.015625000000002047,4.550076258261315,7.6218230809589995,28.991293114147357,0.5709961788899067,8.378113424730582,0.5701000071176964,2.530249316451136,0.562074720308818,0.5208530134294985,0.2129886162157564,1.3371464941361018,0.7401057752945541,3.44718211872375,0.45227789757224535,5.1300995186562615,0.0062745524461516045,-0.03594156693276218,9.988680875636003,-0.00421992917099423,-0.046414639821519055,10.35681806411366,-0.016239635472660496,-0.01716542031156776,6.245619828018478,-0.07990987048025322,-0.05964900441022147,0.70553618,0.86583333,1.393398,1.9749490380493315,1.778392272727273,1.1931505,0.9686671012906288,-0.4746228,-0.225798945945946,-0.17078765094339626,-0.01013075,-0.139536,-2.074106,4.0,103.0,-0.11327762302691946,-0.23693935558058987,0.9049851566176104,10,6,999.0,0.004224,тейк,0,0.5391060000000016,2.95,0,4.734848484848486,0.5210043545454552
TLM,1784534497,2,14400.0,15.0,963.5,0.0,10,6,7.993611111111111,97,1.0,43,2.057142857142857,-0.2526528549772533,-1.2506253126563172,-2.758620689655178,-2.518518518518509,-8.526413345690464,-13.836752509821038,-10.10928961748634,-10.272727272727277,-23.01092043681746,-2.56663376110563,50.34272658035035,28.181818181818198,8.521165475536009,8.39091806515302,0.44282716734618904,0.07988960067842299,6.441530014055807,9.217002237136462,0.863117582375914,0.5333333333333333,1,0.3558718861210064,22.82663955261821,-28.165938864628814,4.610492845786962,0.10104529616724744,-14.324594111064892,3.100220943743042,34.79192094600491,43.60087394209537,0.08155571283461752,0.2307692307692282,0.15384615384614936,-1.5786877158362245,259.08906975693,0.42620634247154454,0.41965437029652536,0.6268227887135256,0.4505363029843317,0.7482904391734277,0.49298497149859927,0.49943227364407544,10.626948997943504,0.8888976839326617,0.49654099959077275,4.620347792742,0.01783304790540442,-0.4999496450029062,-0.004848120891263408,-0.0038797926990216114,-12.10597244002798,-0.044636048634020264,0.006150833116575161,-5.1347445211283755,0.14592487203032323,0.0010075303139136516,-12.710937741757522,0.36921680877350815,-0.04485308001801103,0.9471791,1.04923992,1.052144,1.110818429165086,0.9280666363636363,0.987642,0.5079233769548609,-0.3078715,-0.9239287954545453,-0.8520759127272727,-0.08155175,-1.970312,-2.6019200000000002,4.0,238.0,0.5634684614180596,-0.9090151975496452,-0.6835445385997008,8,0,999.0,0.001974,тейк,0,0.5494200000000006,13.016666666666667,0,4.305977710233022,1.7206687944275578
PIXEL,1784538704,1,251800.0,25500.0,9.9,0.09,16,2,6.923055555555556,81,19.51937984496124,273,69.94444444444444,0.14746155466609512,0.7843968624125619,0.33769523005489077,1.1704618003830713,1.624625908507915,1.8859837119588496,7.849364791288593,7.16862037871957,8.812085145342197,7.120324470482209,7.678369195923018,4.483516483516481,3.5955545870560046,-0.6759801712483249,0.9102263828284466,0.15730762024163675,2.402785227790183,4.953839225399692,0.5904222511576909,0.7333333333333333,48,-0.9583333333333166,9.965635738831601,-0.9583333333333166,10.19935095039408,0.9053497942386848,4.504318796200635,0.5052333846717948,74.07123852846256,79.31498664655152,0.9073641545481489,0.46511627906976794,0.02325581395349142,0.9397693293464293,3.420409412672,2.1565805492453065,0.49596708000132145,5.3000642234691515,0.47281669804882664,3.6364478201132675,0.48926242121371327,0.4962106972603975,2.387548410881228,1.024280634043039,0.4771367666905754,1.5252292642154501,0.4459200873920972,-1.0934706975025854,-0.003517826399674795,-0.005751009203939783,0.17971124892217638,0.0150771355826671,-0.06859505032328639,16.424193441116095,0.02365098094354212,-0.1934131494931277,13.066618478847492,0.009164613554426326,-0.24690525125157337,1.60460526,2.04826733,1.539346,0.9593300223881854,1.026364181818182,0.851179,2.092423256891315,-0.13371462499999998,-0.09976685714285716,-0.0806149256198347,0.00125,0.021254,-0.011565000000000002,4.0,168.0,-0.34023346303502233,-0.7439006809659698,-0.9998747644102024,9,0,999.0,0.004754,тейк,0,0.5983083999999994,44.15,0,0.49200673117375526,0.62895943071098
ALICE,1784550385,2,40000.0,77.9,513.7,-0.01,15,7,4.071111111111111,50,1.0,0,,0.30651340996168397,-0.22865853658537993,-0.9084027252081794,-1.4307228915662717,-6.633380884450791,-3.466076696165199,-7.946554149085793,9.174311926605494,9.265442404006663,8.18181818181818,13.235294117647056,13.92515230635334,11.026293469041537,17.520661157024797,0.37681884124270487,0.10113766194512866,3.2765945362119187,6.566738044254117,0.6885557934808479,0.7333333333333333,3,1.1591962905718622,14.296754250386412,-11.494252873563227,12.360515021459207,0.45859872611464914,-2.203792113746683,1.3782402423782165,46.80362174304875,59.4584911451415,0.13459325862434,0.3333333333333295,0.08333333333333526,-1.0550113036925435,28.72258776096,1.9259045745226102,0.4142246531973637,2.019372922545521,0.4416070193101412,2.7643423665112765,0.48045545067995415,0.4943191581386067,16.01543937259475,1.0733529740126428,0.5154488191588779,2.8330052084257797,0.0986333554623663,-2.0298408268777046,0.004988177142205563,-0.011922734001925117,-9.908591974282777,-0.019597035039806476,-0.027276421120863037,-14.976454990288756,0.02687514716630668,-0.11304675429021993,57.59844193287087,-0.14567471069539772,-0.2617314626924041,1.77642276,1.84022709,1.419621,0.7991459195219949,0.8001195454545456,0.7611640000000001,1.8846476987779306,-0.42901036363636363,-0.6950992444444445,-0.5110110314465409,-0.07081175,-0.549866,0.079232,4.0,213.0,0.574269732753252,0.7124442017248711,0.6388499767563838,12,0,999.0,0.1309,тейк,0,0.5473024000000005,13.216666666666667,0,2.013842627960294,0.40712368067226823
ACE,1784553957,2,39500.0,751.1,52.6,0.94,13,6,5.659722222222222,69,1.0,0,,0.3272669220945046,-5.474919154696556,-5.969925937009057,-9.653536515238637,-7.061520260278032,-17.493763949061314,-10.547292007686282,-1.6048222952873004,30.68205448118111,93.66718027734977,86.81629013079663,85.65731166912852,76.75432428631694,116.50231124807395,0.26458511680222424,0.07537482090098584,3.880340893245271,10.542748953696934,0.9193821062385458,0.4666666666666667,3,2.6208360548660936,24.89386022207707,-17.83356213636661,94.41608662026294,0.6911231884057971,4.169573097370782,3.410147758125591,44.75337224098845,65.96354103619518,-0.278173221066149,0.056451612903224216,0.5112903225806475,-1.9266714593817347,346.9599803762501,2.879634164047171,0.46888926230055256,1.824570127805967,0.48449792282131,2.1653170355250277,0.49571814830510985,0.4967954075903229,80.61203955248936,1.0611532503435002,0.5205216500905158,8.3093841288888,0.023949114015622042,-12.69701326715319,-0.05107917759714409,0.005843905693868168,-11.76692691872142,-0.05920127843356515,0.020615172842022744,-7.826338449439197,-0.06789496172897658,0.024788662567147624,325.4090620080752,-0.19505327617909995,-0.16490898114431796,1.02685661,1.09708315,1.091403,1.0628582310046188,0.9557695454545455,0.849544,0.7420234922609324,-1.158965,-0.8220941063829788,-0.7700691625615762,-0.07458025,-1.472825,-0.343835,4.0,154.0,-0.10412546964603253,0.9123312983008169,0.5078067318976309,13,0,999.0,0.12569,тейк,0,0.5930000000000005,0.08333333333333333,0,11.062701885591553,2.479647272257141
ERA,1784619364,2,21200.0,105.3,201.5,0.0,10,9,4.005,49,1.0,0,,-0.4025677293004071,0.615519894482297,-0.41340295909486624,-3.10151370805547,-10.500586624951113,-10.579271270880142,-14.39259328532685,7.441314553990619,49.37989556135769,49.4530612244898,37.42681279087223,35.977421271538915,16.374269005847953,74.57959183673468,0.5435701485636325,0.10543694142704813,6.7143408745414135,11.782625786163525,0.8302315184068193,0.6666666666666666,9,2.359387230235943,23.716873532371686,-17.457168620378727,51.63160510187179,0.616861270532357,-5.464802166677673,2.5277379985668893,46.79109026878606,68.60476359896121,-0.019683044251708838,0.1285403050108945,0.1002178649237475,-3.7889328909343933,200.97643046257,3.185112744954334,0.5048437294682139,3.6110092398535265,0.47720031990784967,3.5470912554612606,0.4834263597675475,0.490718792513571,105.22020636891422,1.1439845112853375,0.5211829270899471,6.27900832095314,0.031242510907877566,-1.6542226738261334,-0.012769902196297256,0.0263713804174579,-19.793158909336217,-0.07289337508196958,0.02562832451875452,-16.195230340289633,-0.17306637664150937,0.03203222201134537,280.8102630359326,-0.5328380847948995,-0.5865574731115286,1.1730262,1.18455207,1.07668,0.9178652616625272,0.9566894545454546,1.109309,1.1252475505439703,-0.9588225454545454,-1.4853636808510642,-0.8984276428571426,-0.153998,-0.595448,-0.49709200000000003,4.0,23.0,0.20395570726428058,0.7156572360813351,2.85671496499309,7,1,999.0,0.09154,тейк,0,0.12294590000000055,17.133333333333333,1,22.05736290146385,-3.0232773999999996
DEXE,1784667678,2,705000.0,122500.0,5.8,0.0,21,0,4.085555555555556,50,0.8761028954890021,0,,-0.25542784163474774,-0.8883248730964466,-0.3826530612244916,-0.7623888182973326,0.0,0.6443298969072142,-17.44186046511629,-7.792207792207806,-67.47188671386922,-78.4966960352423,-77.52517985611512,-78.11711964135613,-81.36038186157518,-73.95374449339207,0.6190535244631165,0.09316977893611583,8.18213180183811,16.902944383860408,1.0732211947834658,0.7333333333333333,112,5.256064690026951,27.897574123989234,-81.61487758945385,5.256064690026951,0.011123787792355953,-43.216510001168906,7.704541402567107,32.16514956227245,22.780130507672567,0.29010671916727593,0.44444444444444337,0.333333333333335,0.5108556832694733,554.71987253986,0.3224180716696217,0.501697448235123,0.44947886031857237,0.4943373872872236,0.8524195916352042,0.4891484002219335,0.48662738233682623,7.767163828415047,1.360059784294246,0.5316460199077506,13.3146987946,0.024002563192187167,0.24943896227764828,-0.0023710444385712792,-0.005004083020025418,1.0027676537676777,0.011894234318232888,-0.023723240787965616,3.6064999252485297,0.137140068484084,-0.0026508909569714634,-75.20821648494791,1.4321543166308497,0.17291574639089013,0.94794433,1.10990314,1.200179,1.2660859525368964,1.0122646363636363,1.0351845,-0.2067726623809156,-2.9300690000000005,-5.994739829787234,-4.501608044117647,-0.381449,-12.636311,-0.11602000000000001,1.0,58.0,-0.053757369051110615,-0.20042972855530694,1.574879064407675,21,1,999.0,7.81,тейк,0,0.5473375000000005,0.9833333333333333,0,5.121638924455851,3.3036430160051227
DEXE,1784776019,2,74900.0,4200.0,18.0,0.06,6,2,7.748055555555555,94,4.161111111111111,185,0.12067021105203803,2.0132377275234425,-3.1675392670157065,-7.824570147022181,-7.824570147022181,-8.030830432620595,-8.981299212598426,-11.08173076923078,-15.2577319587629,-15.509365006852448,-27.499019992159944,-89.19053185271771,-89.26892950391645,-89.65025181869053,-18.46334770678165,0.4674616859222644,0.1431576765222922,2.0471796452427027,8.213399503722096,0.7633305144154287,0.4666666666666667,2,9.92570579494798,24.635958395245172,-30.11524655204988,9.92570579494798,0.17323651452282138,-14.897140115123097,2.5564615624074203,26.868974942689917,21.13697777027282,-0.8819032186173995,0.18064516129032532,0.13548387096774397,-2.631578947368407,324.09642767236005,3.251720605415724,0.3889051206025242,1.2035793669134196,0.42661610012210965,0.7796598748427667,0.47515480219383815,0.49801177967159993,2.0627492548365653,1.0276211480104935,0.6147671899255058,15.3007757476,0.047210565872290534,-2.0198531782481877,-0.01634071870189313,-0.005865491431589431,-1.0846024479054361,0.007510605559937655,0.049298595653561206,3.958935624710125,0.06913418651319803,0.033139078903938524,22.816690309620725,0.4985281449918224,0.15766922791117466,1.50022331,1.82535837,1.364723,0.909679906253423,1.009750090909091,0.7166875,-0.3572488546376161,-4.734770090909091,-5.88327029787234,-5.946922024390243,-0.609188,-17.7551,-17.878048,1.0,53.0,-0.02492636084252542,-0.35810694127592635,-0.7630892895937436,3,3,999.0,3.699,тейк,0,0.5930000000000005,0.16666666666666666,1,20.37578183292783,-4.5113298526628824
RIF,1784785254,1,10900.0,104.0,104.8,0.0,9,5,4.140555555555555,51,0.6770186335403726,1,0.3011049723756906,-1.0775328214020385,-0.38663008231479834,2.991618310767241,2.5815566401232948,8.933442444080741,2.1878198567041984,16.259097525473077,19.94293437453072,33.83042895442359,49.737532808398946,-28.890669515669522,-38.974633251833744,-43.342555153578786,28.79640044994376,0.03851189950820072,0.08028420331651864,9.711017109328424,14.824561403508763,0.9400243485552111,0.5333333333333333,202,-5.813679245283021,24.63256907701352,-5.813679245283021,82.30997489157726,0.8797267626250304,34.22023295226746,3.497622894416507,61.83488635989767,64.22697743392725,0.7518773074186896,0.18947368421052646,0.5894736842105284,-0.794151014748512,175.9305496788,2.055403953575293,0.5003857374352573,1.6373964094423155,0.5058747466386252,1.3675194930122556,0.4961633551805652,0.49766185442652794,9.261798750955485,1.1545483203265423,0.5437990626820732,7.1554004777052995,0.04067173376522191,4.572423892469657,0.04591328934816663,0.018335990670067526,17.089551866853615,0.14039353470840799,-0.0304030879283399,14.335384638493199,0.16798720846880166,0.020406571313350108,59.27031951319606,0.5391068955242688,0.03462849118450495,0.69501073,0.79240441,1.386606,1.9950857449351898,1.0515753636363636,0.993965,0.8816839074883459,-4.067029909090909,-3.055614319148936,-4.032335744755245,-0.43023100000000003,-10.693142,-0.128789,1.0,19.0,0.043705495014223494,-0.30320827130311256,-0.528280974617068,5,3,999.0,0.07987,тейк,0,0.48063520000000165,2.3,1,21.384750219106042,-2.9165072999999997
DEXE,1784862666,1,116600.0,2000.0,58.0,0.01,7,1,31.816666666666666,383,6.477777777777778,185,0.18785242468181085,0.46484601975596007,1.1111111111111294,1.6460905349794164,-7.242489270386265,-11.514841351074711,18.587105624142673,8.87909319899245,-19.916628068550246,-37.30964467005076,-53.21969696969697,-65.73523583036068,-94.94739918176505,-94.99565846599131,-57.03463203463204,0.5098084151643241,0.03387359093983686,15.074119817463782,48.901098901098905,4.056687935720191,0.6,46,-21.941309255079,72.10567210567211,-53.39622641509434,34.34343434343437,0.18241848947585645,-22.528975502865613,5.068412868295251,45.84712093785741,26.769916388405633,0.5465524682441009,0.21804511278195424,0.10526315789473693,-9.771986970684043,551.20543327496,1.3775813200827074,0.5103254612433967,1.691230460622871,0.4877749890226433,1.4852210088115796,0.49948007891067103,0.488681321789207,3.0323135090332505,0.8309222590294767,0.519816047176458,13.78033056471073,0.025000353285408623,5.490736051294376,0.03204276284454943,0.003874985759313443,-15.743839444098384,-0.029154712176441833,-0.04129653793790755,8.817379083358269,0.04281843954703124,0.012877917647230008,-4.578359870595694,0.07984381349548197,-0.024852483108780965,1.52958643,1.75205404,1.321752,0.8641237749474543,0.966784090909091,1.121655,0.9930495024377958,-2.2799795454545455,-9.118447127659575,-7.626695923344948,-0.251834,-22.80663,-35.647622000000005,1.0,48.0,0.05933605110894913,-0.10190582305833473,-1.042303283498569,3,4,999.0,1.729,стоп,1,-2.1019458,3.15,1,23.770965876229045,-2.626143299999997
HOME,1784865998,1,63400.0,2600.0,24.9,0.0,7,4,7.909166666666667,96,12.68,44,12.68,0.16142050040355294,0.6978253813696877,1.687971156997703,1.0586319218240936,0.6325008108984731,2.224052718286651,5.4375531011044975,1.671309192200554,0.9435496990401804,0.33958602846053676,-4.7436291065397596,-11.10315186246419,-32.33369683751363,-4.835058214747745,0.587212835013274,0.09708387632783112,3.265733739619403,4.9623545516769285,0.8403015987940786,0.4666666666666667,102,-0.3052699228791922,8.792169201188592,-2.406417112299475,8.460059430169542,0.7598116169544734,2.0432487207727723,0.9118543243811603,57.40117079157487,52.67922159532758,0.8522414571318985,0.0,0.19999999999999307,-0.3265306122449019,19.412317555348,0.7214161646292392,0.4807967176230792,0.8152473638915956,0.4756415802963064,1.8012339133060904,0.4728562300699426,0.46902409231610054,0.31096806320575754,0.8682581769213167,0.49863268767678576,7.6032765126016,0.3916727866687372,1.1730872863063846,-0.01680067807711083,-0.001790462822162442,1.0641496151181373,-0.0204106394391802,0.005237222049890633,8.634789597062875,-0.08039831934061203,-0.01068721877265466,2.625818708198202,-0.0943530954595696,-0.008724406034135601,0.74632292,1.02863651,1.280054,1.715147646812187,0.9299143636363635,0.765184,1.587991774334846,-0.101052,-0.26285664285714283,-0.20383802272727272,-0.01116275,-0.34789899999999996,-3.074035,4.0,233.0,0.5125069517204928,0.5467991197118272,-0.30688682062816053,4,4,999.0,0.006205,время,0,0.10651214037066876,48.0,0,12.296535052377134,0.10651214037066876
BANK,1784878275,1,67900.0,14500.0,4.7,-0.1,13,3,5.346111111111111,65,1.2039007092198581,70,12.574074074074074,1.01751580783489,2.8907724765887988,4.957523126297914,2.1534617080699814,16.241532156895545,12.487860148915498,4.633567960251428,-7.256530877790013,11.89920296272442,12.19728769777204,103.5588752196837,-12.760482048707,339.21630589350616,7.228769777203747,0.2584018173606902,0.03300707222049091,10.572381264457785,16.104915841790923,3.19490624315708,0.4,4,-0.7178827815279121,21.576204950065137,-9.331680746273518,20.703430308293534,0.6249836151527071,7.3759107551684355,2.6048697039592312,58.981033507383394,59.41089427615948,1.0081755697317418,0.5031289111389233,0.2972465581977458,1.186932579252864,937.80667008898,1.2449766241584332,0.5239593435877486,1.3374223547505761,0.516445987633906,1.1135497322967176,0.49986370075219555,0.5063266743175511,0.9437691244354239,0.8836759394445578,0.5221823232465397,48.73854753017886,0.05197078362169732,1.9530980003927834,-0.003873547198289362,0.004093667654501587,15.47205597097403,-0.0631459790188269,-0.055709140943649205,3.133297546684366,-0.01101362879908585,-0.02502324886908669,4.314044229380198,-0.1429893825944959,0.027270380615332268,0.4946652,0.44418037,1.345114,2.719241216079077,1.0589130000000002,1.073963,0.6762170261800469,-0.05816966666666667,-0.01198908,-0.014796605128205128,0.00125,0.030000000000000002,0.05203600000000001,4.0,28.0,0.2881152827962419,0.48547629512669666,0.3135673290668217,7,4,999.0,0.27798,стоп,1,-2.018499999999998,25.483333333333334,1,20.22536873156342,-2.5184999999999973
DEXE,1784954183,1,322800.0,53800.0,6.0,-0.11,8,1,57.238055555555555,688,17.933333333333334,185,0.5200579990333495,-1.7585245550075013,-13.402646502835536,-14.068655036578503,-6.41470888661898,3.2919954904171655,14.040328603435404,10.49204052098409,30.661722760981203,34.18277680140598,140.59873949579833,26.407284768211923,-9.484291641967978,-87.275,117.75210084033615,0.686159596398509,0.05112127783781686,10.387242014512443,21.924648206990472,2.1384251948367443,0.6666666666666666,21,-18.400427502671878,52.761904761904766,-18.400427502671878,154.35868961687956,0.7290847102019409,36.389451952371466,4.036966554757393,59.36398014914958,68.48324095450812,0.7384334857424596,0.548051948051948,0.002597402597402313,7.139909203466788,922.47460803293,3.502509237235702,0.45762408609646943,2.6927955077687797,0.49785796660186227,1.4816970322734864,0.4960314931976618,0.49604595829831805,3.5678380724246286,1.1288589149392725,0.5404943742083271,22.52754254553,0.024420772506212794,-23.581351073288516,-0.029616087746443864,-0.006445189774571758,-15.273769966455141,-0.012134542001704718,-0.028802459452101137,-3.996894088657621,-0.10188244270068658,-0.01920027102799149,44.709766810310384,-0.1824786595177751,-0.08917013517097583,1.44015542,1.53096579,1.198551,0.8322372595035611,0.9865960909090906,0.8151155,-0.3809453538292984,-0.19976429999999998,-0.2049201363636364,-0.8748001886120996,-0.010505,-2.5463959999999997,-58.551522999999996,1.0,23.0,0.051525626973192296,-0.079214590454324,-1.9948579984736092,4,5,999.0,4.581,стоп,1,-2.029297999999998,2.6666666666666665,1,20.432246452739577,-2.5297979999999973
BOME,1785045681,1,210400.0,66900.0,3.1,-0.11,10,3,4.9975,61,3.044862518089725,123,3.0537010159651667,0.15509887553315505,0.44720979972778796,1.2742599490296103,4.216259834577363,7.917275955713388,7.334302929565761,8.780795957043575,14.953271028037385,14.723517654896723,20.983606557377033,17.515923566878968,21.810893657156317,27.618577075098827,11.217798594847771,0.6309743556773865,0.19498326628662077,2.995095673117998,7.580174927113692,0.8162069904434265,0.7333333333333333,1,-0.3279953694771298,10.417554324669776,-0.3279953694771298,22.562277580071168,0.9824380165289257,10.122008923313963,0.6737751857168499,87.99624162711027,88.90327826745755,1.1810476595880606,0.04081632653061315,0.27551020408163324,1.3168238993710668,11.4327824990034,8.729969885800477,0.5371103115488924,7.461236215415859,0.5388576544290085,2.863871949476598,0.5244669992991523,0.5124133673394095,3.991133194421338,1.1688647830435117,0.6239085775804051,4.76834904053408,0.41707686129336746,2.6325371523663543,-0.014887336137164864,-0.029617176549654567,18.114547894037656,0.028853376483887416,-0.08437039985222405,22.574207341832064,-0.01734179988641915,-0.11075550212687257,56.20727250962276,-0.031779189371407446,-0.19329979174574952,1.57174032,1.70214669,1.923258,1.2236487004418135,1.2149493636363635,1.045995,2.5708611670590082,-0.0264925,-0.05566492592592594,-0.052474704545454554,0.00125,0.030000000000000002,0.070678,4.0,118.0,-0.1660642766435405,-0.07496007561190732,0.6186894535248344,6,6,999.0,0.0005166,время,0,-0.44491653697251377,48.0,0,8.097173828881132,-0.44491653697251377
DIA,1785061282,1,82100.0,10800.0,7.6,0.0,10,6,5.332777777777777,65,1.0917553191489362,0,,0.0,1.6913319238900826,-1.8367346938775397,-5.314960629921261,2.851033499643618,1.5482054890922026,5.636896046852136,23.756432246998305,33.36414048059151,46.64634146341464,42.4481737413623,40.91796875,44.44444444444444,38.82113821138211,0.43344227327915763,0.050206352878452765,7.109592168373036,10.151187904967607,1.4243385529157615,0.7333333333333333,32,-8.030592734225618,20.13782542113325,-8.030592734225618,47.244897959183675,0.7860780984719864,5.412448813654436,2.3770543665801314,58.03725763488066,70.59631372498943,0.6949887880062888,0.043859649122807084,0.157894736842105,-5.998681608437706,71.3876464818,6.858971202599225,0.47812322709818045,6.57205261117568,0.49408725228854117,3.2176882186774702,0.48999957790066206,0.49154806041191135,157.65202023556515,1.2039349883084922,0.5403386659766453,3.7545162653925,0.05259336104251173,-3.795692059479727,0.07892354919595745,-0.008984876676223608,8.589808712946478,-0.04618966325423768,-0.06032431691738249,31.27839377959689,-0.0692582131515308,-0.10633135268473559,388.7836604305066,-0.5107875183102786,-0.5365898690174844,1.66547464,1.58540541,1.152064,0.691733138608463,1.0212084545454545,0.9048025000000001,5.548868299081722,-0.11488522222222224,-0.1021011379310345,-0.10218257017543861,-0.0020894999999999998,-0.007989999999999999,0.070644,4.0,98.0,0.024508245163112896,0.2490528374456069,0.7405104522894224,10,6,999.0,0.1443,тейк,0,0.5917274999999994,2.75,1,22.49767844767845,-2.527513899999997
EUL,1785065495,1,83900.0,10200.0,8.3,0.0,8,2,4.743888888888889,58,1.0,40,16.78,1.109794628751959,1.5630578807473983,6.087352892424991,7.952772506852179,7.680336487907469,2.7739863508631,8.97288554037372,3.9254688641714663,44.76928296765437,54.4648244237963,158.5698414301586,154.58432776451866,170.10972779067313,41.746108362495484,0.020734379697763206,0.06650535646688298,6.4616221111219225,8.185429344151451,0.8798491330826789,0.4666666666666667,1,-2.1854582967180014,16.81767462619952,-2.1854582967180014,84.3522719089796,0.9534429431873674,27.116128513414427,2.9666992061550785,63.74815742200587,75.64608920186014,1.1582529812736724,0.0910131654264467,0.2810532341156275,4.506243838317436,681.91317064973,2.0252141002592423,0.5468517250124716,1.0142880947473514,0.5247899477415076,1.1860968404985892,0.5081369391872561,0.5066709483191544,36.943138948771036,0.9438603661922743,0.5201700381029322,21.816158253479998,0.031992574997038795,6.924914834057239,-0.04270566586294888,-0.01319440046310949,11.261089179934892,-0.04506104860536586,-0.007031395870158996,18.006238193624966,-0.03480868246833957,0.017535055790234733,168.27065576672697,0.0024712004255706965,-0.11048346468837855,0.94668444,0.83539892,0.888128,0.9381457669252492,1.0550380909090908,1.2230284999999999,2.006738870411915,-1.970130090909091,-2.698817297872341,-1.6370076991869917,-0.40895275,-2.972444,0.023766,4.0,28.0,-0.02604905595429141,0.2119971091303352,0.6669820467543275,11,6,999.0,2.5601,тейк,0,0.4974273999999994,1.7333333333333334,0,3.4932760439045474,3.0810846352994026
LPT,1785074493,2,334000.0,15600.0,21.4,-0.0,7,1,5.9030555555555555,72,1.7578947368421052,0,,0.06653359946773296,-0.13280212483399723,0.4005340453938633,-0.3313452617627499,-2.4643320363164745,-3.0303030303030276,-8.958837772397088,2.8727770177838563,5.766526019690588,7.046263345195736,7.122507122507127,4.662491301322191,3.084304318026043,17.58007117437721,0.7962964053363261,0.10795774321831758,4.423325497682551,9.00639163277165,1.0053080390093767,0.6666666666666666,19,0.5347593582887722,17.37967914438503,-14.350797266514803,7.122507122507127,0.2840909090909093,-5.549091321290001,1.2317769499126787,45.600191331602055,58.07695132856131,0.2777990436994694,0.3333333333333395,0.49999999999999073,0.13306719893546592,34.6729736636,1.1367310521444258,0.5655216259916072,1.6787691747450897,0.46316686805646584,4.629197225916125,0.4965873150411035,0.5040109735423703,24.687241119506226,0.9539882253448654,0.5300813645503056,4.325087208599999,0.12473943684675985,0.7830762204586783,-0.019904930000000043,0.012038219146565332,-0.9286035289709837,-0.012526916232592722,-0.02249668301376251,18.30118352415284,0.11367839962665838,-0.1104854372781624,99.25114386504276,-0.03708451224388676,-0.1937261559122555,1.96019014,2.25968992,1.346025,0.6866808339317532,1.1111508181818182,1.2597114999999999,-2.0428077825608457,-0.5048244545454547,-1.1901687234042553,-0.35444873239436614,-0.13561675,-0.5753520000000001,0.029325999999999998,4.0,118.0,0.08939352083210395,-0.03177688595817907,0.5533476048889208,14,6,999.0,1.504,тейк,0,0.5231710000000005,24.483333333333334,0,4.316519281914899,0.9130700702127659
DEXE,1785079884,1,19000.0,884.2,21.5,0.0,10,8,6.319166666666667,77,1.0,966,0.08979206049149338,-0.4685777287761872,0.5289532293986765,-3.4233752340197876,-1.4733969986357343,-0.3312172232956101,-0.6875687568756894,15.588988476312426,0.0,3.289473684210531,-19.05402376148846,24.64618570935453,43.46444179578866,-88.84805435453984,-29.970858551894196,0.2890675325525248,0.08701445950999714,10.432717514099155,17.158843643145794,1.266012129587091,0.6,161,-8.117048346055977,26.2853470437018,-29.084838963079328,27.95889440113395,0.3475770925110133,-4.3756418222580145,3.5080669032257066,51.22486423168934,47.39938061581708,0.5680674281011397,0.18894009216589858,0.22119815668202822,-3.434397638851616,793.97808925073,0.7832789579482822,0.45036692450801036,0.5642760885452582,0.4871307327841695,0.9576618259851316,0.5058027977641792,0.4898159096541372,1.550134932353124,1.0167086143087254,0.5042396163599177,24.49984955248611,0.030857085206981463,-1.7993517042151463,-0.07990411373675543,-0.0075656417244608365,0.3844923128026201,-0.07837814208004279,0.0009889860129119743,1.3162669921614745,-0.09297775292699473,0.07383992138327211,-7.018278072954887,0.12947406428188835,0.11250384024577564,1.54787097,1.67866473,1.303632,0.8422097353502275,0.9657341818181817,0.8294874999999999,0.08443568959984486,-2.4869458181818183,-3.9076437446808514,-4.06059243554007,-0.30868100000000004,-12.167864999999999,-35.642899,1.0,28.0,0.18992308656746726,0.38913161147635655,0.8643808698660438,15,6,999.0,3.611,тейк,0,0.5607101000000005,1.1833333333333333,0,1.7446690667405118,0.46221918692882924
BANK,1785332524,1,41300.0,5700.0,7.2,0.0,9,1,4.001388888888889,49,1.7574468085106383,116,0.6300533943554538,0.7027561216646605,-0.4288583681667735,0.15835745099110898,1.7135252037930426,1.9226494776616976,7.6661188072317366,13.558692421991081,-1.1585924448995089,-6.831919540813736,-47.19143177957562,-45.413963454556274,-51.921363040629096,7.02532384175516,-53.496674632194164,0.7935092915998592,0.10019222633547716,3.66759666786578,9.295984134853729,0.7339409394540192,0.5333333333333333,11,-3.2441842063617554,19.859635811836117,-47.603268011198075,37.847587554486694,0.23207373271889398,-8.003214971889982,3.6779085209522604,58.53198123123615,40.20681359478832,0.9756012188707435,0.5621761658031098,0.3523316062176164,0.1819585355094855,1040.82092817555,1.0456589952384534,0.5284089227465938,0.6962599827288749,0.5127565003578392,0.7010188776030225,0.5110013968270231,0.49985690701813995,1.03222261882385,1.125183853729162,0.5079387464533327,22.73536316589616,0.02184368372160701,-0.3175542956536548,0.013380465152279974,-0.010605452267564708,3.125386711636202,0.02005008514884299,0.02755110511369674,12.486008409066818,0.10115874979384687,-0.008886592371216473,-44.033991942374016,0.7350414241485355,-0.2635842044970309,1.00759916,0.93411856,1.064545,1.0565163631140781,1.056226727272727,1.081032,0.9208858804714488,0.10492839999999999,-0.37424648484848483,-0.251582105022831,-0.051270500000000004,-0.44197400000000003,0.06965500000000001,4.0,137.0,-0.19734202529835265,-0.400399157609832,1.4144488374371544,13,2,999.0,0.18342,тейк,0,0.5930000000000016,0.16666666666666666,0,11.875024533856715,5.876252104994004
EUL,1785333718,2,4400.0,5.6,787.2,0.0,9,6,4.333055555555555,53,1.0,327,0.05548549810844893,0.006024459304776464,-0.06020469596629274,-0.5809426843145449,-0.04816955684008306,-1.5362714277240674,0.6304558680892303,-6.225285278499603,-5.746082216670468,-1.3197003923433592,1.721919235247249,-8.353116546127094,-28.932271598595772,62.90480863591756,8.474783994117296,0.7441384207514814,0.08641432948616187,2.571703281577842,7.1999558961354015,1.0857338072721898,0.6666666666666666,139,1.8592378965453848,13.517825366631907,-13.97626574078873,9.846479618845926,0.35555555555555524,-3.6075944661743353,2.221730990530587,41.24527567835085,47.47056262820928,0.2504021268655948,0.10498687664041997,0.7060367454068217,-0.43199136017280093,132.51050689795,0.9220696698607999,0.4479909260704276,0.6609572166645674,0.46447020375025183,1.0748690022975338,0.476900525981364,0.49539598401653656,0.645013261070526,0.9619518966987695,0.5415419580189235,9.05470877435,0.0683320061655434,0.6119580876609465,-0.018492350711339922,-0.004925101910515095,-2.610377584027146,0.0982885504866664,0.004117428995660477,-16.068882592117095,0.04645336169117287,0.030495688449398317,-0.39287691076024256,0.11706050817083824,0.07115471238456172,1.25717801,1.2374239,1.013036,0.8058015586830062,0.923442909090909,1.0380995,2.581228308944255,-0.9594482727272727,-0.6632169787234043,-0.4152459308943089,-0.055280499999999996,-0.6553319999999999,-7.040563,4.0,118.0,0.6014176272642668,-0.040364549100146974,2.466276361826214,14,2,999.0,1.66,тейк,0,0.5285902000000006,10.066666666666666,0,2.108433734939763,1.6208519301204816
HOLO,1785379830,1,5100.0,25.5,201.4,0.0,5,3,6.910277777777778,84,1.0,34,1.1333333333333333,-0.023897717767962234,1.0141253169141606,1.5043066844595332,1.1729141475211646,3.118067537589342,6.803676282869531,8.931128759276131,7.544987146529558,13.54322160401682,19.443254817987143,27.351598173515978,14.99450247388674,25.498725063746818,9.650249821556045,0.866015658044764,0.18286126562819227,2.4679849429957823,6.27465953926436,0.7081796361055195,0.6,23,-0.29790276453764974,10.275952693823909,-0.29790276453764974,19.375089171065763,0.9819233550253073,9.196476181400914,0.7443338815995203,77.33750854027414,81.37196450971882,1.026962962479653,0.0,0.5202702702702716,-0.8488761358201868,19.991941137610002,1.8988512214186244,0.54667997152896,2.9199475707829476,0.5096850486233314,1.3883408063374343,0.5289896505832519,0.49703582598372514,7.252995245406834,1.040245340401792,0.5890726311748716,3.9873741977355603,0.19944907651985228,1.1233943538364821,0.011872477614458976,-0.02078608794295933,5.895908831688312,0.032382939749766804,-0.06817770694097447,14.900268335190558,0.17283128835635586,-0.0691434287076218,47.11801941644149,0.06346371478657109,-0.2754589537997406,1.29314947,1.26337735,1.90594,1.4738744779441468,1.0678597272727273,1.195627,1.668352202370244,-0.0840556,-0.06093483333333334,-0.08661337931034484,0.00125,-0.020720000000000002,0.081828,4.0,69.0,0.40931316283043806,0.4888768024206236,0.4574756966036153,2,3,999.0,0.08367,тейк,0,0.5930000000000005,0.6166666666666667,0,1.4316122863631042,1.9284311990558152
BANK,1785419156,2,95500.0,9400.0,10.2,0.01,5,3,21.088333333333335,254,2.3123486682808716,188,1.6932624113475176,-0.24703557312253377,-0.5418719211822576,1.8282688185600637,-1.5602145294978054,-7.766103243490175,-11.968606932635717,-16.802307613062737,-35.940350598873636,-55.317029987827816,-54.6699595868882,-76.56277207034651,-74.95270291226002,-68.43216198256654,-45.51526717557252,0.17732751781975242,0.061133496815115734,13.42899946657794,18.7360594795539,1.1444283769389754,0.6666666666666666,139,7.236754747045548,32.18696056300623,-60.8910411622276,7.236754747045548,0.041542800518332174,-31.64300778975363,3.97005865491912,31.746211009995392,26.21166004889143,0.2598230523182848,0.3190954773869332,0.5577889447236184,0.6089225798434184,818.16399945059,1.10733224028207,0.5030318446469809,1.434841390411698,0.491704828554821,2.037392045928987,0.49658706340074277,0.4916468858679992,0.82442267850908,1.1024659015101237,0.5580399797772624,17.7485149881601,0.02169310187209228,1.240852305239648,0.023830003085287155,-0.0015664122920209245,-0.7649730064616667,0.026219654268613057,-0.012735037535025251,4.264340922822152,0.2598193611165751,0.05125554259883125,-18.599644165910444,0.37107012433367537,0.12509593615875958,1.34077718,1.52814001,1.168357,0.8714028083324032,0.967992,1.0204055,-0.2537949560872755,-1.3604897272727272,-3.6864326000000003,-1.2353808759689924,-0.149613,-3.322853,-0.39533700000000005,1.0,14.0,0.2783490997628535,0.6493546718536525,0.8483281712607926,13,3,999.0,0.08076,тейк,0,0.5735776000000006,0.7,0,5.052464091134223,2.4081143360079245
CFX,1785490291,2,415700.0,4400.0,95.0,0.0,13,3,4.3425,53,1.1618222470653996,0,,0.5042016806722671,-1.76015019948369,-2.2647676862012522,-4.01284109149278,-5.251244907197816,-4.798726404366615,-9.648176127778985,3.027319714496679,1.8491484184914864,1.3313967562333717,0.31152647975076775,-1.4363079821050118,-8.66244817804932,12.152021302348114,0.5505761016659527,0.11360194304865066,4.0361695317651325,6.275609230105683,0.6680487244951215,0.5333333333333333,2,0.7218479307026016,13.041385948026951,-15.48556430446194,4.207119741100329,0.18055555555555597,-5.519232367707083,1.1549626270183218,39.608627032931004,49.2774054622856,0.15517421582147656,0.12446351931330717,0.1673819742489248,-3.777472527472525,45.25426963782,4.630027551838608,0.4168906407804594,4.37856474568938,0.48610214382594447,3.2643016745307074,0.4970101434700706,0.49914159121314083,16.380461252907565,1.028176260856562,0.5601801285087082,6.484961531100001,0.1433005456280831,-3.3831343106776046,0.042572827007099745,0.007880329707291134,-4.0676921789367215,0.04964363747940981,0.14346672147980244,7.865307578458047,0.09310740626001879,0.010037296276340424,125.37676263953652,-0.17717345912592763,-0.26983104568888194,1.29513109,1.64961637,1.201604,0.9277856189831718,0.9469585454545455,0.7025745,-0.815211857069264,-0.8634027272727272,-0.7980624680851065,-0.23192242,-0.0508715,-0.42006399999999994,0.00311,8.0,388.0,-0.40700702798838195,-0.9811697521648233,-1.2405827854015117,9,4,999.0,0.04186,время,0,-0.18283446421404675,48.0,0,5.138007644529385,-0.18283446421404675
BANK,1785577582,2,17800.0,46.8,380.1,0.0,8,3,4.828055555555555,59,1.0,472,0.2763975155279503,0.01778726431875821,-0.10659086871557255,-0.7063393960798137,-0.4602584528235032,-0.21295474711623408,-1.3335672925074538,-7.226530275532084,-9.145257715301335,-0.7063393960798137,-11.629734402011637,-39.37466307277627,-64.82547228825221,-82.60479505027068,-4.7461889046047645,0.3931809545556425,0.127889624829541,8.880002818916743,10.25681674064679,1.055858754723111,0.6666666666666666,23,5.004668534080303,18.188608776844074,-16.8932899793083,6.294896030245756,0.225609756097561,-4.533703382249987,2.4485911397736464,41.0708350236326,36.28771991733009,0.2882121469789186,0.4423076923076946,0.46153846153846306,-0.17752529735486355,407.43000448152,0.42881763143255336,0.45015874563237535,0.6515612997731512,0.4465140454367869,0.8165051592493332,0.47272895733600845,0.48893329731314744,0.43023686480000284,1.1985677007759452,0.5721785064392663,18.95196926342135,0.04651588998100154,-0.5935651080500426,0.0009829878577840567,-0.0010138921572928616,-1.8470281914793163,-0.015915040118980595,0.008977812082299641,-2.084324080401734,0.07529127373279398,0.004382243252997409,2.89461983552326,0.3065774042894205,0.06991307854371098,1.99582995,2.34966777,1.252314,0.6274652807970938,0.9163402727272726,0.772428,0.28842667240445025,-0.9221874545454544,-0.8494677659574469,-1.1251135454545456,-0.095256,-3.363046,-8.085702,1.0,13.0,0.005549389567138796,0.1430535664952881,-0.9293931378523856,9,5,999.0,0.05623,тейк,0,0.5543997000000005,3.7333333333333334,0,1.2466299128578884,2.0815795398541708
HYPER,1785676606,2,8400.0,331.1,25.5,0.0,10,4,5.1802777777777775,63,1.0,0,,-0.9271523178807861,-2.307357422725287,0.7784431137724646,0.14876524843796535,2.2168235651381707,0.04458314757023185,0.37274489339496064,0.5226220695834005,7.402680280791318,18.500264038021474,20.064205457463878,13.850837138508364,2.23234624145785,18.060200668896332,0.07506007790741483,0.00027923215764630934,3.9715364391609054,12.439678284182298,418.59517426273584,0.5333333333333333,160,5.1710670207780085,20.16872363693174,-12.480499219968799,19.25597874224978,0.5310210063507573,0.5829436795381504,1.4763003445936684,51.28052493479587,63.41542767348835,0.4624729442426112,0.46835443037974733,0.4978902953586506,0.11780297452510524,72.78242456049,2.139360830111809,0.4844962683908347,1.5330302206712965,0.48552284978825094,3.095911566586358,0.4884307048007341,0.49546918194115774,23.976315080036077,1.0413272832310643,0.5116081087128065,4.72987005561,0.06498643160312653,1.5583893295929352,-0.0012829738646045197,-4.582163006028317e-05,4.26884471140847,0.0022814872971455014,0.012993284699114316,23.055828449718895,0.3083402003464186,-0.0011699484644527303,187.4502963646402,0.44119908909219485,-0.13948069862796686,1.15323418,1.15098722,1.243897,1.0786161402188061,0.990998909090909,0.924253,61.85417656490583,-1.9780997272727276,-2.0820669787234043,-1.5286457701149425,-0.24196075,-2.324639,0.05548,4.0,163.0,-0.10561702033324849,-0.2454096380207771,0.02251402369997102,13,6,999.0,0.06732,тейк,0,0.4763308000000005,10.75,0,1.6934046345810971,1.1596467622697575
ACE,1785756930,2,5000.0,20.2,250.0,-0.38,9,7,4.060555555555555,50,1.0,287,1.0204081632653061,0.030641948827958565,0.631935881627621,0.4925350161613107,0.8963065986709928,0.5234795996920782,-0.045927740355178326,-11.49518774569609,-2.1872659176029985,0.5389590391130294,0.833976833976835,0.9743272502319877,-0.10709914320685687,-17.542308663803986,13.930501930501936,0.826931027384064,0.14085815437719185,3.259243270485479,8.01781737193764,0.7837847546519148,0.7333333333333333,21,1.4765309294373807,14.765309294373651,-11.722552731206049,2.3354231974921813,0.1466535433070871,-4.510529301752319,0.9437684276112641,42.08087025893137,46.605228970516535,0.28688578884722465,0.36046511627905925,0.08139534883721006,0.7452258965999103,15.640195835908498,1.136174473579933,0.5596587711394617,1.0427247246833393,0.5072911696160034,3.6497286276904233,0.4832975224880492,0.49236267260980165,1.934601758259752,1.1047581614203161,0.576491700171696,3.64361280524609,0.2329646536062342,0.7214302033403674,-0.0018422625339359344,0.007376208326270506,0.3870396177925173,-0.0022401384214331133,0.015167966521953735,-1.130827154916636,0.11358600925462925,-0.008447310248714146,15.523623720786105,0.20808731278097214,-0.09119304667702721,0.94143961,1.39344909,1.717517,1.824351749975763,1.103666090909091,1.2923885,0.0983739613422172,-0.3392267272727273,-0.8229571914893618,-0.3219794007092199,-0.10937925000000001,-0.7013280000000001,-0.866283,4.0,24.0,-0.0669703719885284,0.09327002470698176,-0.7245401134489682,11,0,999.0,0.06529,время,0,-0.9889497069842246,48.0,0,18.995711441262063,-0.9889497069842246
HOME,1785846318,1,103700.0,4900.0,21.2,0.03,4,0,7.398333333333333,90,1.7726495726495726,0,,0.3543433909588778,2.108598273790019,2.3658269441402036,-0.44737963357478483,1.7750190569530755,5.867693701857712,9.888300999412113,11.010808884665657,18.39371674689638,49.01147959183674,18.04976632562838,48.41988248372242,61.58367911479945,35.602678571428584,0.7275406621759447,0.07392283600154836,5.130523176407387,8.817204301075243,1.017943277765747,0.5333333333333333,38,-3.27054440074519,18.14624602592323,-4.005751848808547,49.77564102564103,0.8884439359267735,9.727524728584402,2.887153763606806,60.0086110944764,65.02512940123998,0.8123024039246487,0.0,0.3878205128205118,-2.0500160996028804,319.332648770172,2.953316321630748,0.4943097078201111,3.415424243214442,0.49426723124710015,1.9830109956503554,0.4958254169579926,0.4971475284881172,5.2490731810104085,1.3899519472381965,0.47027266875577456,16.277799385744,0.050974428854781303,3.0453067091480213,0.008773635054211582,-0.004033909456916063,13.341836200721424,0.1647047475725707,-0.0191882593814533,31.104379074599798,0.35964402096599124,-0.003191778873559703,120.33605658837443,0.17414960026793613,-0.20907783847955674,1.03977338,1.09265628,0.890069,0.8560221074326793,0.997931181818182,0.9388235,3.1455736507666017,-4.972595090909091,-3.334588404255319,-1.2960490553359685,-0.4160475,-3.1721730000000004,-0.10740299999999998,4.0,214.0,0.10860898880635794,0.24675059330159232,2.013594562175136,12,1,999.0,0.009346,стоп,1,-2.021999999999998,0.6666666666666666,1,20.939439332334686,-1.506467838347955
BANK,1785870978,2,4900.0,19.5,252.4,0.0,11,8,4.086388888888889,50,1.0,568,0.07608695652173912,0.8107088989441902,0.7727101394647384,1.576747720364735,1.499620349278663,-1.6553246275519684,-0.6318528154618086,-9.587419682110255,1.4803568039476023,34.110860295961864,26.01932594862124,8.502435064935066,0.3377744417339068,-75.42626039799623,39.38251237332076,0.7633759948509447,0.0817748492223484,5.988110732944696,9.17446808510638,0.9346292315566262,0.5333333333333333,40,4.658445879819917,21.080446271285957,-13.562883931458137,45.298913043478265,0.6652035115722266,5.2302302325212935,2.093193291204111,48.45581287115468,60.55338633425399,0.24091776120318528,0.19354838709677671,0.5,0.7165755232886983,445.96466106208,0.5338899572715159,0.5341240841209934,1.0364362846317503,0.4840080159629121,2.1014920843387617,0.49057438041985324,0.49146589025503484,0.7470224617842453,1.0428528422297105,0.5490787900526645,18.85731759648,0.042284331569166625,1.8150437246377438,0.009953123986597534,-0.003845216542188945,-2.1286163772712863,-0.03361343126448835,0.016541520308818614,-13.198410185747067,-0.10928186017407848,0.06408493014214778,5.632656691543714,-0.2352599005821796,-0.11720096879079744,1.28887916,1.50411755,1.181329,0.9165552804810655,1.0255400000000001,1.291249,1.3766384098502307,-0.052581,-0.1704226111111111,-0.5780353279352226,-0.002353,-1.327875,-3.645688,1.0,43.0,0.19551027402595622,0.4325455383005883,0.66408732208314,19,1,999.0,0.05347,тейк,0,0.5932500000000005,2.1166666666666667,0,4.533832055358156,1.919429671404525
HEI,1785912984,2,55900.0,230.6,242.6,0.0,17,5,4.083055555555555,50,1.0,0,,-0.9868015295423804,-2.738398158245503,-4.200978637068875,-13.343409262657902,-13.25913118651394,-12.3354993720308,-8.690706404277115,25.470887065259838,34.89622720779766,82.72251308900525,91.80406212664276,90.84640989063242,91.62091191215087,100.11381743683133,0.00012176806752949105,0.06491612579412172,8.49375696176773,14.796920626493215,1.4969173251617063,0.5333333333333333,1,0.6962303205168441,22.285642601768796,-17.654903569963075,83.8735540029779,0.6802601021830004,6.0640757291173575,2.289002960740189,44.3480791586278,68.98019384369826,-0.026877618465842187,0.20102214650766553,0.02498580352072665,-7.68060407979263,251.655238727158,5.400756575392674,0.506820564931102,3.925217716674502,0.5017299433012841,2.82565653168465,0.5116340014453414,0.5167727073487522,37.91425425987948,1.0118564285321148,0.5172617231306169,11.74858962505381,0.046685257515308505,-0.910268441044404,0.07467547427093146,-0.0011086719948771862,-16.42147337906875,0.11620664442708306,0.07008268202085666,11.491014306842162,-0.16767992572710744,-0.016698281722418495,276.06210269010154,-0.2819914123896148,-0.55947690426585,0.52036413,0.54617414,1.173076,2.2543367852814913,1.0269879999999998,1.049718,-1.3222186750189697,-0.068209625,-0.09627300000000001,-0.07352197126436781,-1.75e-05,0.008081000000000001,0.077136,4.0,63.0,-0.10741021687227237,-0.22667393265299873,0.9245386729485716,6,2,999.0,0.16054,тейк,0,0.5930000000000005,0.03333333333333333,1,20.086869316058298,-2.5238353999999994
FIDA,1785928302,1,285900.0,58400.0,4.9,0.12,7,0,6.6627777777777775,78,1.0744081172491544,130,1.0159914712153517,-1.0682768230376283,0.32972209138013575,3.498542274052463,0.7092198581560405,0.8522727272727293,5.550049554013881,10.0206611570248,7.467204843592334,25.441696113074208,26.861226920786187,27.544910179640713,26.110124333925413,24.634289057928594,15.306730196545558,0.7860926069509002,0.07207153757691649,3.5867268878973846,9.022556390977442,0.9955396966993754,0.6,87,-4.054054054054057,15.866388308977042,-4.054054054054057,27.392344497607656,0.835766423357664,6.042842763978351,1.4651569197015348,63.702351951260475,82.4118429424351,0.8945789935024693,0.4464285714285707,0.2678571428571436,-0.7666506947771934,19.43988867479,2.554565263900949,0.511946401420368,2.3960079357328503,0.5088707408277291,2.846629573339251,0.5173918637967962,0.5055106946920908,14.84719616104442,0.9690901141125793,0.47593218567465606,2.06138313372,0.10603883428577648,1.8897991108084655,-0.006332485045040803,-0.008694401979775446,-0.8842674102014225,0.007928891028587737,-0.028850814713922923,16.898814356385607,-0.07399940230220292,-0.15887360464293854,76.9319206363373,-0.25028971628466945,-0.314089990057312,1.48578947,1.70160529,1.296254,0.8724345044658312,1.0898432727272729,1.077279,1.6863971440186862,-0.6058495454545454,-0.34903563157894746,-0.197637603960396,-0.012395749999999999,-0.024582999999999994,0.08382400000000002,4.0,48.0,-0.1473626759190716,-0.300501354591598,0.45447913741523127,11,2,999.0,0.0213,тейк,0,0.5126832000000006,8.9,0,6.8075117370892,1.487224888262911
BANK,1786008730,1,270700.0,7800.0,34.6,0.0,11,2,7.3438888888888885,89,1.0586624951114587,508,15.207865168539326,-0.20031159581571645,-0.2447163515016615,0.44802867383513245,-1.4722039112283092,3.0330882352941124,-2.330646917882817,7.195792493425768,3.7962962962962754,3.8203287798101337,-8.265139116202946,-0.7085916740478315,3.127874885004611,-54.71164528835472,-14.423076923076927,0.6083870125856328,0.08023271526207576,5.701723706714379,9.009009009009006,1.3125625625625625,0.3333333333333333,108,-3.006705602422677,14.857142857142858,-8.824725498169993,11.403726708074524,0.5139977603583423,0.6181481205326689,1.1013873785029245,57.77554921231112,51.279828104683794,0.7932740314313202,0.23863636363636606,0.1931818181818145,1.119570085087318,164.71639756222,0.8331277762395379,0.46898600459573164,1.0551862204549871,0.48731667626257674,1.3217837336469103,0.4756942049834839,0.48342321596234167,0.3756939573771418,0.8535011926923541,0.5192240243915172,16.230806481680002,0.09853789132043743,1.2360359445916291,0.0014020512399086638,-0.0006106141410255894,4.810242050013125,-0.002765383157994017,0.0016410183168493742,8.535922453897427,0.013885964198693923,0.04299124351591854,-5.356969167043346,0.13526346403664147,0.10180032064701261,1.59706362,2.03010613,1.402648,0.878266828218152,1.0150859090909092,0.9626805,1.1862379941745167,-0.7480256363636363,-0.686214659574468,-0.25723304743083003,-0.073977,-0.4667859999999999,-2.3640520000000005,4.0,147.0,-0.26944247911743213,-0.24914625779545174,0.8880343799508417,9,3,999.0,0.04484,тейк,0,0.5832996000000005,6.533333333333333,0,0.8789919714540684,1.094992831757358
RIF,1786011089,1,5700.0,1500.0,3.9,0.0,10,7,10.404444444444444,126,1.0,0,,-0.14744913005013682,0.6839131727624181,0.26650873556410826,1.1199044348215725,0.8939213349225428,0.9390371143240595,7.765754296626359,4.538437789441185,-1.3115709705625145,-5.047672462142449,-13.655488971056995,-15.833954760129254,-24.797334813992233,-11.890072910824456,0.6265779411083858,0.10518272034876242,5.598065800270691,10.592746445119028,1.3610271148196875,0.5333333333333333,115,-2.5190729811429446,12.940985205657629,-5.524553571428559,10.095919362705242,0.6106194690265492,0.4606035065260583,0.9795998968940569,60.26245013167195,48.67156961117733,0.7928686310295588,0.6428571428571358,0.008928571428580279,0.5830467932426364,19.58292444847,1.1497348660812043,0.5323743528720918,1.0564815359279198,0.5008743994094441,1.8854428438518909,0.5161191289537871,0.46749764967026003,0.5846316419643106,0.9649190715332531,0.5265163309759022,4.58923555604,0.2343488363097144,0.6845881226713368,-0.009731596239819007,-0.0010650866653506563,0.7116801579666987,-0.005757612901212239,0.0015035217560188663,8.585752338006646,0.009300921714251231,-0.02652561400687936,12.161986916380151,-0.13868474427200606,0.13771942702544004,0.47273032,0.66274634,1.35619,2.868844968522434,1.025062272727273,1.32425,1.1055915510662646,-1.2885927272727271,-1.2135253404255317,-1.0045244355400698,-0.11969274999999999,-2.6648270000000003,-2.026795,4.0,108.0,-0.40792495906115667,-0.35511987607795836,0.8133795953374046,10,3,999.0,0.06772,время,0,-0.49477875073833466,48.0,0,15.483328411104536,-0.49477875073833466
CTSI,1786018031,1,142400.0,15600.0,9.2,0.0,11,2,4.085277777777778,50,1.1230283911671923,0,,1.5547081255500084,2.0335985853227045,3.6837376460017834,3.839232153569272,8.390732623669361,4.877309906089056,6.26151012891345,49.870129870129865,61.173184357541885,61.24825337680484,63.22489391796322,65.09298998569383,59.53917050691242,51.74662319515602,0.0002160958327491562,0.036711391567045386,7.136525644330494,10.879052369077314,1.3740157480314983,0.6,178,-4.759284731774427,20.603848706038484,-4.759284731774427,62.3827392120075,0.8848968729208249,7.517318175654819,2.196880081372556,68.11452541403818,83.14559091281711,0.7540710584752032,0.2955665024630528,0.26600985221674855,2.717557251908409,57.02065957793,5.111166546185719,0.533043313991563,4.589947749321724,0.5037057462139334,5.177606189604123,0.499696776151157,0.5012499211693193,79.70361125412245,1.1933496061826983,0.4999169707975895,4.23819637541964,0.07432738250997092,4.621416631328179,0.0012176539964379174,0.02061721872709943,18.32328967484036,0.0005737554259208633,0.09255329897948883,43.483961136988604,-0.053324435260733716,0.04015188053703289,171.80759665286396,-0.41688436086956515,0.04997997240642649,1.34116597,1.27222501,0.778536,0.5804919133162915,0.9920043636363635,1.1080934999999998,6.944644381583761,-0.22698455555555555,-0.2631979069767442,-0.14307490566037737,-0.0003195,0.011700000000000002,0.07669300000000001,8.0,232.0,0.0013934218104694196,-0.30761204764977457,0.8517501865887178,12,3,999.0,0.03462,тейк,0,0.5930000000000005,2.8833333333333333,0,13.864818024263425,2.4116932255921433
RESOLV,1786028796,1,10000.0,474.5,21.0,0.0,11,7,4.072777777777778,50,2.127659574468085,0,,0.0,-0.47641734159125093,1.9521717911175962,3.3646709549727927,5.61172901921132,9.774040987913835,7.018442622950816,13.40933767643866,19.644902634593354,19.988512349224585,33.567774936061355,32.46670894102726,35.29792746113989,12.119471568064345,0.2713927765917208,0.07827355023093238,3.7665502886474744,7.475169890224764,1.0568156852049644,0.6666666666666666,6,-0.8542952064546694,11.777188328912459,-0.8542952064546694,23.390431187241578,0.9565217391304348,12.220486056460533,0.9381548440227995,71.23495014814415,74.9622424470076,1.0494547958983178,0.07936507936508137,0.4920634920634924,1.305609284332676,11.32327625519,3.5247755610260243,0.45319028475185186,2.4515499537332626,0.4638760093048168,2.357939364508774,0.4858152384479157,0.48665455939699986,4.910288856715811,1.0665341997368931,0.48485030041434163,2.34040731535,0.2066899422574168,2.3911375371552523,-0.0009620014386489961,-0.003180354239325278,7.955530987871229,0.017448643943923647,0.016159264028187126,7.706119375487552,-0.02261604174558296,0.08636565435252663,22.661170528082785,-0.010050684568845392,0.09932152193745747,1.69370958,1.83183183,1.433944,0.8466292078244018,0.8789604545454547,0.846892,1.0979813883906357,-0.07930400000000001,-0.10400309090909093,-0.07882684821428572,-0.0015685,0.018726000000000003,0.083364,4.0,53.0,0.5331900727896022,0.2461711865141547,0.4731290917752373,15,3,999.0,0.02089,тейк,0,0.5930000000000005,0.65,0,3.3210627094303558,1.5230464337003342
KMNO,1786068644,1,77700.0,7900.0,9.9,-0.3,11,3,14.059166666666666,170,3.3205128205128207,0,,-0.048309178743954906,12.262615301139457,12.323561346362656,11.898323418063828,11.898323418063828,12.38457360130365,13.245758073344271,13.369863013698646,13.060109289617493,15.07230255839822,14.880621876735134,15.136338341680577,15.264623955431755,1.6129032258064724,0.2609413614187143,0.5776704286167821,0.6550241760718389,12.438891906572525,0.939084938566447,0.6,2,-12.29334463755829,29.260273972602757,-12.29334463755829,17.690557451649603,0.5174708818635608,1.2489532671009052,0.2545644687465264,93.5204251522176,89.3517074811429,6.10170295192697,0.24999999999998915,0.12499999999999457,-0.2708559046587289,3.6101261990899998,73.93299797408717,0.511970185338349,18.541792359146072,0.5117324738103085,4.725434367840146,0.514133546829153,0.5121854366022132,0.8983928092573636,1.4673544819916802,0.4716999913379082,2.08928260017363,0.5787284114057489,70.29184720267139,-0.1474376412733167,0.35069629789793044,69.84206821952309,-0.1354283504464483,0.34979109869426117,70.89282110647545,-0.11606888973961271,0.3436691290641323,74.84327937569073,-0.11374370726356753,0.47953052981002475,1.18304432,1.35294118,0.799596,0.6758800042250319,3.156839454545455,2.7695545,5.352115047997138,-0.341197,-0.341197,-0.07486171604938273,0.00125,0.028952000000000002,0.04485200000000001,4.0,109.0,0.1600512661781739,-0.026392679602182945,-0.2558859975216765,2,4,999.0,0.02069,тейк,0,0.5577314000000005,4.9,0,6.282841952634111,1.1960494698405038
1000CAT,1786215679,2,210100.0,27400.0,7.7,-0.0,9,1,4.584444444444444,56,1.0390702274975272,0,,0.43041606886655703,-2.4163568773234223,-3.136531365313655,-1.9149929939280774,-5.829596412556071,-2.5974025974025983,-6.124273580688422,31.00436681222707,36.98630136986301,36.27514600908499,45.328719723183376,48.93617021276595,51.515151515151494,45.16547696301101,0.4197314838752029,0.036584495608462594,4.611636578502942,7.923860115095193,1.3592467735894023,0.6,5,1.59651669085632,17.80358006773102,-13.757700205338818,38.70541611624834,0.6362649294245384,-3.9077880136259457,2.5080913070612114,53.97967195026411,70.4319621320204,0.31577871794236156,0.28333333333333405,0.29999999999999927,-2.3223409196470146,74.469867518345,1.7277395696471278,0.45873064213754944,1.85325672111118,0.47339696090304173,3.806541548444342,0.4953640018021305,0.49797939219292375,75.24637951879156,0.876097173862165,0.5384797297682455,3.431222391764,0.046075312151169716,-2.139941900658271,0.023870183344331775,-0.01614976896878373,-8.709496499442103,0.0015150251841544726,0.046557564681231955,-3.388387150701766,0.10702662170556754,0.15987993681423363,244.06375174628025,-0.6062498522216411,-0.05691388266216413,1.29726101,1.25113947,1.360596,1.0488220870833078,0.9839469090909091,0.8301215,0.5532716829284562,-0.1872003333333333,-0.3188755405405405,-0.15743746853146853,-0.023022249999999998,-0.086493,0.04526000000000001,4.0,58.0,-0.10893246187363426,-0.13010752688171756,0.4685367960551412,19,5,999.0,0.0021,тейк,0,0.5842830000000017,6.1,0,6.063809523809538,1.5444002714285703
BMT,1786280839,1,55100.0,3700.0,14.9,-0.0,11,2,7.688888888888889,93,1.2579908675799087,0,,-0.1210653753026536,3.947921041579172,0.6916192026037438,-2.2125642038719806,8.409986859395534,-3.4711388455538117,19.565217391304344,12.807657247037385,87.64215314632298,92.45723172628306,93.96551724137932,94.72856018882769,110.63829787234044,60.96423017107308,5.195530256878478e-05,0.061755260513459594,15.509809818329812,20.521327014218006,1.1863013698630132,0.5333333333333333,142,-9.074210139603235,32.521908471275566,-9.074210139603235,93.05772230889238,0.8284722222222223,10.434172084049242,4.334360374928331,58.02636849325109,77.61547191999972,0.6123447498513099,0.08866995073891604,0.17733990147783207,-5.840846726773819,138.85515748766,2.632165984418987,0.4976060774649932,3.319147500071492,0.5011870210503008,4.283072789004997,0.49598282992587117,0.49653504510876556,183.3493020331168,0.9545927879999454,0.522595264000098,5.00878332032,0.03607200057199984,2.7567525097473844,-0.01607485554385346,-0.006693245786361435,4.089085804232906,0.022754939773387717,-0.00527652533609102,59.22349680613364,-0.3966336963705691,-0.0034255970758513277,352.48630223588907,-0.6464454672602187,-0.12709220702567747,1.46186699,1.49368421,1.202372,0.8224906973239747,0.9619683636363635,0.9275690000000001,3.026978725646831,-0.097135,-0.27095640000000004,-0.3657996666666667,-0.040935,-0.328059,0.043973000000000005,4.0,172.0,0.01032010819168594,0.20990083728826825,-0.06972041038080246,13,6,999.0,0.02475,тейк,0,0.5930000000000005,0.45,1,20.720484848484833,-2.525122999999997
PROM,1786435890,1,697000.0,42400.0,16.4,0.02,14,0,4.093055555555556,50,1.849787685774947,19,4.3974763406940065,-0.4172461752433909,-0.2785515320334109,-5.582417582417576,-7.969151670951158,-4.745011086474493,-0.8310249307479145,8.484848484848495,-14.319904268049456,4.831625183016119,4.8828125,7.078763708873392,6.706408345752624,18.021978021978025,-3.3203125,0.34543823309041827,0.06766545348599688,17.800562432838575,9.664082687338492,0.8779342723004693,0.6,28,-10.275689223057638,28.70967741935484,-23.230879199428156,35.777496839443735,0.46546052631578955,-2.0229364546212714,5.616629240312054,47.32034341582357,49.906753223258875,0.4770510724712763,0.10666666666666672,0.2311111111111112,-6.3082133784928,95.49795615609999,1.974985270936111,0.40679400315414405,1.6242731870748202,0.4671621251581811,1.427061469868902,0.502476580946873,0.49316526129959165,27.039526722776206,0.8791799043785269,0.5145934788048752,3.61348633575432,0.037838363051956335,-6.210919397951564,-0.040656852879915606,-0.017107080041964928,-7.496293622578087,-0.05000829364484238,0.011288403937944391,3.285652804482053,-0.12175087723070199,-0.04046589387951838,58.53632600699097,-0.2564419840073717,-0.06756636848378628,0.93216344,1.19183473,1.019315,1.0934938619776806,0.9712484545454546,0.8488880000000001,0.3872376519568129,-0.7703550909090909,-0.6784942790697674,-2.116900228426396,-0.077724,-2.275683,0.04176300000000001,1.0,48.0,0.14341570222082822,-0.1232243603641825,-1.766258073424054,8,1,999.0,2.148,тейк,0,0.5843184000000006,3.283333333333333,1,34.93106098696461,-2.562489499999997
BMT,1786476420,1,56200.0,17400.0,3.2,0.0,13,6,4.332777777777777,53,1.0,312,1.0199637023593466,2.3725834797891032,4.578096947935362,5.47759167043913,7.4227754725679995,6.831728564878503,5.621033544877618,10.478899952584154,17.0854271356784,16.850551654964896,-7.319013524264117,-32.91102792974373,77.0516717325228,93.68246051537822,-16.109785202863957,0.6795234200569642,0.08652949366322156,3.9088208917684053,9.016786570743406,0.8604707184478669,0.5333333333333333,1,-0.5123825789923098,16.575410652065692,-7.319013524264117,22.05343111576743,0.6958677685950416,8.923970407029902,1.7378878141665788,66.66667586951793,54.454186878783496,1.2046138770935197,0.05084745762712243,0.4745762711864388,1.279707495429605,81.97490080029,0.9900267037214016,0.5757300882408921,0.7166721324636499,0.5198073696450413,1.031389668105349,0.49847045318784783,0.49527151969077304,0.7046505352524739,0.743141038293728,0.4876357111740908,5.39409906608626,0.06580183706751344,2.268801844721935,-0.010251956714831145,-0.008193781819346047,2.7463388532407373,0.035605569199760545,-0.012182248996240097,3.3512450356679713,0.0692948139800389,-0.05393976692938407,-14.429008053854819,0.11242883391773151,0.029781278154744406,1.07116639,1.15550239,1.239004,1.156686777672328,1.0328996363636362,1.162166,0.3198088588336542,-0.0425225,-0.08696786363636363,-0.06862438372093023,-0.0011802499999999999,-0.007209999999999999,-0.398359,4.0,32.0,-0.5461541123579994,-0.8280459589820044,-1.0656343106081434,19,1,999.0,0.0233,тейк,0,0.5933180999999994,5.833333333333333,0,5.948369098712458,3.1885089201716736
PROM,1786524385,1,167900.0,5100.0,32.8,0.0,11,3,28.675,345,0.4455944798301486,19,1.0593059936908518,0.6604101494612546,4.473304473304474,6.9818987809383115,9.613928841786535,11.771516788884595,18.639901679639493,9.28301886792453,-2.9490616621983934,50.28541774779449,35.39036933146331,41.75232501223689,41.613691931540345,40.92457420924573,23.889668069191217,0.055140785402326004,0.06952777405686768,3.9964955208805497,13.613181639858762,1.428303660943914,0.6666666666666666,1,-1.2951601908657184,25.170648464163836,-16.373086918856483,58.859023587493134,0.6542682926829267,8.074756952988515,3.0269568475915416,65.3106067503028,65.44528365089198,1.1483339912875468,0.030434782608696163,0.008695652173912086,8.249346771183275,186.4231760936,3.5135832597505394,0.5375411927402228,2.028250149866323,0.5206009182806023,1.7493129467157256,0.5034874747592128,0.5002153110704424,10.961339265087426,1.1403867915865142,0.537462503172729,7.20907264314035,0.0386704743165667,4.732740530691526,0.0042407023752386586,0.0010250972431233851,16.13285911435842,0.0332078398590252,-0.017354057805961887,1.5266151297117059,0.039717501730225147,-0.010638605215995023,101.83026867140437,0.1133535621794175,-0.013042588164676183,1.00405306,1.09359606,0.993118,0.9891090815459493,1.0950422727272728,1.138446,0.16445244283479754,-3.549164727272727,-2.675180723404255,-1.1743475202952032,-0.310457,-2.8574080000000004,-2.248367,1.0,13.0,0.13602514423221024,0.008471133045429013,-0.5204042144159038,8,2,999.0,2.896,тейк,0,-0.004390799999999467,7.766666666666667,0,15.506818715469617,-0.01602785690607788
EPIC,1786531588,1,10400.0,1900.0,5.4,0.0,10,6,11.326944444444445,137,1.8571428571428572,60,0.8253968253968254,0.6204478014567139,1.6348773841961872,0.5119913769873419,1.4965986394557929,5.635797224582273,9.641387419165204,7.430875576036855,3.5535813436979424,0.40376850605652326,-13.033341105152719,-23.534235342353426,-60.42860173986845,-61.072844917553745,-19.048729307530888,0.643134514275165,0.11748913651337413,2.703612948166634,6.91823899371069,0.8865595154903312,0.6666666666666666,20,-0.8506113769271573,12.06434316353886,-14.094887148779357,11.111111111111116,0.3786802030456854,-0.31368865049833383,1.1803837922280263,69.9200550981538,46.06028417439085,1.0923076725231762,0.17880794701986621,0.8013245033112582,-0.08068854222701427,25.303434024119998,1.7370416201256536,0.41725326917120875,1.6286253390175245,0.4868046994545997,1.116767425069007,0.4805985684049437,0.4730374586745948,0.35247519559152135,1.1560712637811044,0.4333879537003083,5.33401876139613,0.21080216844526248,-0.053538574023093144,-0.01064606216136843,0.011566773150801124,2.5044715190046807,-0.005708283481644649,0.0019216440844218585,7.725948683375639,0.0018188353910881805,0.001190750749546332,-10.815556862416553,0.009585952760197358,-0.03227092236817808,0.72190912,1.02238806,1.597532,2.2129267462364237,0.9774326363636363,0.7025325,1.0397090631271417,-0.30385609090909094,-0.3248503617021278,-0.18741827169811323,-0.031519000000000005,-0.292902,-0.099044,4.0,73.0,0.16184642399075244,0.7619035645080041,-0.21632928117981676,10,2,999.0,0.373,тейк,0,0.5814412000000005,5.25,0,3.0563002680965123,1.0383244847184983
BANK,1786549057,1,25500.0,5900.0,4.3,0.0,10,3,5.015555555555555,61,1.0,321,0.09420022164758035,8.199541284403677,8.886324293133296,8.917748917748924,9.518282066163675,10.093348891481924,9.359605911330071,9.296264118158138,7.215909090909101,7.2768618533257445,0.8282126636387943,-3.576903423607558,-8.531265147842937,-17.4540682414698,-7.747795885653219,0.0009077867863555038,0.25752666938654545,1.1375359645680039,10.768779342723,1.16633644605354,0.4666666666666667,1,-2.1265560165974917,13.578792341678936,-2.1265560165974917,11.163475699558179,0.8221258134490249,6.3453167283040735,0.5316091252437606,82.91675818286407,64.37600398113807,5.621263023142605,0.5370370370370356,0.018518518518524228,0.6966618287372883,35.25634772857,9.418985531950026,0.5287820636596017,3.2474701711913223,0.5110848979723627,1.4831376153783153,0.492502176561188,0.4758380575485789,0.26779855496295474,1.3573083951315044,0.6393834816831181,11.945590190239999,0.33882097720972626,0.4099908694500831,-0.0025843247727210805,0.0009257461349756468,1.65407216643072,-0.012018176579605466,-0.00034824933013222203,-0.4219745894297855,0.006271103980268755,0.005065289925716421,-1.11362946499447,0.027440027292696234,-0.11401780245903415,1.43762643,1.92380952,1.463958,1.0183160029966896,0.9469286363636363,1.175532,-0.04539184602183947,-0.28609281818181825,-0.22980129545454547,-0.15287127477477477,-0.006412999999999999,-0.145121,-0.395328,4.0,22.0,-0.23354754955814405,-1.0808401755897923,-0.5601828426772926,15,2,999.0,0.03774,время,0,0.09392074981452007,48.0,0,18.57808691043985,0.09392074981452007
ONE,1786559482,1,181400.0,27200.0,6.7,0.0,11,0,4.079722222222222,50,0.9674666666666667,0,,-0.12722646310432406,-1.133501259445846,0.0,-0.2541296060991183,1.6839378238342029,-7.100591715976334,9.027777777777768,5.937921727395401,-1.0088272383354302,-33.24829931972789,-37.400318979266345,-38.767550702028075,-35.55008210180623,-38.775510204081634,0.4832201237501939,0.0758856774317395,7.576558373135445,15.62932226832643,1.7607408367911501,0.4666666666666667,122,-9.143518518518512,22.90184921763869,-37.35035913806863,35.3448275862069,0.30460624071322434,-4.123019124764571,4.827225386182202,53.71426581550911,38.37467208795889,0.6963250594973908,0.2857142857142879,0.4285714285714293,0.7633587786259444,101.357147365782,0.42699274485811783,0.4630423261474264,0.49541252084511633,0.4816454827428616,0.9822674208298924,0.49939155675745356,0.48118818964591636,87.07617929414545,1.184358131655243,0.49584523575549105,5.009598191087281,0.049425208989045726,0.9099977098014911,0.011334539208056382,-0.005839503255733902,3.8982194007435966,0.004531879587124532,0.01804279034959433,9.885725756215958,-0.03173672494134361,-0.08663235298864713,287.02305098330356,-0.5958162628784474,-0.35685698910616703,1.11812999,1.42140026,1.131805,1.0122302506169252,1.0953406363636364,1.0465520000000001,1.0950342376116151,-1.020169,-0.8033582926829267,-0.49827928,-0.06411075,-0.49288600000000005,0.09000000000000001,8.0,328.0,-0.022388436215026175,-0.3393197573997364,-0.0672927360091724,18,2,999.0,0.000785,тейк,0,0.5930000000000005,1.5666666666666667,0,11.46496815286624,1.965092407006369
AVNT,1786630242,1,163800.0,33000.0,5.0,-0.0,6,1,4.059722222222222,50,1.2456273764258554,0,,0.6171133830708442,0.045791739170253365,3.173403853418977,4.525882690651617,3.633431363248274,8.126299119073543,8.416038110361246,12.133032231574624,18.881271084992935,20.374655647382923,17.487631748763178,14.820264872819,29.615567157095413,11.030303030303035,0.9022623299956365,0.1015076984748789,1.8787913865633499,5.068282361992682,0.6787758920903235,0.6666666666666666,5,-0.29207740051113706,13.52191482747902,-0.6909090909090865,23.448977285569008,0.9646675964667598,8.289472819117648,1.0871848937008066,71.04457797719608,78.41029304364247,1.1114574506322346,0.2790697674418573,0.40116279069767236,0.5220197418375205,19.797424012479997,4.391390446073966,0.5503672354757915,2.638960642157574,0.5157250897643624,2.1646275077063284,0.4991821626129695,0.49407379945814967,5.816004236200387,0.8901553258713857,0.5535266998856214,4.06814954008,0.20548883215894653,4.94572636228392,-0.021002656781628604,-0.017869732971501406,2.4250585802223723,-0.056628944765264255,0.020056201586937217,11.8922499361378,-0.08912231700793627,0.029024233112332487,58.5417120682314,-0.06821588312207916,-0.0643957537144858,1.20508744,1.27431421,1.568519,1.3015810703329544,1.0586025454545451,1.163765,1.4130461126948655,-0.1356285,-0.105994,-0.09139167532467532,-0.00269725,0.014211000000000001,0.09000000000000001,4.0,109.0,0.048217976666897755,-0.08955879354423102,-0.16612883761533137,14,3,999.0,0.10924,тейк,0,0.5711031000000005,15.7,0,5.1812522885389845,0.977342283339437
HEI,1786720320,1,8900.0,1200.0,7.5,1.12,16,8,4.099166666666667,50,1.0,0,,0.10959654770874572,-0.3205565407174982,-6.061190384368165,-5.263499060089449,-1.2499999999999956,3.6598340307823163,9.164923812369285,11.709852480317974,18.946854398958244,15.615853176172777,13.4616877571617,-4.314521408930194,-25.5817505982993,5.909342615299429,0.6120203031419847,0.06016357694693789,8.953702667559593,24.84276729559747,2.581479139399104,0.6,100,-13.068046633357122,29.72222222222223,-13.068046633357122,22.393434385729826,0.5489632518989942,1.6817937113382087,1.6407697190430428,55.902287795428116,65.94215168933741,0.6214022646979774,0.1007025761124119,0.49063231850116973,-2.2410582418288194,39.051284614295,5.02643802508876,0.4498858663584232,4.482870199634185,0.4749340127230642,4.30704515115405,0.4897197123787484,0.48774542289191886,0.32192685752538264,1.049066597140869,0.49091533795670766,5.22032294061,0.1336786482741995,-5.80397398338336,-0.010756607813818708,-0.0018195183854363695,-1.4343923152927762,-0.036963126445464733,0.010789397945542456,10.295310317864326,0.05246847004701727,-0.10581801590327866,16.88601677688588,0.029886904990716223,-0.12318953861014903,0.91011871,1.09569857,1.503153,1.6516010312544833,0.9199179999999999,0.9000600000000001,1.1233383417731673,-1.131231,-0.7494791621621621,-0.19718408994708997,0.000829,0.023653,0.062659,4.0,47.0,-0.09355104438725226,-0.32920460536060014,-1.9653610211230021,15,4,999.0,0.14615,тейк,0,0.5624025999999994,1.3333333333333333,1,20.14368799178925,0.6405519415326727
ACE,1786722070,1,52100.0,2400.0,21.3,0.0,17,6,4.082222222222223,50,1.0,9,10.63265306122449,2.679134661768523,3.854526347395293,0.7353744220758074,-3.6927467631908684,0.6510985013822301,5.105025259239571,12.141843971631205,59.4686491470724,111.85973508919686,138.05058499655885,156.68831168831167,161.17036337895235,151.02966524539602,112.27632484514798,0.5421984206812897,0.04422040997561875,10.303344802384151,20.342489874978,1.8759878730659436,0.5333333333333333,42,-6.9569603227975785,33.96396396396395,-6.9569603227975785,146.55617927470374,0.8882648377166928,27.895670027897125,2.9721612376011617,65.62135241020577,82.68985652041466,0.7146732289176674,0.19831393014853482,0.28944199116820546,-4.430555555555548,517.3289848160616,3.827827417574326,0.49548788613005884,3.244255077439957,0.506279334452496,3.2944747301137167,0.5075827470503443,0.5101444279811664,3.4939196198996973,1.0718416275944551,0.5605598027316426,24.2355979743894,0.04684755481660565,-2.1525302697412263,-0.02879643708686863,0.017886906138984582,-0.4231114827465188,0.007776461729386952,0.024918131906245256,22.752811581416754,-0.20772554809257626,0.023809400690226523,314.09441549195327,-0.3349700603111615,-0.34031940783072956,0.62100537,0.57638753,0.989951,1.594110208741029,1.0284925454545453,1.015699,1.8739173089835062,-0.09698342857142858,-0.12385136363636366,-0.19653828780487806,-0.0112605,-0.241318,-0.15059499999999998,4.0,18.0,0.2750260979495156,-0.06395051947865049,-1.2344727942760203,15,4,999.0,0.27671,стоп,1,-2.021307699999998,5.333333333333333,1,21.78217628564201,-2.5218076999999997
EPIC,1786729522,1,10000.0,2500.0,4.0,0.0,20,14,10.232222222222223,124,1.0,429,0.9615384615384616,0.10952902519165697,0.6607929515418443,1.1621472053126691,1.6402557686961305,2.8700056274620023,5.725853094274136,7.719505008839134,9.461077844311362,10.286576168929095,3.745743473325769,3.9817974971558368,-2.1151271753681478,-68.03357523826179,-3.688989784335983,0.8714707743138908,0.1487704912104587,2.4104635613418246,4.271206690561535,0.5769518878837875,0.7333333333333333,1,-0.08198961464881416,9.616536848412238,-1.9839142091152895,12.009803921568608,0.841201716738197,4.8074600795622535,1.0475538141457024,78.49649160081584,61.161134377727315,1.0378917069763267,0.0722891566265045,0.3734939759036121,1.2756516916250904,11.43062667366,1.4063571760246047,0.45635462960431095,1.232282919694887,0.48655295195964193,1.0473910531614403,0.5304254446502832,0.48486062680196074,0.17274556600372606,1.005442027964806,0.5617791353110253,4.69009052781317,0.41030913367337174,1.4650040635422856,-0.007857855160613436,0.0020502490264531215,1.8018807268709747,0.008371637879009963,0.0011306231267507183,3.722698021824433,0.018417496123770638,-0.01891195964883463,-7.551632454452262,0.007953702176934696,-0.0204533432077868,0.67546959,1.00460123,1.481388,2.193123157476268,1.15434,1.129603,0.48224569030809605,-0.12813085714285716,-0.12130368421052631,-0.108512125,-0.0085615,-0.090474,-0.746013,4.0,134.0,-0.15448513397152697,0.6245164583615903,-0.22460535889405886,17,4,999.0,0.3656,тейк,0,0.5881799000000005,20.333333333333332,0,16.473602297593004,-0.2759879426695857
RVN,1786731627,2,748200.0,67000.0,11.2,-0.0,17,0,4.055555555555555,50,2.41432720232333,525,1.3596220243503543,0.036927621861160276,0.07388252678242058,-0.2577319587628857,0.07388252678242058,0.7063197026022205,0.0,-8.603238866396756,0.40770941438101893,2.4196597353496996,0.2590673575129543,2.769347496206387,-5.90482806530045,-23.86172006745363,9.696521095484822,0.6976928504679111,0.1806208823348251,2.998521069693627,5.815508021390359,0.6416443850267369,0.5333333333333333,141,2.3809523809523947,14.134542705971276,-12.159533073929962,5.285658764088597,0.2661448140900194,-4.0778502321225485,0.9555531156216622,46.13426218978397,51.157514862534136,0.31750887091452146,0.16666666666666968,0.4166666666666652,-0.3681885125184081,11.618765012083001,0.2331942962982996,0.44867893351842725,0.303864577697234,0.5718742861832508,2.381993995453593,0.4511127090779515,0.48023047716038453,2.0708242662365346,0.3860522493845505,0.5839360239620166,2.235172893352,0.192376116655042,-0.0134696923940969,-0.005619663264461061,-0.0016358194455358133,-0.844692579644224,0.010020322673112592,-0.020245355765860507,-21.29082799973172,-0.022488335728303888,0.03475669572621087,-0.8278263656485874,0.004996108415848299,0.019059701927844452,1.0600588,1.28603104,1.118096,1.0547490384495652,1.6025858181818184,1.362443,2.4747456545570534,-0.157021375,-0.29715776923076925,-0.2655236324786325,-0.053148249999999994,-0.5501320000000001,-3.005722,4.0,99.0,-0.2782273261356383,0.6295931134657762,-0.3388290851772946,18,4,999.0,0.002709,время,0,-0.6183855637135459,48.0,0,6.168327796234774,-0.6183855637135459
ALICE,1786751805,1,31500.0,2500.0,12.6,0.0,20,10,7.335277777777778,89,1.0,0,,0.7033248081841359,6.562922868741561,9.072022160664828,11.228813559322038,11.30742049469966,11.30742049469966,13.390928725701956,17.4496644295302,25.0,36.71875,36.48180242634316,33.136094674556205,33.02364864864864,20.572916666666675,0.5191115060223097,0.13517847589377327,3.5755649047734206,11.560283687943262,0.8426838372527065,0.5333333333333333,1,-0.4424778761061954,16.666666666666675,-0.4424778761061954,36.83753258036491,0.9837587006960555,14.318232987975543,1.3787194856612668,76.15157730444878,76.31541671836806,2.5850321532648297,0.13333333333333086,0.13333333333333086,2.3321554770318276,55.314603067650005,3.777959298320212,0.5366327157937992,1.676091482662768,0.517660406931065,1.473810009880334,0.49995242350811364,0.4959635513243774,16.87711409979071,0.9320484270181965,0.5051848506861938,3.8778156495629896,0.07010473608244831,7.076020453599097,-0.041674847904681234,-0.021806610818884353,11.370396921037429,0.08668859197789125,-0.011632035449457234,14.655454774196475,-0.09835091956535025,-0.010832995873874096,132.07655761248503,-0.21795913043501525,-0.2924830947523669,1.98732573,2.00274725,1.355688,0.6821669842718737,1.044485,1.0327785,1.0944315420085422,-1.5851190000000002,-1.3030399148936171,-0.9537650558659218,-0.149279,-1.1687130000000001,0.09000000000000001,4.0,3.0,0.18851865698354953,0.03605790231961947,-0.7101032046087363,23,4,999.0,0.1575,тейк,0,0.5276711000000005,0.6333333333333333,0,13.534336507936517,0.9260221888888894
ONE,1786774300,1,28100.0,1200.0,23.9,0.0,16,9,4.005833333333333,49,1.0,287,0.22552166934189405,-1.3506493506493467,-3.23566878980891,-2.239382239382237,-2.1134020618556626,-0.31496062992125706,4.197530864197518,8.51428571428572,-0.5759162303664911,22.71405492730212,8.35948644793152,-8.920863309352512,0.7427055702917906,-38.88978278358809,-0.14265335235378318,0.9392205244605004,0.09540317757343382,2.644552166455849,6.868131868131866,0.7922152105320418,0.6666666666666666,12,-3.8481012658227787,15.49707602339181,-9.893238434163699,24.320785597381356,0.6405172413793105,8.617167590672082,1.717421539924297,58.57867625073135,61.521963053477506,0.7916376006860708,0.27777777777777846,0.5,0.5141388174807249,26.838384023397296,1.933443028646414,0.42694807599056345,1.2573666175851796,0.45277611769299436,0.9234980438160673,0.5099245994457458,0.4742649119436022,1.290488543457288,0.8453650503834184,0.4582706360653353,4.66303218908918,0.17374489406754218,-2.809496717169646,-0.009938271025483836,0.009498585735132403,-2.1628001542708164,-0.008123573566342857,0.007792204504708078,8.597500273302394,-0.02950086761072568,0.03254314523005064,15.678315675888864,-0.026172337402610935,-0.04384206313895933,0.90914935,1.25540942,1.592482,1.75161759726276,0.9147281818181819,0.9274445,1.0097735220321598,,,-0.13943105,0.000625,0.02,-0.991739,8.0,108.0,-0.058802551808845305,0.07094033235626185,-0.4772892998178624,6,5,999.0,0.0007596,тейк,0,0.5935000000000005,7.1,0,4.300947867298577,0.5551379673512372
COW,1786799171,1,1400000.0,50400.0,28.1,0.0,14,0,4.001111111111111,49,15.625,4,44.943820224719104,0.7042253521126751,-0.6944444444444531,-0.7570977917981114,-2.115743621655264,-1.0691823899371067,3.6914963744232088,20.53639846743294,53.76344086021505,54.36702649656524,58.24949698189135,53.76344086021505,49.52471482889733,47.28464419475653,31.287726358148895,0.5965612924093323,0.11590299721504181,10.583210255645081,15.801886792452802,0.6677740863787369,0.8,40,-4.608853850818672,31.604150039904223,-4.608853850818672,59.210526315789465,0.8850226928895614,3.960213796836176,2.360827259786433,71.20420019068943,97.7812863546128,0.6820060836425431,0.3333333333333292,0.33333333333333537,-0.9439899307740696,174.1354850945,5.479855082213448,0.504808707917752,6.249267820664146,0.499260776435555,5.825796066728514,0.5015178589980548,0.5020966648253907,243.1474023847609,0.9184590011649676,0.5059951018951524,8.8461766395615,0.05080053979096132,3.4001856695477395,-0.03256524508035974,0.017805091506311266,20.049649433855343,0.016132666847392674,0.11628559232830415,299.11669467924,-0.29362498867204534,0.04253009948457542,731.660694379592,-0.562263789306667,-0.13217901039915703,0.98360058,0.90187978,0.998993,1.0156490554326432,1.0139138181818184,1.073345,14.56519725956748,-11.929957454545457,-6.339617042553192,-6.089785285714286,-0.4785335,-1.8891339999999999,0.09000000000000001,4.0,173.0,0.05667287369570673,0.19123011993609218,0.5147832743278125,13,5,999.0,0.1573,тейк,0,0.5930000000000005,0.4,0,0.9791862682771768,2.2662649743165924
ACE,1786808516,2,155700.0,1600.0,99.7,0.0,19,3,28.095,338,2.9884836852207295,0,,0.051095719314186994,1.1246915705514393,-1.277239370343397,-1.8818551305606612,-1.464914733016498,3.945971452164687,-15.590573809751895,-9.08481221626084,-10.155493244965585,-36.29857220314477,52.09286269094675,63.47866419294989,29.485672299779566,-24.53280318091452,0.10554900734926306,0.09492461728461637,15.006310750226337,19.45271243398944,1.2634861241035236,0.4666666666666667,188,12.772765086068993,36.8912779164267,-53.486592060810814,12.772765086068993,0.08966353712771216,-28.61896868603937,6.5005979452291935,43.124864569329915,41.15813355318192,0.3860024603328427,0.3298647242455779,0.23517169614984498,-2.3115633467898022,1363.4832020998283,0.30817242710728965,0.4917379614937641,0.3650006154193293,0.497981153919155,0.6171720025861595,0.4905119951524317,0.5008213876763986,10.27128502214532,0.8815061044622905,0.5639370212665167,13.607670015484,0.009980078958455482,-0.4324395048808105,0.020860546151836967,0.0019216794195713316,-1.3342930529812946,-0.0023150692307691845,-0.00910105903581826,-8.020624279355681,-0.013298619141907886,-0.07670200965299545,-45.824812529405136,1.0474833528269296,0.039580815325481966,1.29699041,1.37239253,1.031286,0.7951377219512362,0.9978993636363637,1.086217,0.5144534368798399,-2.5437233636363636,-2.605045173913043,-2.103481817427386,-0.39302800000000004,-2.4415459999999998,-0.34491499999999997,4.0,18.0,0.057295948652691386,0.051420491065701235,0.35243048093867024,15,5,999.0,0.17623,тейк,0,0.4583599000000016,0.35,0,15.512404244453283,-1.235352606361006
PIXEL,1786864559,1,309400.0,77200.0,4.0,0.91,15,3,4.578888888888889,56,13.336206896551724,524,5.794007490636704,0.9960868018498603,5.167623634006291,7.721494972490994,9.762226947612618,10.359572400388718,10.017438480914564,12.124802527646139,14.475806451612904,16.92751235584844,22.397068333692616,26.825999553272272,30.648872526461112,24.082167832167833,9.161457210605729,0.47397184697739253,0.16736042019203518,1.509246337990433,10.408560311284054,0.864763666517829,0.8,1,-0.38596491228071184,13.659022931206376,-0.38596491228071184,26.29003558718861,0.9817275747508303,12.837400830009592,1.0990505612043746,79.39007725252486,84.42578684725764,1.527490258245471,0.10361445783132453,0.055421686746987005,6.618623174663396,12.875083078564,14.731472194491378,0.5023231431211126,5.220263561567037,0.49333272522339183,2.317524617936987,0.48197853229091936,0.490801384640214,1.958261318434597,1.13446079176167,0.6751307106315722,3.38762810637157,0.26311504832242244,8.637797538912872,-0.04891598551405685,-0.027537078344094135,16.990070715172088,-0.06132169999949699,-0.03165626896018303,18.981979517975912,-0.06103771315146478,-0.02070080422460474,55.41175915509857,-0.2434998178246467,0.06747452291551803,1.88475836,2.02825429,1.463546,0.7765165185419313,0.8532803636363636,0.975767,1.5655495810916928,-0.13627928571428571,-0.09737788235294116,-0.07177357692307693,0.00125,0.030000000000000002,0.012083000000000002,4.0,44.0,0.014282064424797625,-0.1004937508420789,-0.12249930272065779,7,6,999.0,0.005678,тейк,0,0.5930000000000005,0.4666666666666667,0,10.559880239520968,1.4978480912997534
ACE,1786934747,1,163500.0,6700.0,24.5,0.0,9,1,12.988333333333333,157,1.0,514,1.0500963391136802,-0.4211634640694961,4.466689678978253,6.338721011946591,6.480895081275095,10.331753554502377,12.74867744579391,10.203189862355266,12.790697674418606,9.795385285154556,15.20365435858395,-23.187817258883246,18.477920450986552,27.49178532311063,4.537495241720579,0.6078003122991273,0.13586062860823706,3.179988074505924,10.720035123664573,1.0614997315536454,0.5333333333333333,2,-1.098039215686264,16.77606472294306,-2.9999999999999916,15.741165672326773,0.8147268408551074,7.489863793325169,1.3620344215117703,77.45584709901937,51.847217618727946,1.2892004628096765,0.09386281588447516,0.032490974729241784,6.803486083778476,184.0040609519667,2.350352539689597,0.5236144837701032,1.1315889582033014,0.5192850191523529,0.6622991584504693,0.5016174930424041,0.4978705173882758,0.5966020977161602,0.8980591832680221,0.5520499843167488,12.0723717622968,0.06560926807723134,4.548952680050822,0.0005098426055571981,-0.018937502680560492,9.19240331220812,0.04592348248072686,-0.0409269335375394,10.207509209614397,0.0692809338629885,0.011168040221625875,20.402702858586185,0.2719765952573745,0.04846010419333191,1.59240069,1.67776665,1.212347,0.76133287784496,1.0869193636363634,1.073345,1.0004233330279453,-1.210221,-1.0598376595744683,-1.3514040592334495,-0.09404625,-3.8084949999999993,-5.746957,4.0,74.0,0.07010447624200555,0.745766924336766,0.16743228259148424,2,0,999.0,0.15132,стоп,1,-2.124869799999998,7.45,1,20.548433782712117,-2.6253697999999974
COMP,1786998378,1,361900.0,91600.0,3.9,-0.14,10,0,4.0008333333333335,44,4.977991746905089,24,24.78767123287671,0.27578599007169746,0.77605321507761,0.4975124378109541,1.1123470522803158,1.791713325867872,1.8487394957983128,8.537313432835813,10.04842615012107,12.083847102342782,12.29153798641136,12.430426716140985,13.20049813200499,9.981851179673317,3.458925262507706,0.9010814100122706,0.15682624466686926,2.831446229252288,3.7059175134489086,0.42758620689655374,0.6,19,-0.8183306055646433,9.62918660287082,-0.8183306055646433,13.696060037523438,0.9358974358974365,4.553373525694648,0.4442099712084304,79.68106118757336,92.0875720994677,0.877354870738291,0.7352941176470591,0.1176470588235374,0.2773155851358622,11.352550695940003,4.952627343924361,0.541167725605391,5.114351965723813,0.5706171632094951,4.608991108409891,0.5438253091750835,0.5343547823027541,8.220847597128722,1.027332573887996,0.5225495722160061,4.661030241840001,0.4105711893897922,-0.5533754302671889,0.008887247506144558,0.0063955676805491635,4.696318931756083,-0.0006661223436500441,-0.010855095870659914,21.43847186845975,-0.15503251840077226,-0.1624531414288919,30.000721170778654,-0.3036699482485803,-0.12471775314192801,1.12891986,1.30242826,0.884983,0.7839201269787209,1.3253164545454545,1.145832,2.511149676900008,-0.06519024999999999,-0.07258951612903226,-0.06289693442622951,0.00125,0.028981,0.09000000000000001,8.0,213.0,-0.022239813621027782,0.3753645908151304,1.8694210135155487,20,0,999.0,18.18,тейк,0,0.5933664000000005,16.8,0,2.7673843784378427,0.05910370066006681
HEI,1787063767,1,24000.0,6500.0,3.7,0.0,6,3,6.326944444444444,77,1.0,673,2.696629213483146,0.4791431792559253,1.386420191965887,2.427812095963211,2.0247549545682197,3.213665315576142,10.064834825563441,8.16140776699028,7.436148572289625,10.073330760324195,7.5252601417584275,6.505340204645593,5.802047781569963,-6.4979345616680835,-0.5881465842255906,0.7169061609156571,0.13728808917718865,3.0669872316215763,7.316136956855535,0.883099977862791,0.6,25,-0.8413879424240212,11.809982895350624,-0.8413879424240212,13.048993182178537,0.9315223542727793,6.541171944868807,1.0571649418519298,71.6680778924165,66.57997282820861,1.0586145749674527,0.3730337078651728,0.40898876404494033,-0.6876506451155562,15.400879718003,2.950840130986805,0.5644631391983742,4.221133246871797,0.48701755818710163,2.0297691531094855,0.4832220512593372,0.48921232766519884,0.4356734940695376,1.2478632206339748,0.5285297990740188,5.02853924678423,0.32650987079043753,2.0225257400900976,-0.0010484680174394079,-0.012873996836899049,3.171167994155377,0.0023968691777631612,0.004555482908001229,9.766165385737157,-0.019897546032900726,0.0028104886475475155,9.008904722294918,-0.0036865580005316367,-0.07420434025027722,0.76564801,1.01810109,1.461137,1.9083664829220934,1.025578,1.377396,1.1966275506092832,-0.0759032,-0.06642642857142857,-0.062462102702702686,0.0010775,0.025998,-1.2054520000000002,4.0,83.0,1.4359237005483916,1.2864669168606513,2.1514675958977048,14,1,999.0,0.1426,тейк,0,0.5934949000000005,2.783333333333333,0,5.748295932678826,0.8247538591865357
EDEN,1787065290,2,17300.0,1500.0,11.8,0.0,8,5,9.3275,113,0.7424892703862661,32,0.2551622418879056,0.0,0.9531071292413262,1.1845624761176898,1.9049451606696133,0.3030303030302939,-0.9908394092353778,-7.767328456983624,-0.09432182607055362,6.17481956696071,10.310352009997924,14.236410698878355,13.696865607556873,25.023607176581674,19.600083315975848,0.49246221784970584,0.09024789624590183,4.390862867497969,8.73263888888889,1.1832518759873623,0.5333333333333333,43,3.255995320725291,14.096315071163978,-10.736558233608628,14.28571428571428,0.5096227867590454,-0.3782246990900462,1.9752171782418182,49.029254639690706,54.84643893579255,0.36653110000549755,0.0107526881720463,0.01075268817203884,1.7463058913836038,83.4563491965,0.471395541218449,0.5471703922162495,0.6988468206098569,0.4718728314541264,1.632814294684662,0.48262615641487994,0.49131422578223205,1.4103929255454366,1.0711107133977624,0.5497387881600048,5.389073753129139,0.06457356216769601,0.44975829916837906,0.0001406577981424295,-0.004425390375598748,0.6947440370841829,-0.007617918732807039,0.0033950526284753924,-6.786119625462261,0.07137346740759765,0.024334303775846555,44.42871823318062,0.47751586904640364,-0.20868163015702124,1.17763322,1.26324643,1.361286,1.1559507467019317,0.9696420909090908,1.0853225000000002,0.8736748629911284,-0.28595454545454546,-0.4459194893617022,-0.3214548287937743,-0.05278674999999999,-0.645671,-0.045422,4.0,58.0,0.7728919182083738,0.7977036606479304,1.2711419924630096,15,1,999.0,0.05296,тейк,0,0.5684574000000006,11.066666666666666,0,16.982590634441074,-0.3565831407854974
ALPINE,1787081142,1,174700.0,16600.0,10.5,0.0,8,2,4.001666666666667,49,1.3712715855572999,0,,-0.10118897040223285,-0.4788306451612989,-1.1761761761761802,0.2284263959390742,2.0941054808686577,4.16776576101292,7.485029940119747,27.304964539007102,27.675396055609426,25.684277530235523,23.2521847690387,22.48759305210917,23.060143346837016,16.93189051559516,0.06442990298024705,0.0586295565006625,14.030543095315817,22.506542599592905,2.651256150890558,0.5333333333333333,150,-8.013044491031918,25.93135816955119,-8.013044491031918,28.506345590628037,0.7180327868852455,0.6027430667468137,2.351940253703446,61.738550106299044,74.90930028400894,0.6302371476258346,0.32,0.4479999999999991,0.7312153303076219,52.42913950311,2.3296228909062084,0.5161272169891326,2.0948000822047663,0.5300040559630895,5.545675177167707,0.5076072485132599,0.5068033656872023,91.58936113579323,1.0394141081903334,0.4923465470513926,2.97838181568,0.056807756982227946,-0.924207580928571,0.0011684689564235295,0.0038623616493491664,1.0191946724385836,-0.004433572461078339,-0.008971379509416288,35.2513986445377,-0.3950346808405505,-0.43120338545826675,134.2741430970482,-0.6528390005480337,-0.7373812058655276,1.34074457,1.36281588,1.007667,0.7515726877044149,1.1176723636363637,0.9933595,4.709586858910245,-0.094332,-0.1257774736842105,-0.07081690410958903,0.00125,0.030000000000000002,0.10524599999999998,4.0,34.0,-0.017927711141307867,-0.022254126672349717,0.6121392056809505,19,1,999.0,0.3949,тейк,0,0.5878527999999994,1.8333333333333333,0,2.401159787287921,1.5368599461129395
EDEN,1787152003,1,10500.0,8.8,1192.4,0.0,8,4,9.846388888888889,119,1.0,262,0.6069364161849711,0.6468734450157498,2.917232021709637,1.3021702838063476,0.6468734450157498,6.512199403194652,6.981664315937941,8.843049327354247,12.12121212121211,15.867863280504091,15.011372251705835,19.120533961523357,30.88869715271787,37.28506787330315,5.667172100075812,0.7295789358081926,0.10957586310582397,6.059374284655483,7.448690728945495,0.8555265771393785,0.6,28,-2.097450790577615,13.78740591151093,-2.097450790577615,23.45879959308239,0.8986749805144192,11.96086030849608,1.3925721948569532,72.52001712454958,73.21530544148598,1.1324091122496869,0.3543689320388358,0.22330097087378747,-1.4439834024896236,34.54457071189999,3.222402660411508,0.49652785257527343,3.9201430245173183,0.49083893220928443,1.7865505895634146,0.48831382530360073,0.48324230894956294,0.4843973871002346,1.2883778118404117,0.4907176186333319,4.87651126274872,0.14116577981004835,-0.9786520735924453,-0.013991990117920516,0.009920042181850386,5.4265035871144285,-0.05154264411273379,-0.006667977290967797,3.498590329129292,0.010504292186032327,-0.03713271127874085,-9.36354299046096,0.16378753036048987,0.034643517166162985,1.38625904,1.38066158,1.409708,1.0169152801340793,0.9937658181818183,0.9335925,0.395631665008029,-0.3641666363636364,-0.20610673913043473,-0.2532833345195729,-0.014521,-0.579002,-0.6892029999999999,4.0,53.0,1.4026508022731754,2.2844006649706206,1.873736155687089,15,2,999.0,0.06068,тейк,0,0.5930000000000016,0.18333333333333332,0,2.0794330916282133,0.7823931736980879
TREE,1787169721,2,20300.0,1600.0,12.3,0.0,9,2,5.583333333333333,68,1.0,0,,0.04796163069544779,0.28846153846153744,-0.548271752085816,0.5301204819277094,-2.0657276995305174,-8.788806296458251,-3.804473138113895,19.91951710261568,25.0224752771951,27.001522070015227,23.871733966745843,21.103047895500726,22.202694786174582,32.024353120243546,0.1348413015250065,0.03347728807616922,6.3672332533252,9.314249092074334,2.3924943969641874,0.6666666666666666,149,1.3851761846901622,16.524908869987854,-12.992700729927009,27.936215884697944,0.5938722294654498,-1.180925755756923,2.1674218613120315,52.079365541642794,64.3363580246574,0.33634181983246747,0.10526315789473299,0.4342105263157873,-0.8339289969025554,62.57176110249,1.0091033054674137,0.5017435843702887,1.3449517888620057,0.5311693334685408,3.413186720863785,0.52125214374303,0.5151060603812442,35.94398311863351,0.9925175835372357,0.5107610094039918,4.83061782954,0.07720124452990294,-0.7556705757080562,0.012668393728058946,0.004223803737776866,-5.582468708981436,0.06504870160998943,-0.02402097251317714,-4.232115535438741,0.006573115807849916,-0.20672995526624283,222.63961304055232,-0.6368127552707524,-0.44815176726535355,1.20249755,1.08968954,1.232276,1.0247638342381653,1.1981454545454544,1.0765120000000001,1.1124051561938098,-0.07491766666666666,-0.12239064285714286,-0.07004880327868852,0.00071475,0.027859000000000002,0.05391300000000001,4.0,237.0,0.0634867694450314,-0.1745381524932088,5.856418398723617,20,2,999.0,0.04172,тейк,0,0.5930000000000005,1.65,0,1.804314477468827,0.5774461245445826
PORTAL,1787226148,1,68900.0,10300.0,6.7,0.0,11,3,7.0183333333333335,85,1.0,6,0.9298245614035088,0.08703220191470518,-0.17361111111111605,2.9543419874664245,2.7703306523681803,2.4042742653606286,6.679035250463827,7.778819119025293,7.9812206572769995,10.789980732177252,2.0408163265306145,-17.915774446823697,-31.0964649490713,8.184383819379114,-5.32386867790594,0.7880776177518223,0.13901407022836243,3.2582067617234145,5.855018587360594,0.7153890526855532,0.5333333333333333,43,-1.2027491408934665,10.018903591682404,-1.2027491408934665,12.966601178781922,0.9041095890410962,6.617383985424485,0.9039839511441109,74.44744560120013,55.29086882436552,1.2656979540154676,0.7619047619047552,0.09523809523809956,-0.2673796791443861,22.623148573733,1.6501745693856746,0.5335053728238053,2.1856305577076904,0.4952655051012587,1.1107578539491305,0.5063314320289948,0.4761312821901607,0.3968550770890363,1.5229785123558317,0.5185500642797833,3.969108768768,0.17544457862847626,1.0499000120807622,0.05371427272388063,0.008446512840285303,-1.316162973614099,-0.01807477706204552,0.0304263146505086,5.781099724135741,-0.01951224665951412,0.00324632701517813,36.498236406202466,-0.13993281514226907,0.06760736012914603,0.85286432,1.17215391,1.857024,2.1773967516896473,1.0374658181818182,1.3244975,0.7431847476690174,-1.0595308181818182,-0.8828315531914894,-0.46056345421245415,-0.0868525,-0.8584129999999999,-0.24306599999999998,4.0,17.0,-0.20828560121638473,3.167379891788835,11.465862208021838,11,3,999.0,0.0115,тейк,0,0.4962855000000016,41.46666666666667,1,20.695652173913047,-1.339437856521739
ROBO,1787228491,1,5000.0,7.3,689.6,0.0,10,7,5.574722222222222,68,1.0,0,,0.6433166547533897,-0.2126151665485354,2.6239067055393583,5.785123966942152,6.99088145896658,6.99088145896658,7.7276205049732205,8.224442736356652,7.645259938837934,6.99088145896658,4.761904761904767,0.3563791874554578,8.05832693783577,-0.6838905775075954,0.5643583535809054,0.1970133737421079,4.022480131050887,6.996197718631181,0.9053495463614806,0.6666666666666666,6,-0.4243281471004168,9.273570324574965,-0.4243281471004168,10.778914240755299,0.9580419580419585,6.800180068909634,0.6338819474424339,86.69265337516575,79.87244221835142,1.5068517168232587,0.12499999999999806,0.08928571428571379,3.2568467801628476,11.063412379470002,8.660056125572154,0.5431159859668692,6.658218340140084,0.5275570739380653,2.196942503915268,0.5082982406826196,0.4692118732275513,0.25780731859365436,1.1385430137013965,0.5315732941101923,7.450282643939491,0.6734163374190704,1.7757627130958076,-0.009275382810740807,-0.013174463696059902,16.599462305580893,0.11695431184536553,-0.11272863554717216,20.54439934411514,0.14325246662726188,-0.10342109931900989,20.500721837889913,0.0623768165420131,-0.028928013769300986,0.67041357,1.05060554,2.365107,3.527832827130871,1.1396429999999997,1.0841315,2.6585673210651968,-0.0224005,-0.0224005,-0.06782054166666666,0.00125,0.027797,0.06065400000000001,4.0,218.0,-0.269440650103725,0.6762718497809628,11.3098016833727,12,3,174.15069444444444,0.01408,тейк,0,0.5935000000000005,4.983333333333333,1,20.137286931818178,-2.5205270999999994
HEI,1787239293,1,115700.0,1600.0,71.6,0.04,6,1,6.995277777777778,85,1.485237483953787,772,7.7912457912457915,1.2516469038208244,2.4894420982440657,2.0433756270286096,3.8279666741724894,6.187149765870892,6.612716763005788,8.366627497062273,10.117815634453109,13.079375459821808,0.23913043478260843,0.6622034638335217,3.594697820714443,11.935588282893672,-7.499999999999996,0.8021323612413859,0.1667135965092472,2.5450931792522002,6.783977772632577,0.8018800047465765,0.5333333333333333,1,-0.021682567215963733,10.036583426117396,-1.6354974045367232,14.691982422684703,0.8851148851148853,7.1786935720441925,0.7939961680220502,78.63666437302916,64.57265182538815,1.4884944832924671,0.41176470588235026,0.25816993464051974,-0.7451125046108564,17.470433665326,1.884357062487933,0.475079099177723,1.8311243797669667,0.4801822061405169,1.153860356021325,0.47587281760011985,0.4746880632758037,0.5997967009961146,1.0391622699448069,0.5441720823306923,4.835865879621321,0.27680285288047446,-0.5610042065402276,-0.004462759580316056,0.003937494034352618,5.23467922434957,-0.010721913682026907,0.021803492743718067,5.807724189917773,0.03217128757563792,0.07457879477649776,-0.9215665942568729,-0.21918863484335027,0.07087042486370798,0.81532044,1.12679598,1.50406,1.8447470788295213,1.152213090909091,1.0284785,0.6941535513511277,-0.1833773,-0.45293249999999996,-0.34168827573529414,-0.051399499999999994,-0.619363,0.065604,4.0,38.0,0.5868505362863985,0.3437834803283524,8.391035272608827,15,3,999.0,0.13833,тейк,0,0.5853114999999994,37.833333333333336,0,7.97164028048869,0.5580370796211955
ONT,1787273142,2,752800.0,51400.0,14.6,0.16,14,0,4.0008333333333335,49,4.638324091189156,287,8.094623655913978,0.9119130772215822,0.5412719891745743,-0.019223375624755068,4.922332055678824,4.626835646751171,4.124124124124129,-12.95397489539748,18.798538145271813,26.946546253356107,29.474732387353765,36.90444853908923,40.910322405852085,45.11718750000002,48.74284291760021,0.3633510103493431,0.10591408136257784,8.068609133420424,15.037465940054506,1.1808076021439375,0.7333333333333333,46,7.72576636288318,25.393537696768842,-14.089857945160222,30.155155155155143,0.5855199222546162,0.3245490081718705,2.440282152943468,59.860686921525534,65.67045530933034,0.5619340137861736,0.6652542372881332,0.22881355932203623,-0.48271867155821324,45.75041690202,4.432047928798989,0.4944091670577695,3.480449450255074,0.5084816874370366,4.06788762006505,0.49467058303915934,0.49789022217898654,12.036372240558467,0.9909763735798942,0.609025963981549,4.2699446959648,0.09333127401023249,-1.735051096448903,0.0032793741824408418,0.03803551075000411,9.293662719837826,-0.017663091336176162,0.013091323777988606,3.6480011389826483,0.2466319156513359,-0.11909373927764566,130.35625112475077,0.07434196104297364,-0.22777832116353525,1.44658887,1.41853729,1.050057,0.7258848880815736,1.1299016363636363,0.8698385,-0.2816124910261155,-1.001907,-2.3208847021276604,-1.4394652604166667,-0.285776,-1.123291,-0.557357,4.0,194.0,0.8018708495315385,1.2841824199001595,5.9290873559681545,0,4,999.0,0.05201,тейк,0,0.4495715000000005,7.25,0,6.324533743510852,0.4118818117092864
SANTOS,1787282143,2,95200.0,12900.0,7.4,-0.08,12,5,5.578055555555555,68,1.037037037037037,0,,0.019642506383821257,-0.07849293563580995,0.23622047244094002,-0.7600857532644723,-1.183776440908213,-3.230710756366406,-17.658473479948245,-4.929051530993278,1.1119936457505863,4.859967051070835,6.061237242241191,11.495511276549152,7.562315166877909,27.347611202635914,0.8729997993585714,0.2932054962064392,4.018357184792909,9.594095940959402,0.5392543580608217,0.7333333333333333,28,1.232604373757451,23.499005964214703,-30.43715846994536,4.881565396498444,0.09614604462474645,-18.937999069454246,2.166175502308012,36.32945161934481,47.7221818984976,0.2533066771291915,0.2830188679245346,0.5471698113207488,0.17709563164107767,32.0469240705,0.3165644032058181,0.5476345507243312,0.3313341400653911,0.49312010979192794,1.121507889778554,0.5391139886064761,0.5148817144871951,40.035205517203764,0.49615600941623966,0.6358176735971535,1.7014320039900002,0.05309189737670366,0.9772330718302635,-0.030083942105263106,0.001321715888373598,-2.7068270471874767,-0.10613995739105331,-0.023103712471305715,-44.23010675777438,-0.10386097833968044,-0.042373214186143926,22.616376295003104,-0.5143821646556326,-0.44956187472635456,1.84284051,2.38671412,1.975043,1.0717384327523818,1.216041909090909,1.6060370000000002,2.504752565843195,-0.09624914285714287,-0.0979682222222222,-0.056157425,0.00125,0.030000000000000002,0.025843000000000005,4.0,44.0,-0.5746158984636041,2.081830177964439,7.889796267489335,3,4,999.0,0.5092,тейк,0,0.5845524000000005,25.933333333333334,0,17.673917910447766,-0.5832434520816981
ONG,1787286688,1,211400.0,2.0,105129.0,0.0,13,2,5.266944444444444,64,1.0,0,,1.411601357605674,1.7727202353305493,-4.2670938615014915,-4.84909893609321,-11.96598366144368,-3.002803600413151,16.32454432843746,39.09225560727887,70.62946138870865,113.32143436638003,123.13306177868296,125.04279356384802,214.89820359281438,83.38471523608632,0.41152889156134065,0.05800150482532331,16.592091121095255,27.428571428571445,1.5778120184899864,0.5333333333333333,82,-18.087227414330222,48.831602373887236,-18.087227414330222,122.52877454299255,0.7137645434825478,19.887016072332475,4.557787315643095,54.016499948402654,66.30186019930709,0.5509146392862052,0.1230561189993231,0.1534820824881673,-7.670800774249065,684.72081196422,2.354176098689275,0.4855067512344231,2.4731224010719393,0.4955876586756374,2.8036963749669934,0.5022468668087496,0.5032658934031011,27.801347746691285,0.9488139936959546,0.513564995435321,14.62650949032,0.02136127489445188,1.5854662859280833,0.02300586934714155,0.009295728327585628,-13.70957910310322,0.051082169716621495,0.031300113729233026,22.283219649335884,-0.2535211767175748,-0.051199947842070825,208.4336206920002,-0.10227360706834676,0.29310843967484135,0.77027141,0.72787155,0.902269,1.1713650387205725,0.9818524545454544,1.037749,1.3650132708769316,-8.001092727272727,-11.886562787234041,-13.233312440476189,-1.29899,-8.808938,-1.116699,1.0,28.0,0.2806736166800272,1.4728371859501044,7.824418125138788,4,4,999.0,0.13147,тейк,0,0.5930000000000005,0.15,0,5.332014908344096,3.754971603590173
BICO,1787323266,1,21000.0,1600.0,13.5,0.0,12,4,9.915277777777778,120,1.627906976744186,0,,0.35282258064517347,0.4540867810292726,0.9634888438133871,2.050230650948248,3.5361414456578366,3.267634854771795,8.619749045280978,8.442265795206971,4.077365394668053,3.806047966631909,16.364699006428985,-0.2005012531328232,-21.552403467297076,-4.43169968717414,0.8777025298685489,0.17810868743471217,1.614198027572078,3.373118837571365,0.39132448286508226,0.8,2,-0.15045135406217547,8.961748633879774,-1.5818091942659485,10.182623132263435,0.8518518518518516,5.005671074382989,1.053797146060126,73.1739178033282,65.31649986716218,1.1029694128660779,0.21875000000000136,0.25,0.8713480266530071,19.43891188076,1.343870271649107,0.5517092225565083,0.9363293613123981,0.5125977500041363,0.9249224587079643,0.5089252951730968,0.49038989594037413,0.6100012986236011,1.0196681587475567,0.4929636995398946,5.42337372613491,0.2789957462332441,0.37163798740402765,-0.00256305450779426,-0.007153131615671771,1.886617984264194,0.002613999479181617,-0.001395774236295777,7.513443219551386,-0.03735540178152674,-0.03079721754623521,-4.115367336733744,-0.06104765304159854,-0.15284657995558693,0.53324577,0.70342992,1.527482,2.8644990470341662,1.1584160000000001,1.4693865000000002,0.8716545203441558,-0.1207975,-0.3138495909090909,-0.2956570766423358,-0.0399705,-0.5199020000000001,-2.162615,8.0,78.0,-0.04721355703565244,-1.0951903010265052,7.90086463401829,14,4,999.0,0.01991,тейк,0,0.5735492000000005,14.483333333333333,0,13.1750376695128,0.13380977172275232
KAITO,1787358959,1,24300.0,4600.0,5.3,-0.0,10,4,16.070833333333333,194,1.2272727272727273,150,0.3875598086124402,0.09891196834816984,1.377410468319562,1.8877422602567417,3.1863369869997493,3.054989816700604,4.952035260565202,8.934337997847152,9.287257019438444,13.58024691358024,16.255025847214235,15.78947368421051,18.98883009994121,1.2506253126563394,6.7202757036185945,0.8091736501093747,0.19162737039027047,3.3857400590661335,6.630727762803246,0.7470619946091656,0.6666666666666666,1,-0.09871668311944859,10.168569874932022,-0.09871668311944859,21.052631578947366,0.9943502824858755,11.163756192789664,0.6996132653623013,74.83497254237935,76.63194019347392,1.078966246619985,0.04629629629629644,0.1388888888888893,2.24833929483903,43.95841320343,2.824807783398126,0.5295700795329639,1.6163781687491812,0.5279617767921904,1.4393434052442788,0.4955112321980042,0.4742670247454079,1.1154825391520358,0.8787351315305998,0.5983892168497723,18.526453825879997,0.4214541080030253,1.2396692045479885,0.004869948830894977,0.008848405693678618,3.4571170251910477,0.03013259930014378,0.018562206416538718,8.193413403905625,0.01184686745964858,0.036364747092745286,18.570489112501008,0.06591816258915317,0.11094636537967295,0.71328358,0.94306152,1.79824,2.521073035215531,1.1190617272727272,0.9799910000000001,0.917070006292569,,-0.05088281249999999,-0.1626527294117647,0.00125,-0.297066,-0.6652109999999999,4.0,204.0,-0.6188778803783546,0.5705115625742163,5.704903350996338,0,5,999.0,0.4048,тейк,0,0.5930000000000005,1.6166666666666667,0,2.212522233201586,1.515163199209485
NIL,1787366520,1,23200.0,5100.0,4.6,0.0,12,7,19.500833333333333,235,5.155555555555556,287,0.7864406779661017,0.2012072434607548,0.06027727546713546,0.7893139040680008,2.111954070125077,2.091020910209096,5.107640354579979,8.026030368763548,7.235142118863047,9.885260370697257,17.12135465663216,20.90313182811363,14.430147058823506,14.325068870523406,8.41956726246471,0.8952713555632859,0.1816591419089606,1.8585238303338691,4.08472012102874,0.5016036308623304,0.6,1,-0.26036451031444807,8.590691605045686,-0.26036451031444807,18.826055833929843,0.9837905236907725,9.316360725751194,0.7859450052721589,74.76354666850428,77.71991108498148,1.046560123745417,0.07017543859649432,0.2894736842105231,1.4971287940935163,11.260894218664,0.96737866536752,0.43949276453087105,0.9713764714384964,0.47410195164001656,0.9249763373237482,0.48572532877782304,0.49359405839045717,0.6417838635232462,1.0065153631397137,0.5114116675833414,3.8706007756734,0.343720551895266,0.39504396857725776,0.015642850764080896,0.007804834053804388,1.5672206082628648,-0.0043540267965379575,0.05239891990486578,7.236668974560234,0.029208072920153372,0.09706207113390586,6.4346529790698215,0.09943312032781781,0.052237725186499606,0.52736669,0.82047619,1.765536,3.3478337435381063,1.4277840909090909,0.6262375,0.901649837100614,,,-0.046450333333333337,0.00125,0.030000000000000002,0.015779,4.0,77.0,0.47005122353078743,-0.16257738670865107,4.552605138893151,2,5,999.0,0.0498,тейк,0,0.5935000000000005,2.466666666666667,0,3.615341365461844,1.4317429718875492
GAS,1787375475,2,671500.0,684.9,980.4,-0.0,10,1,4.924722222222222,60,1.057147355163728,0,,-1.4159292035398008,-11.797307996832917,-11.517077045274016,-12.695924764890275,-10.808646917534027,-14.175654853620944,-14.636015325670481,-6.465155331654071,-5.191489361702118,-2.28070175438595,12.52525252525254,18.89007470651014,19.017094017094017,14.473684210526327,0.6980798983668679,0.25822773995266074,1.7474630523264008,12.95133437990581,0.8969487958849665,0.6,1,4.502814258911814,26.923076923076916,-18.328445747800583,4.502814258911814,0.16107382550335583,-10.533936521665732,1.2535922970281086,24.408577155680078,40.36310766137562,-1.3572358439570542,0.1428571428571474,0.23809523809524213,-1.021209740769824,17.7235961842,3.6868138473529237,0.37330819566910756,1.5234599279840657,0.42253318438719095,1.450275212708488,0.4705847625680706,0.48606159144946964,5.127900160028208,0.9416906190780485,0.5759101067427053,1.8653745081930901,0.10524808220670305,-4.4912043244285655,0.009865687773199294,-0.0012376269054331646,-6.074106484667152,0.01315139008909405,-0.03650219798796106,-20.7075041913492,-0.0013573916267302089,0.0765510029782761,-12.399113586070499,-0.07895856009399282,0.16474062052053595,1.61295681,1.90304709,1.179831,0.7314709189268372,1.0058754545454545,0.7756265,1.4148320926550124,-0.089519,-0.2847382857142857,-0.23313316666666667,-0.03816675,-0.348027,-0.21146100000000004,4.0,168.0,0.07436698769054395,0.682352518428786,4.6179305856890895,5,5,999.0,1.114,время,0,-0.9607604502692996,48.0,0,13.632482944344693,-0.9607604502692996
MET,1787396469,2,39600.0,50.4,786.9,0.0,23,7,5.586666666666667,68,1.0,0,,-0.18091361374942272,-0.045289855072461194,-0.4510599909787971,-0.045289855072461194,-2.3883237505528454,-5.360205831903942,-6.916912695065369,-8.688456764584195,0.9606587374199504,1.6114180478821405,4.746084480303758,28.164924506387923,34.90220048899757,9.162062615101284,0.9290629788784148,0.12687322285467165,2.7341345604321,6.709401709401719,0.9381322272498763,0.6,43,2.1759259259259256,14.722222222222214,-10.93623890234059,10.349999999999993,0.43305439330543943,-2.461004593427396,1.206860928041666,39.468048414240215,47.4488185605496,0.12996169703874313,0.058823529411758946,0.5294117647058795,-0.31488978857400207,20.7792167583,0.25182455597176717,0.562466150166565,1.0255113528804332,0.4406793537263886,1.4064120388718109,0.46406183559966707,0.49250084463901866,2.27968708578994,0.8959780383917029,0.5697378815614476,3.70701067569183,0.17839992328926985,0.16548654428352183,0.0017162717381065118,-0.0007274205728090566,-2.984917546164234,-0.0002009386281712766,0.007170265079391225,-14.119186865474065,0.08650985431261571,0.11720428317830334,-9.963952362145944,-0.06522032732180238,0.047943291734566795,1.15877771,1.32198444,1.946562,1.6798407349413027,1.2832388181818184,1.320389,2.0412556132950628,-0.11175062500000002,-0.059604333333333336,-0.04275104255319149,0.00125,0.030000000000000002,0.014474,4.0,58.0,-0.09318926636165958,-0.6465177873061112,-1.0637080946438116,11,5,999.0,0.2207,время,0,-0.4619999607612132,48.0,0,13.914254644313552,-0.4619999607612132
MOVE,1787400661,2,103600.0,16000.0,6.5,-0.08,23,4,4.0072222222222225,49,1.0,111,23.022222222222222,-0.33988832240835487,0.47729776037206406,-3.525264394829608,-7.1477041393349765,-6.672729339547567,-3.0124040165386834,-10.983411037623336,-4.601440855217298,12.21979223619465,19.3834520866657,31.845190300305127,38.16896667788623,27.10945966867937,34.11371237458194,0.24045893436589585,0.1447567072124537,6.28438245565297,7.390116146663628,0.6430648909610868,0.5333333333333333,5,1.0710328696294402,14.895974393696898,-13.751444479462126,19.41818181818182,0.5049167927382755,-3.939217276178908,2.1049640502381286,41.06259378028591,54.55008367693763,-0.1992217169179693,0.07305936073059524,0.08904109589041269,-4.151114127361155,55.388852291754,3.405864990200505,0.49443541699967336,2.221341552691266,0.4874298719090895,2.24087854124593,0.49096594188228604,0.49655396818156455,9.294314617796658,1.4028902560533953,0.5825605107005795,2.93483669642493,0.052986053600931046,-6.010959430108498,0.0029932890983253024,-0.0037318138215391983,-9.783717229176304,-0.0072311263667703685,0.004223596386186523,-20.77916021035375,-0.04302655325544902,-0.07089130367782204,34.69173265949288,-0.23621533789149396,-0.19283441420265102,1.42526224,1.60303688,1.145552,0.8037482281155501,1.1177430909090909,0.93597,1.8918676665359586,-0.36385036363636364,-0.7963892954545453,-0.23487848863636362,-0.071126,-0.566623,0.09852000000000002,4.0,228.0,0.21071584928749054,-0.19252989194777914,0.5067166998918404,12,5,999.0,0.00821,тейк,0,0.5605510000000006,9.45,0,10.848477466504258,-0.05242220669914676
PORTAL,1787424408,1,94800.0,11600.0,8.2,0.0,17,6,8.175555555555556,99,1.0,295,1.6458333333333333,0.7473841554559213,0.22304832713755385,0.5219985085757051,1.5060240963855387,2.0439061317184093,4.984423676012462,4.658385093167694,7.32484076433122,21.223021582733814,19.081272084805654,13.85135135135136,28.87189292543022,23.556370302474793,13.780918727915203,0.9074176593940477,0.07098570729114752,1.8168554268808812,3.900156006240252,0.7575757575757585,0.7333333333333333,39,-0.5166051660516535,10.342019543973935,-3.7142857142857144,49.777777777777786,0.8960000000000001,7.761169835781523,1.6249816969869584,64.40507640236194,64.89364341828224,0.9294576776537907,0.28000000000000225,0.4400000000000025,-0.5196733481811378,33.243397292197,0.7071002652224568,0.5154191585643828,0.8190924615223781,0.512444702246078,0.8125689400487499,0.5094989481484525,0.4949024937440652,0.44684921849155695,1.0040295728776056,0.431378040094255,3.7454063289999997,0.11266617235534872,0.07396561670944823,0.00656976970652301,-0.0026337581459389137,-0.7569977249702431,0.0040937057567098645,-0.008368393733765855,-2.467866773506844,0.054074800749580154,0.023221375395819033,0.7578875694221887,-0.038111488511889946,-0.15305707421788495,0.84268011,1.16013207,1.828294,2.1696180772559117,1.200001909090909,1.3024445,-0.5297687340461367,-0.07920566666666666,-0.12332557142857141,-0.24515192672413794,-0.0047834999999999996,-0.542913,-1.741465,4.0,73.0,-0.0006473740566170783,0.3436399329090234,0.4082131444632431,18,5,999.0,0.01348,тейк,0,0.5899307000000005,8.933333333333334,1,20.029673590504448,-2.5587168999999994
ONG,1787564170,1,28900.0,5600.0,5.2,0.0,9,5,21.8275,263,1.0,268,0.13670766319772942,0.372389945471463,1.0713807419311605,1.5063887020847266,1.3428226131328103,3.6248798572016794,3.2845216915286635,8.919035935921471,5.1114206128133555,6.310747992675014,6.565941824343402,-2.076034773582458,-12.162476722532588,30.7066158642189,-2.1604066647839426,0.887964118258581,0.22472471921746295,2.4009291624015994,3.96475770925111,0.46155889580059073,0.8666666666666667,1,-0.19836022216346283,9.135517390676862,-0.19836022216346283,11.559497413155938,0.9811794228356322,5.160076609157338,0.8572981673145815,72.45820885376514,61.7259444415912,1.0602472641870742,0.538461538461545,0.27692307692307727,0.16116035455278066,45.39568298081,1.5482352392096543,0.5492422097835582,1.2865430476225848,0.5334244217058083,1.024754456892851,0.5021765214087015,0.47755610818443467,0.22401794657606733,1.1752123783857333,0.591922196949066,8.30696553642,0.18299020944197672,-0.4152780653894461,-0.013230337361574307,-0.0020271327918996995,2.671027443456686,-0.000773750411257379,-0.02573924231883662,8.073381844892168,0.0011980460200042842,-0.10722762748265457,4.4120465594394975,-0.0037524653303443456,-0.09349506318603418,1.03653445,1.28126005,1.153969,1.1132953661115654,1.1382598181818184,0.9988445,0.9051854822533648,-0.41912572727272734,-0.6682987446808509,-0.9059002736842107,-0.070519,-2.5616359999999996,-19.047133000000006,1.0,23.0,0.6623885778930694,0.47464411425723885,1.1205001365029776,9,0,999.0,0.07547,стоп,1,-2.040866899999998,18.233333333333334,1,20.48447065058965,-2.5411168999999973
TUT,1787643103,1,395700.0,77700.0,5.1,-0.01,9,0,4.336944444444445,53,0.8690972984845157,0,,1.1830635118306398,1.8808777429467183,4.412079674448499,9.97067448680351,10.344047080126773,10.394021739130444,8.79268020531132,3.6792854104636286,-1.832460732984298,-36.73760705943421,-24.73367299675775,24.584717607973428,9.304932735426007,-41.85050609914352,0.26037896083803924,0.0792667090941329,6.428528178282233,10.778583119008633,1.140328009787754,0.4,3,-0.7936507936508019,16.69437188316314,-41.13740642356919,15.768226074566606,0.16310488823384917,-13.514774354696613,2.87130484703936,63.23857841934202,43.91631314921592,1.1929887933312582,0.11149825783972138,0.35888501742160334,3.213530655391117,369.66853088144995,1.6375176336153099,0.5163255614849026,1.29079111854545,0.5071674296234613,0.699150806461003,0.4966891592516346,0.4921236518096297,1.5291355705306506,1.043997464199816,0.5126796796244815,18.51854460387,0.05009499878097215,3.125361284382211,0.015192915960096975,0.00764093243413444,14.323908251391737,0.06041723178349456,0.048829535147882686,15.689254324909484,0.09782027526475967,0.10684468027283511,-32.13918171936662,0.3468900180076222,0.03591216140722642,1.10140187,1.26663953,1.576159,1.4310480515163826,1.0446029090909088,1.076445,1.784354026140085,0.03426600000000001,0.03520227777777778,-0.04388802150537634,0.00125,-0.08384799999999998,0.15848699999999996,4.0,28.0,-0.10220148185954292,0.028777977900484863,3.9401419116178005,7,1,999.0,0.04875,тейк,0,0.5935000000000005,1.0666666666666667,1,20.80531282051281,-1.612205128205129
PORTAL,1787713940,1,50200.0,2200.0,23.1,0.0,8,4,14.0925,170,1.0,582,0.7285921625544267,-0.7551919446192712,0.8957133717210297,6.554054054054048,7.498295841854108,7.278911564625856,7.645051194539243,8.23610157858614,10.125698324022348,8.75862068965516,-5.681818181818176,12.401995723449733,14.690909090909088,15.446559297218144,-12.858851674641148,0.5220754189224985,0.21231325022676603,2.4942310872912543,7.865937072503426,0.9465127584764461,0.5333333333333333,2,-1.0664993726474226,11.002785515320323,-11.454239191465465,11.448763250883399,0.4426229508196721,1.8288499822148863,0.978447492496673,76.23848493519093,60.01383493475004,2.522130995822923,0.06382978723403997,0.21276595744681095,2.3176550783912786,19.549662927136,6.394265490057795,0.4971382146197383,2.113685105427114,0.5063142229779769,0.8223554545268686,0.5046165068970568,0.4843357617294294,0.5783808282547495,1.3835679200188575,0.5639220550994201,3.68615358509,0.1885533064600013,10.929739354501876,-0.008109897577277203,0.04334295164549262,14.237441128435059,-0.002518454990588781,0.07775520901585642,17.16549917350314,0.003046453800154225,0.13952417720418842,-13.089976671531877,-0.038100892742565895,0.34600841070672717,0.9134298,1.17105871,1.809357,1.9808385931792463,0.9566453636363637,1.0031555,2.084177691316172,-0.054799600000000004,-0.06659109677419355,-0.08448421333333334,-0.00199725,-0.075866,-1.3724459999999998,4.0,47.0,0.36709405452337585,0.27901042611233606,-1.9351262055006369,3,2,999.0,0.01577,стоп,1,-2.021499999999998,1.85,1,20.855294863665197,-2.5219999999999994
BMT,1787753727,2,360800.0,690.5,522.6,0.0,10,0,5.320277777777778,65,1.0,402,60.13333333333333,-0.8074283407347504,-0.7272727272727209,-0.6871463217461571,-2.2673031026252843,2.0772746157041944,-0.32454361054765624,-6.042065009560227,1.4450867052023142,5.67741935483872,58.311855670103085,63.03915063039152,56.00000000000001,60.378590078329,68.4922680412371,0.5150688710810191,0.0645461954473819,3.3544486745581636,8.669877732493525,1.238152268607996,0.6,109,4.198473282442761,15.18235793044953,-11.682242990654201,59.54545454545455,0.7383252818035427,5.74769478915238,2.9795190357122614,52.6303632921564,60.943922938806296,0.422756583909258,0.5180722891566257,0.07228915662650719,1.3917314776913603,360.3107610786,0.5780435178048036,0.48363196263814623,0.7960305924506984,0.5101869389635115,0.9972715072059544,0.49842446476376195,0.5066378228025452,46.21268820844171,1.1082927185230655,0.5090955247087972,7.0380739935,0.019533343862479527,-1.2342179957906096,0.010061489751340691,0.00294241107368598,0.5094948921726905,0.09066660942002214,0.024642135368596163,-10.52075814547553,0.13498017891289193,0.04390847247990104,170.01143036319286,0.22393777773264056,-0.4589059941829966,0.82914573,0.79809253,0.989168,1.1929965556235813,1.0431115454545454,0.9177489999999999,1.7412520601530708,-0.47965,-0.5282643617021276,-0.8438214483985765,-0.0776235,-1.9669380000000003,-0.39126500000000003,4.0,104.0,0.4216999386595033,0.02704192007836337,-0.7044063701735936,14,2,999.0,0.02457,тейк,0,0.5757459000000005,2.75,1,22.37964997964996,0.6246705756206762
BICO,1787763989,1,187700.0,873.7,214.9,-0.01,9,5,5.079166666666667,62,4.888020833333333,531,23.17283950617284,0.32441200324411223,1.3104013104013212,3.601340033500855,3.255425709515869,2.9546400332917333,-2.0198019801980216,6.960657155209682,17.3067804646752,24.321608040201003,30.83024854574301,36.30853994490359,30.761099365750532,48.588588588588586,22.316234796404032,0.20057259591557555,0.05910310067840804,5.288946392037275,14.747131321716967,1.8140557238757227,0.6666666666666666,95,-9.310850439882689,20.921985815602827,-9.310850439882689,32.796564680622666,0.7063583815028904,6.995341905894725,1.7645534304005541,59.075081473208094,76.4350067945802,0.7019289401281317,0.3908045977011498,0.48275862068965586,0.45567522783760417,77.87823856557002,2.4466953475622093,0.5120744207357509,2.4773687692224686,0.48491551757785367,3.279596840478573,0.49411728669241867,0.4994819083839314,4.8341390018110975,1.0688554705602946,0.4815319857026173,7.44361532666,0.09558017058119268,1.210385746809739,0.024188020719337677,0.001719389672290017,3.972208463518645,0.05316605449963263,-0.010840005858802848,12.132767353047601,0.18794251413666485,-0.02278502992603959,64.924378897556,0.5866220720250004,-0.08391606020116804,0.84023275,1.01397516,1.620798,1.9289869384405691,0.9569799090909089,0.9373335,1.743049123453361,-2.0576225454545454,-1.395586063829787,-0.5089001782945737,-0.12759900000000002,-1.200444,-1.357869,8.0,413.0,-0.02500618742842242,-0.40789213150146386,-1.4664787699929849,17,2,999.0,0.02474,тейк,0,0.5930000000000005,0.4666666666666667,1,20.210185933710576,-2.6363435999999996
ONG,1787771794,2,131100.0,735.4,178.3,0.0,9,6,4.7491666666666665,58,1.0,555,4.536332179930795,-1.598202824133499,-2.082135785910444,-8.706008455904247,-5.311592860230996,-4.764567026959876,-6.864710527914464,-4.971177090435752,41.76992787127798,49.7460441492479,57.56423432682427,100.35284892838474,116.69257950530039,156.28552323637578,65.80678314491264,0.027622560252295078,0.04450462749990219,10.342117231437008,8.356790992258977,1.1363038400977963,0.5333333333333333,193,6.435712302138286,21.855040266592617,-18.382666098807498,77.2369942196532,0.6592658377738306,14.627835850427907,3.5500804602397054,52.58026913334542,68.13025756202704,0.10856660509288447,0.30647208121827424,0.15926395939086377,-5.053414956187718,689.6758820937199,2.0366965604970955,0.4740739678075508,1.3029571510391993,0.5010068431545869,1.6331559068914354,0.5016704810679341,0.5056655196233164,2.630084206558005,0.861710832177351,0.5402576385523072,17.5599262137,0.025461128436725274,-5.709463567979278,0.013223998752882382,-0.01337207382705452,-2.342620556583319,0.007355164188996177,-0.022822070393328064,-7.36869567076589,-0.05769573537663042,0.06137801375441687,34.11311997608995,-0.07004836335302689,-0.026617618151694833,0.76832023,0.70653746,0.866578,1.1278864803546822,1.028501818181818,0.909381,1.482283881003318,-4.4140951818181815,-5.644265595744679,-1.948989892857143,-0.374865,-1.481419,-4.900005999999999,4.0,43.0,-0.23938097099542865,0.6872878731216003,-0.983743711003815,19,2,999.0,0.15331,тейк,0,0.5930000000000005,0.06666666666666667,1,22.431674385232547,-2.9543937999999996
CATI,1787773556,2,540600.0,70900.0,7.6,0.06,9,0,4.002222222222223,49,1.1534030296564968,9,4.535234899328859,0.16366612111291534,-1.3698630136986356,-2.353410450737936,-0.1020199959192003,0.20466639377814122,1.661129568106312,-1.0309278350515538,0.9692720148484213,0.8237232289950436,-1.0109179134654256,-1.528559935639584,-4.262807978099337,0.3895837605085051,0.02021835826930829,0.42378099256847157,0.02134450069495693,6.185241054322699,17.9672131147541,7.57189695550349,0.4666666666666667,132,1.9787544261612222,30.472818162882742,-21.839080459770123,7.1803852889667175,0.1933962264150942,-7.939328485096409,1.5072600934600404,48.03726655011247,48.25388346696822,0.407974732484943,0.12994350282485928,0.22033898305084818,-2.2986208275034947,14.18381148398,1.0216102731967498,0.43032838280778335,0.619782508390563,0.5146816525654885,4.441800357449593,0.4970037432723624,0.4926559261368038,9.35716857711063,0.7432526460528172,0.590262168915782,2.48755388856,0.17537979064157644,-2.2444513157266477,0.056638335971373355,0.004105793507210853,0.33378454188250917,0.021650300503949005,-0.029559479625209995,-4.946862099494154,-0.23722071853531834,0.0259627347642446,27.758106249030323,-0.3556679133891475,-0.2403541502858978,1.15313225,1.54254007,1.796036,1.5575282019907082,1.3083984545454546,0.893697,4.798456236509295,,-0.41002250000000007,-0.03751600000000003,0.00125,0.030000000000000002,0.09000000000000001,4.0,14.0,0.16276657178337928,0.5017459837246552,-0.39512133146994977,19,2,999.0,0.04896,время,0,-0.8863529411764719,48.0,0,13.060661764705884,-0.8863529411764719
HEI,1787788296,2,21800.0,996.8,21.8,0.0,12,9,4.014166666666667,49,1.0,461,0.2798459563543004,-0.13984058173682756,-0.13984058173682756,-1.189982011899815,1.175970529895154,-1.2787723785166127,-6.0271088301092295,-12.935869300170689,0.5208333333333259,5.9338377095386585,9.047873558830254,10.687437030148029,11.187232386142455,13.601654470251345,25.25005726502252,0.8124677636691681,0.13959053914142297,5.463014451234671,11.416005946481667,0.9289696393131485,0.6,35,1.9560251284979957,19.74585950885208,-14.856325265291526,10.447761194029837,0.3515482695810564,-2.37676963449992,1.6893310496968454,43.84609252991095,52.60477402763684,0.2322071250547445,0.4507772020725364,0.06735751295337049,1.3169073916737384,37.306800940915,0.4716583263461249,0.4767765702875269,0.6405268456812883,0.44730447102863347,1.706809704406466,0.4688386874625056,0.4826395453201886,2.8217221440875457,0.8040060842982286,0.6303969492364707,4.641690239829,0.12441941208468454,-0.32673885409756354,-0.00222037706763345,0.00590675531438567,-1.1792405790551852,0.008740805076276503,0.03647384197952053,-18.745587970336874,-0.057223315627521365,0.0477684485716483,9.333538537058761,0.04002053246523185,-0.12236132330566674,0.76708134,1.06432311,1.662446,2.167235615456374,0.9325117272727272,1.4044089999999998,1.449116988998144,0.0008482857142857148,-0.06638032352941177,-0.0863293869047619,-0.0145415,-0.035352,0.006435999999999997,4.0,8.0,0.4478877572684725,0.7798568859296529,0.5733197556007985,23,2,999.0,0.14282,тейк,0,0.5925660999999994,6.116666666666666,0,18.120711384960074,0.1340831915137948
GAS,1787811077,2,178800.0,29000.0,6.2,0.0,15,6,4.003333333333333,49,0.9230769230769231,817,1.8060606060606061,-0.07656967840735662,0.15349194167306734,0.0,-0.15302218821728886,-0.760456273764254,-2.393418100224387,-8.868715083798884,-9.312022237665051,0.694444444444442,5.157131345688937,4.6511627906976605,7.14285714285714,32.21884498480243,15.390813859790487,0.7823701597596926,0.20222958679845737,3.7905412589082363,7.815771109560366,0.8393204945266686,0.8,12,0.3074558032282848,11.76018447348195,-16.131105398457592,7.584501236603458,0.26822157434402294,-5.456310803316066,1.1991053121606108,36.381641671354586,48.13596128812076,0.2012632473380001,0.5714285714285805,0.14285714285712925,-0.15325670498084198,21.6942788776,0.20459763982212784,0.495757366512154,0.42426452241763735,0.4552212257773648,1.0653519923662405,0.46110872203544767,0.4935430221723278,2.8368728643230514,0.7192351263049841,0.5427890679748174,2.3788877792813,0.10965507508698866,-0.03896422104762154,-0.005416051905591357,-0.0019086470571947345,-1.3089482354607274,-0.01608601323956449,-0.021586365820094433,-17.997401011143566,0.051619350710577994,-0.15150312079496908,65.10124231071075,0.16314622711214932,-0.10252307549308759,1.63166397,1.84656797,1.081422,0.6627724947557677,0.8950167272727273,0.6945094999999999,2.0293132478706757,-0.24283436363636363,-0.2876783260869565,-0.2556357727272727,-0.04027925,-0.243836,-0.04214799999999999,4.0,108.0,0.18032639076728252,0.02979790679213945,-0.20796306252173213,6,3,999.0,1.305,время,0,0.211007839463602,48.0,0,6.370649808429141,0.211007839463602
RUNE,1787812301,1,1900000.0,537600.0,3.4,0.21,15,0,4.091666666666667,50,2.8400597907324365,1,46.91358024691358,0.0,2.3146536721197375,4.2375886524822715,4.163713678242376,2.4573021958870678,2.10142410559222,8.930887530109333,17.721265518622342,23.14620863007959,21.116604861969513,18.3135439726303,24.740080628050066,35.89921405455385,11.186650185414093,0.40798685247680283,0.10146241965754603,2.8667894869571997,6.655480984340056,0.7175648836823565,0.4666666666666667,2,-0.18675721561969283,11.76470588235292,-0.18675721561969283,27.0860354517942,0.9912974683544304,8.396641426792307,0.7616797259621801,70.33510022397812,81.00592101433989,0.8808353891643854,0.13909774436090327,0.05639097744361102,3.8051209103840744,20.071342392000002,3.5342636398586924,0.6105729789608659,2.7706897158889334,0.5110454191072461,3.93144283083186,0.5043207037525077,0.4977789070591626,3.068730117542219,1.0289070806642835,0.4829309671143206,3.9592373883029,0.1972582257318756,5.842524246210279,0.0023876676891076976,-0.012713831295473987,0.7267472146544884,0.01943840369522265,-0.0468535051761273,23.645757166883463,-0.02061035132971878,-0.23869566514265816,37.708920316995645,-0.04542412702608967,-0.3267855664095447,1.17756221,1.2508186,1.097491,0.9320025648581233,1.107938909090909,1.9356494999999998,2.64763799646618,-0.15709900000000002,-0.11665714285714285,-0.07029782432432433,0.00125,0.030000000000000002,0.09000000000000001,8.0,88.0,-0.005595237943867293,-0.11762240160556603,-0.2979628218473973,6,3,999.0,0.5879,тейк,0,0.5875024000000005,3.85,0,6.645492430685507,1.9439164159891142
BEAMX,1787835076,2,498600.0,84100.0,5.9,-0.0,10,0,4.081388888888889,50,1.2286840808279942,27,216.7826086956522,0.0,0.05208333333333037,0.4707112970711247,-0.10400416016640435,-0.5178663904712555,-0.9793814432989767,-5.787150564001964,27.218543046357603,31.75582990397805,33.96094839609485,31.84625943719972,28.152101400933958,36.04815864022661,42.189679218967925,0.5187999519217044,0.058971431850872405,4.9997529242148175,11.534926470588236,1.3815546218487382,0.6,151,2.6175213675213582,17.361111111111114,-12.562585343650445,36.53162757640369,0.6506329113924049,-2.991865003531813,2.1086188832797155,56.5904541995173,70.27085736503874,0.4764301248658284,0.11111111111110868,0.35353535353535337,-2.7027027027027084,80.37232378210302,3.0639754253462543,0.49601895595014867,3.090796107429557,0.5087518691936264,5.036564229495941,0.5003044048185527,0.5030391453305211,59.22969642985107,1.3669210436595036,0.5152708927263219,8.80917129284775,0.10960453646618765,1.1054446866565204,-0.005588835788670532,0.0008089809647033874,4.18179754930792,0.044649489401350495,0.0012292994524958356,0.7585077061942558,0.06302598404027115,-0.026853056965503996,78.10108052234914,-0.3597578656793342,-0.3138956220974428,1.07063455,1.03900415,0.784336,0.7325898459002654,1.1177685454545456,1.18716,-0.13106756041780399,-0.0031326666666666673,0.019057083333333336,0.06967637878787877,0.00125,0.030000000000000002,0.09000000000000001,4.0,188.0,-0.19824576429157137,-0.8023294971576056,1.296908257643059,12,3,999.0,0.001921,тейк,0,0.5930000000000005,0.3,0,1.6137428422696498,1.7971452368558045
MANTRA,1787900478,1,21900.0,5900.0,3.7,0.0,11,5,8.59361111111111,104,3.0416666666666665,156,1.36875,-0.6500541711809471,1.0579678201454668,3.921124206708959,10.668597634564314,11.829268292682915,11.665854846565992,8.829812485164968,9.166666666666657,10.481927710843376,10.963213939980632,10.936365835954497,7.654378962197694,2.572706935123037,1.960309777347513,0.18857225000587644,0.1421178400272968,4.370520768227504,11.584327086882439,1.28929269985488,0.4666666666666667,1,-2.3845007451564815,15.918065153010863,-2.3845007451564815,13.153998025666326,0.8263565891472866,6.1638095316463914,0.6509046327139687,77.5647723532994,73.17915238139898,1.243814561659792,0.11111111111111055,0.3333333333333342,4.256272401433692,8.410115338696,23.33366118764824,0.4776366613144072,12.662619994298442,0.49166367235847824,4.007764435409291,0.4801095439900514,0.4839750538301301,1.0685406946742553,1.1939100269794176,0.5539413659907769,3.040864723116,0.36157229724598405,15.428890022055985,-0.0031911308453556053,0.01209966705780463,27.47436684553879,-0.06972564760402256,0.005249545718306603,25.148064254330627,-0.05232354615752022,0.017391179791480305,23.873117816443433,0.0499561232561645,0.04503312698667572,1.2483871,1.56594949,1.633624,1.3085876968770345,1.4257507272727272,0.999538,2.848085879126207,-0.41769520000000004,-0.19648312121212122,-0.11225525454545457,-0.0006212500000000001,0.022515,0.029250000000000005,4.0,58.0,0.258857586899941,-0.03029237145458774,1.355786363705569,7,4,176.9597222222222,0.004585,тейк,0,0.5050512000000006,9.4,0,12.257360959651042,0.49620504863685744
DEXE,1787968569,1,2100000.0,591900.0,3.5,0.01,4,0,4.0025,49,1.105263157894737,7,4.0068689181453925,1.8433179723502224,1.8433179723502224,1.4537107880642886,4.081632653061229,8.156606851549753,7.936507936507953,9.632079371641167,15.65634539904055,30.898321816386986,38.26903023983317,40.02111932418164,40.02111932418164,32.40139790314529,26.12095933263816,0.3894413610125311,0.11242530857093269,2.918188144679168,7.98370672097759,0.8023625254582479,0.8,1,-0.2632568634824972,12.052254530130613,-0.2632568634824972,40.16913319238902,0.990873533246415,13.668297204829184,1.9546829222605322,72.37430364932382,82.57543409824504,1.311264730042938,0.09333333333333467,0.1733333333333316,2.147598594299116,125.07618981346,2.3540360271818472,0.49065502052115934,1.7286118108283854,0.510642909172335,1.1823876636407182,0.4880944983755574,0.4852263646910265,12.829256427072337,0.9744341708976093,0.5214137212279862,12.85406447297292,0.10276987564254725,-0.39769100770268295,-0.035155523746660755,-0.014639051392605129,7.728307052617267,-0.01741130152707515,-0.006631427740917739,8.527757030129447,-0.05132942395733897,-0.05528564473437725,56.36574192593735,-0.06409013262695173,-0.20895000467447677,1.6425945,1.97631719,1.759966,1.0714549452101538,1.0321854545454547,0.8693545,0.8853495388791051,-0.15601172727272725,-0.3175446111111111,-0.25637542777777783,-0.040057,-0.30478700000000003,0.044901,4.0,123.0,0.05311412076838273,0.4507464883478418,-3.7264090820780194,1,5,999.0,2.652,тейк,0,0.5930000000000005,0.9333333333333333,0,1.9090075414781138,2.018472077828054
TUT,1788024076,2,2700000.0,361500.0,7.6,0.01,10,0,4.086944444444445,50,0.9,206,6.7114093959731544,-0.14788524105294742,0.08894159501926513,-1.631701631701643,-1.516919486581092,-2.3713128976286857,-1.574344023323615,-9.296077377753909,-16.43564356435644,-14.11854489951666,-16.662552456183654,-39.45480631276901,-33.82987063896512,-31.493506493506494,-8.121451493458387,0.7667951807304151,0.11618330383367666,3.5101335084561924,10.185427004439806,1.1344669297137313,0.6,7,1.3509456619633653,15.370759531672174,-20.89971883786318,6.767868437697655,0.19349005424954757,-9.569377961568238,2.096488401011758,33.12504942317585,33.99685648704953,0.14128714232556636,0.7162162162162128,0.054054054054052024,-0.4989727032580049,102.16686073133,0.8023683166185587,0.41229234672536236,0.9868457691314979,0.5187233753090976,1.2559437554973365,0.5012805720467545,0.4906178561786713,0.4083665562893836,1.1313745730325675,0.5636890051765294,11.560367726600001,0.11315183459537338,-1.681937985962445,0.010525445293129598,0.0007648040044154758,-1.3685615430824916,0.024646919735739736,0.018204464316866842,-2.257266972095462,0.08627015204719624,0.03684486436408041,12.183827070948649,0.10146155179662819,-0.020151601060510504,1.06139374,1.2973913,1.546676,1.4572122876850584,1.0851223636363636,0.6906034999999999,0.2428192968248352,-1.0496373636363636,-0.7360019787234042,-0.5998629084507041,-0.09051375,-1.451323,0.039886000000000005,4.0,158.0,0.07208908260869507,0.4968465636818964,0.0536079565493397,17,5,999.0,0.03376,тейк,0,-0.17524699999999938,40.65,0,11.196682464454977,-0.021079696208531333
NIL,1788026772,2,10300.0,249.6,41.2,0.0,11,6,5.83,71,1.0,0,,-1.231142708513966,-0.9046624913013335,-0.41958041958042314,4.341454478842266,5.0341139590632356,8.910133843212243,-4.5896147403685195,7.735956118781906,12.502468891961271,21.268895039386848,32.37276318847315,29.19029258335224,25.49019607843137,27.102405790930394,0.26471719752579825,0.04038328535482314,4.702493864486268,10.663920139439076,2.3646945588012613,0.4666666666666667,119,9.89774262010419,23.461315840246975,-10.986091576808887,26.381184823607718,0.6284355179704013,5.137160760949255,1.8333257772372664,58.67493574477484,65.51694214780186,0.5836762781951373,0.2238095238095232,0.004761904761902921,2.9110512129380206,120.78406532005101,1.984901407092817,0.4982294971494026,1.874547947959336,0.5149027201111653,2.656413082527354,0.4975273465236071,0.5007380922516912,17.729501406436924,1.061015476050487,0.5500052240119131,5.304351811176,0.04391599005316341,1.198023550339089,0.009550570411196446,-0.007703154650199551,8.54403027199082,0.08928329765809506,-0.020208677498803063,-11.219650067133513,0.1999325673638832,-0.004039860187690647,78.72899585391744,0.7972613549661809,-0.3535823967181093,1.08251289,1.14437367,1.135779,1.0492059822031312,1.1473322727272728,1.14026,2.4445733905396687,-0.26041600000000004,-0.17957205263157897,-0.1405138242424242,-0.014957,-0.08515299999999999,0.069563,4.0,113.0,0.10757913605874414,0.5188618514226917,0.251550198967343,18,5,999.0,0.05696,тейк,0,0.5870405000000005,6.833333333333333,0,4.406601123595522,0.7365465584269659
AUCTION,1788079606,1,287900.0,19600.0,14.7,-0.04,9,2,4.003611111111111,49,6.6336405529953915,8,7.866120218579235,-1.3524936601859716,-0.08561643835617305,1.1849710982658967,1.3314037626628084,3.2743362831858303,4.726293748130428,9.543178973717147,10.96671949286847,11.142857142857142,11.390391345847917,10.616113744075829,9.440450140668965,12.427745664739875,1.6862869869551433,0.8682957610986952,0.16958396531375208,2.4055134663188094,4.474074074074075,0.45730199430199475,0.7333333333333333,2,-1.9602352282273916,11.97867670116024,-1.9602352282273916,11.745930418129591,0.8401826484018259,3.544240121286757,0.5427901460588795,81.7672427312105,89.03854512045648,1.0043024611988582,0.27586206896551724,0.0,2.447552447552459,4.794339544870001,26.382677599575345,0.5133559415769607,12.135206865674252,0.5080615659200228,5.340767996513334,0.5147290432941272,0.5187590864546159,3.30299621086464,1.1303063410851886,0.4930029875528088,2.5432670593375697,0.5304728702536089,2.0999278664172616,-0.01683821834654553,-0.09835599677635098,10.639236607202008,-0.13901982131042723,-0.23098010574427386,23.232346120815706,-0.1885540433410947,-0.35310311511799874,26.137879554612397,-0.16178620688477907,-0.3904938675292494,1.64988558,1.80077121,2.182753,1.3229723481794415,1.127685818181818,1.1205245000000001,2.4344451869549832,-0.10562616666666665,-0.10065979999999998,-0.06946881249999999,0.00125,0.030000000000000002,0.09000000000000001,4.0,193.0,-0.08923530338084129,0.07489099769171226,0.6293979520388682,8,6,999.0,3.501,стоп,1,-2.0366197,10.516666666666667,1,20.622679234504425,0.5086156654098829
WCT,1788084071,1,254600.0,67100.0,3.8,0.59,10,3,4.913055555555555,58,53.041666666666664,21,19.584615384615386,0.2705361534677708,1.342281879194629,1.975987993996986,3.4771573604061023,4.511663675980504,6.923682140047216,9.039850227333513,9.479054779806662,10.189189189189207,9.832974137931028,8.258098778544888,5.621761658031077,6.532532009406844,0.7273706896551602,0.8798040903418677,0.23647923814968835,1.76727649320374,4.913815281708245,0.5418242337175637,0.7333333333333333,1,-0.512445095168379,9.777658719528537,-0.512445095168379,10.848287112561184,0.9499999999999996,5.329217759291605,0.40166281339949156,82.76050053597001,84.01784079479813,1.1811777249857742,0.2407407407407379,0.16666666666666666,0.8024072216650024,2.03136224057,16.440610901612928,0.6347300249628108,10.048560821191753,0.5494284017214676,4.299759236436894,0.5552963897801051,0.5440771480717669,1.3221098274263225,1.1665292865131185,0.6322916100475336,1.9372816192632,0.9536859456044625,0.9698403016840551,-0.013947133551272306,-0.014128167744548947,6.319518106200994,-0.06372173050380092,-0.06467410410225893,12.26643290300975,-0.13301628582644387,0.07776744248937839,13.697070776065656,-0.09925813238579217,0.10478688138310521,1.80599647,1.9379845,1.912965,1.0592296451166374,1.1791598181818181,1.3890295,1.3569287758684452,0.018284333333333326,0.029128142857142852,-0.0004712631578947387,0.00125,0.030000000000000002,0.09000000000000001,4.0,118.0,-0.1041653320350111,-0.18064545864231452,0.4493750877685665,10,6,999.0,0.04077,тейк,0,0.5935000000000005,5.616666666666666,0,0.4905567819475154,0.9403218052489577
ZKC,1788102127,1,7600.0,13.2,577.8,0.0,14,11,5.3625,65,1.0,0,,1.8999274836838387,2.345229424617634,5.829191143244472,11.8967988533206,10.039154267815187,12.003825920612154,4.896984174380425,32.49104280595889,64.89087068763202,77.2452068617558,76.13436951616947,72.16368537123255,68.32774317201726,68.970736629667,0.05007033066710941,0.036890165899502905,4.265170574714716,12.614200993748991,2.8883945948951752,0.4,1,-0.04268032437046987,18.51289833080425,-0.04268032437046987,78.27962446079675,0.9990284974093263,17.272569201320497,2.349938685053413,74.238293969962,80.87686072886746,1.3480468208678502,0.26845637583892445,0.10514541387024565,4.268943436499484,270.91387577369,5.321890100869388,0.5422855491553679,3.2733879278608837,0.5283220380110816,2.7652947013548834,0.5115949745195503,0.510388019255226,291.9658528168162,1.0978852652923135,0.5049798597910587,10.1573075960251,0.0374927550942798,7.08814738990311,-0.040432769911891486,-0.01297780572743934,16.036244422750624,-0.06442681282907214,-0.053082268124362675,3.7073653364522396,-0.07395650487078398,-0.04966740829808436,615.371718315919,-0.6539194268614603,-0.47866489931750245,1.04459525,0.94509184,0.998217,0.9556017031477024,1.0891134545454546,1.151128,0.7570711287669827,-2.4170794545454544,-2.4814794680851064,-2.385649238095238,-0.284196,-3.829165999999999,0.09000000000000001,1.0,57.0,-0.0912231643399819,0.8021075484644147,0.9830826681987093,15,6,999.0,0.07026,тейк,0,0.5929999999999994,0.9166666666666666,0,0.7401081696555512,2.6960825245374327
TNSR,1788103909,1,105800.0,23100.0,4.6,-0.02,13,6,4.006666666666667,49,1.4735376044568245,212,1.5513196480938416,-0.7076067728076896,-0.9828629032258118,-0.8078767987881874,0.20402958428971107,-5.937275556619593,-5.119536343878295,10.179472798653965,15.763111373011206,15.355255431591308,15.558823529411757,15.763111373011206,13.162442396313367,11.208604585338232,4.882352941176449,0.4854655622612448,0.07476130925947826,7.800646985707926,15.528120713305892,1.3699684499314129,0.5333333333333333,99,-11.50900900900902,27.22063037249285,-11.50900900900902,16.76077265973255,0.5246511627906975,-2.7363688814657228,1.17204168825835,54.492258374417894,66.65322433181186,0.5514594881289112,0.6021505376344137,0.02150537634408514,0.8942258559018867,24.659480730411005,1.920795196539345,0.4758391106562889,4.016856832758986,0.4689979775365948,5.7313508926217525,0.501205021319295,0.5010762824452651,18.744889497924905,1.1807934268931184,0.47019606785706725,3.35612292293239,0.13609868592218538,0.5523011459509286,0.020367114356341975,0.0002543367934060292,-6.355019689519825,0.08058772451053242,0.04503180518468519,43.55896713811098,-0.2027772971698114,-0.2893006316571368,55.593069380878156,-0.2632479168398265,-0.2834201794005189,1.69011213,1.83053839,1.282091,0.7585833964755937,0.9811519999999999,0.8704649999999999,4.27909853483481,-0.12377185714285714,-0.22038906896551724,-0.11708402985074629,0.00125,0.030000000000000002,0.09000000000000001,4.0,28.0,-0.09147134384218658,0.7055104496622056,1.137875588844195,15,6,999.0,0.03929,тейк,0,0.5822640000000006,7.983333333333333,0,15.565334690761023,1.225959906668363
TUT,1788159697,2,4800000.0,2700.0,1787.2,-0.02,10,0,41.75944444444445,502,1.6,206,11.931394481730052,-0.6073489219556638,-0.6073489219556638,-0.8482278097546092,-1.2967430639324484,-3.565114908662337,-5.43195608205721,-7.958380202474691,-4.909936083672273,-6.244629046118577,-8.880846325167035,-18.784119106699748,-28.940512375162818,-58.26319816373374,-1.0022271714921982,0.8635965947558439,0.16665438389771822,1.8414538753239729,5.209840810419674,0.6744272027211163,0.6666666666666666,19,0.09174311926605228,10.978593272171256,-10.890280424720933,0.3987730061349781,0.03147699757869372,-5.7293497745045,0.9729735415082392,30.27630652570342,37.06660676649456,-0.05003117068823902,0.27450980392156915,0.17647058823529252,-0.8456659619450413,59.01029146597,0.7700496160884883,0.444907719625984,1.047237964167615,0.44004413516813284,0.8510878643773946,0.4681840938386059,0.48036353918378405,0.2908266685257906,0.9108301364879893,0.5985552466118403,12.334143278240001,0.20901681675903672,-0.19775677306687056,0.006441966120992237,-0.0028492791337746404,-1.8610613294283707,0.003783755389753951,-0.0074018052404336565,-6.4553780288737155,0.026529082294484807,-0.012185429181998497,-5.612337212140783,0.03180008573920823,-0.043432546534632355,1.15361947,1.40953654,1.429261,1.238936267259775,0.8663656363636364,0.6956955,0.8111422003772061,-0.6775368181818181,-0.7900139787234042,-1.6971116655052263,-0.11128925,-4.988936000000001,-3.851997,4.0,58.0,0.08258008922241711,0.7868026859504162,-0.26145661749764626,7,0,999.0,0.03273,тейк,0,0.5391021000000006,7.4,0,2.764711274060483,0.9710880873816076
0G,1788223591,1,25800.0,5700.0,4.5,0.0,7,5,7.996666666666667,97,0.8431372549019608,34,0.38738738738738737,2.751146310962893,7.080799304952223,6.479481641468676,7.454228421970366,9.897458760588496,6.341673856773067,12.711476909007779,5.47710740265297,19.89299610894941,44.57478005865101,53.105590062111794,47.252090800477895,47.51645721125075,28.269794721407628,0.5914084295893198,0.12990124859962723,2.9813109015805805,9.750667853962591,0.7894083126049424,0.6666666666666666,1,-0.7648953301127248,16.784203102961914,-0.7648953301127248,46.98867024448421,0.9764560099132589,14.188215249057091,1.9157328423512352,71.68535134014871,69.49094786395014,1.3930037899912329,0.23170731707316933,0.6951219512195114,-0.255210548702689,236.6242950362,2.4384393174898986,0.5361230429964313,1.8795169984686542,0.5148149925174487,1.1092980156887247,0.5124412829667477,0.4987644211632822,70.6365842657147,1.0780804160577102,0.545735972151024,11.202786322000001,0.0473441931238977,0.7206333474646831,-0.013236504089488177,0.003939816182705336,7.230611063270431,0.007188761721838022,0.04990113202234614,18.811692944733217,-0.03513075337221794,0.06381486805931202,176.41264795590547,-0.027570259642660133,-0.4745801560243973,1.44704295,1.31301542,1.148469,0.7936661451548483,0.9911240909090907,0.8754965,1.479898290292501,-0.31027672727272726,-0.3822019574468085,-0.392570033457249,-0.040757499999999995,-0.908179,0.09000000000000001,4.0,193.0,0.1822296195081119,-0.2277742549144035,0.8575476112638869,0,1,999.0,0.2465,тейк,0,0.5930000000000005,2.6166666666666667,0,4.689882352941166,2.4590252476673435
TUT,1788258698,1,72400.0,7200.0,10.0,0.09,6,1,21.17361111111111,255,1.0,638,0.025857142857142856,0.3404518724853034,1.3758599124452653,2.8879720723579583,4.210864673738346,4.85122897800776,6.926121372031657,8.319411961242906,7.279947054930491,6.086387434554963,1.8856065367693242,-5.783202557396116,-20.44171779141105,-32.808290155440424,-5.939660590823392,0.4576642126021384,0.09315073336181748,3.5550356665865035,7.6386582530720615,0.9141946197276649,0.6,4,-0.4605465151980459,23.934550989345517,-0.4605465151980459,23.363774733637733,0.976152623211446,6.313192353396957,0.9474482551507691,65.37588120766212,62.9858518028588,1.1698713445407496,0.28030303030303166,0.05303030303030343,2.809706257982114,49.98377523476,2.6812535592661604,0.5176386040353108,2.2854199182745765,0.5039003070949878,2.097193707816243,0.46889912132471195,0.47837979438418887,0.3693519230189879,0.9396836756832453,0.4906502560918556,12.76018309857788,0.2552865012425896,2.500116672742325,0.0016256778537746541,-0.006233269077508763,5.365987868278532,0.00904164654782491,-0.006701471014759153,0.6816127760187252,-0.05907505325176021,-0.011007492660202844,4.244307950092208,0.02908391279049294,0.00022624294790452026,1.20327954,1.48892947,1.458939,1.2124688831657522,1.1315365454545452,1.191399,0.08193040315759209,-0.632057,-0.4387553617021276,-0.648603637630662,-0.05835925,-1.754335,-9.180254,4.0,88.0,0.10797500012840189,-1.1259136397989256,-0.557203600588696,10,1,999.0,0.03242,тейк,0,0.5635995000000005,2.1333333333333333,0,3.540530536705755,2.351050037631092
FF,1788282705,1,808800.0,214800.0,3.8,-0.11,4,1,4.005833333333333,49,1.2813688212927756,0,,-0.0493680884676051,0.14839730906213155,0.009879470460383288,0.7564447098636462,-0.06910167818361401,1.6671688259515927,11.831639416703489,22.465521413017186,19.68550484748166,17.083044182280837,-0.8812298051502965,9.473342705742404,1.1895241903238762,4.69581309275966,0.27397734693394926,0.0778566101697517,6.081055878433883,13.14141303153502,1.077954270759459,0.7333333333333333,79,-2.9434324065196527,17.138364779874227,-2.9434324065196527,23.919696413269676,0.86421937195931,5.529052714398475,1.3110024262361868,66.37216954655622,80.13298376496694,0.711889217157877,0.36789297658862924,0.2742474916387958,1.0629843035962594,38.19399881612,1.3876884390798705,0.5512645973308625,1.9268489259328139,0.5319153299872893,4.837632139683613,0.5019338198494406,0.5064075901349903,2.6227617489553032,0.9213950057084181,0.44066343969543365,39.627051646,1.0375203664004715,-0.8470330232669077,0.010404555679647931,0.001295246913940451,0.29973055818290906,0.028985646821737765,0.0049983908175395,14.164328789475157,-0.09275011193148719,0.009136093483540941,23.332549749521835,-0.27715206804586545,0.0033205246825342982,0.53315319,0.63862693,3.088349,5.792610937955749,1.162746181818182,1.0863040000000002,1.1971569019825317,0.08640600000000001,-0.00593661111111111,-0.01931564935064935,0.00125,0.030000000000000002,0.09000000000000001,4.0,168.0,-0.4082062423838684,-0.5150017508776861,-1.3247973618555564,17,1,999.0,0.10123,тейк,0,0.5935000000000005,3.8833333333333333,0,13.509246270868314,0.11948118146794486
T,1788342355,1,534100.0,14900.0,35.8,0.0,4,1,4.066388888888889,50,1.3282765481223575,1,7.808479532163743,-0.3599550056243017,-0.09023234829688143,-0.6282252636302554,0.5905064728594089,2.88037166085946,5.5529075309818765,9.547365817462271,19.541160593792164,23.267464514333437,21.97741668961717,22.111938240970485,19.929596533983208,21.27601314348302,11.346736436243443,0.16470388832298635,0.062266249574965224,6.070067727611228,12.929919834497028,1.4396491563670115,0.4666666666666667,183,-6.343835906111228,23.666317991631793,-6.343835906111228,24.62014631401237,0.7446808510638299,3.471768925350327,1.414403461614542,62.44450286001749,80.89035664906795,0.7254741641671201,0.340909090909087,0.5000000000000024,-0.6259780907668322,49.587692304501,3.920518166232506,0.4984184766893886,4.192282618819317,0.4861483757082902,5.428612669965322,0.49120771415971,0.49266963203057734,39.62599389000606,0.9799473759275059,0.46665858295689927,3.71488216262988,0.07491540723085204,0.6992817516953131,0.029164424503533404,-0.023038968070115184,14.993708514233939,-0.03396076496178335,-0.03170353753004773,115.79547732074226,-0.10808290407823529,-0.23413562544540567,204.01921611583168,-0.2758796974529486,-0.2980652361742425,1.46669358,1.43213115,1.158497,0.7898698240705465,0.954712,0.9432405,12.128526290356513,-3.2028383636363635,-2.5407440212765957,-1.0435018230769229,-0.2466035,-0.9634250000000001,0.09000000000000001,4.0,134.0,-0.5251247496233735,-1.4671119717366898,-1.8990765475903615,9,2,999.0,0.004429,стоп,1,-2.021999999999998,1.4166666666666667,1,20.17701512756831,-2.5224999999999973
TLM,1788363068,2,115100.0,148.7,774.4,-0.26,4,3,4.249722222222222,52,1.0,399,2.4594017094017095,-0.07057163020466328,-0.42194092827004814,0.0,-0.5617977528089901,-2.006920415224922,-0.9097270818754333,-6.163021868787277,-1.1173184357541888,0.28328611898016387,2.757619738751793,2.1645021645021467,-1.939058171745156,-3.4106412005457165,9.506531204644396,0.8295178361178112,0.11871721900246941,3.806233732390041,5.242718446601935,0.9057248074991606,0.7333333333333333,23,0.42553191489360653,10.921985815602842,-9.462915601023026,3.2822757111597323,0.23316062176165747,-3.7549625316332436,0.9226872015373376,39.47675681215807,47.21736032876442,0.1407027836803899,0.5,0.37500000000001354,-0.0705218617771397,11.721678958473,0.6260598816519708,0.43134747953369884,1.1109461422868059,0.4208648807493651,2.4849728246161216,0.47238577673105403,0.5017521229801858,2.3949530490271203,1.0558390255718266,0.5421529867294198,1.88822741125,0.1610884769954476,0.16926650071305005,0.0015707480561413245,0.0053756910058575524,-3.6685910162404523,0.014703810096353465,-0.00616808227727883,-14.868165026890567,0.046263591923116465,-0.07671363934587416,24.01756308936185,0.20347996786914457,-0.18166050050638305,1.40964841,1.92423047,1.464948,1.0392293493950027,0.8973610909090911,0.949193,2.4124796801696626,-0.12820966666666667,-0.42588322222222214,-0.28183789436619716,-0.08759725,-0.328323,0.087226,4.0,28.0,-0.379690012535594,0.7043487585624231,-1.0608733414619542,15,2,999.0,0.001416,время,0,0.09285830338983134,48.0,0,2.16525423728815,0.09285830338983134
ANKR,1788410794,2,1700000.0,148.5,11157.3,0.01,10,1,4.504722222222222,55,1.4166666666666667,0,,0.3386004514672747,0.9309718437783943,-1.7896597437030426,-0.9581105169340409,-3.620988725065044,-5.385270327799063,-6.005497991118625,12.73142277453716,11.683417085427127,12.360970677451967,13.392857142857139,12.531645569620252,9.970311726867909,19.53993933265923,0.7457742274140171,0.07657923262106765,2.8232059627549155,4.728877679697363,0.7746196171518096,0.5333333333333333,11,1.9027968821641483,14.351215038972942,-10.886126704089815,13.219561895058597,0.48870056497175157,-2.7071473686084313,1.5640486531128361,49.409989611699935,61.1983397720197,0.2643393746474977,0.11046511627906969,0.33139534883720906,-2.126245847176078,33.029503155036,3.193785455961123,0.433799296290208,3.53857823613952,0.4704249542303622,3.4045919366442083,0.49417849245916207,0.5049704474641172,25.00022468105905,1.1059071821091235,0.5369755392257723,2.9378503818715402,0.0889462480886155,-3.1032910451607276,-0.005799279549184799,0.020986624416992283,-7.232144601442114,0.06266056579823598,0.056789763201072985,6.673083495755727,0.013972358680466757,0.08068738057220615,92.950287291189,-0.11535421965889148,-0.2723316653947093,1.34744991,1.51248164,1.238565,0.9191918681415029,0.952555090909091,0.827105,-1.111162389134819,-2.4903309090909094,-2.2621463404255313,-1.2904105104166665,-0.271749,-1.061996,0.09000000000000001,4.0,193.0,-0.1391209360262713,0.5736889287896618,-0.04860752965445414,4,3,999.0,0.004445,тейк,0,0.5030935999999994,6.8,0,2.182227221597288,0.2337507217097861
NMR,1788633086,2,1600000.0,306000.0,5.3,-0.13,7,0,4.102222222222222,50,11.019283746556473,0,,0.12658227848101333,-0.3255276698519216,-0.7528230865746499,-1.678060907395884,-1.4227853359642606,-6.629942947078494,-5.429909335458804,1.4102564102564275,5.725105814212528,5.937499999999996,5.10463957479792,9.810273021749193,5.186170212765973,12.020089285714274,0.7813917879846334,0.08028712342243172,2.8846694282219865,8.950447979520948,1.4066773824558745,0.6666666666666666,3,0.5721551176096629,17.376562831108266,-14.316663657699936,6.735634768919385,0.2741418764302062,-5.820934699291969,0.8103646716602492,43.351218178635854,54.55066244684049,0.13756675910556154,0.30147058823529854,0.3014705882352855,-0.5664533724955456,13.230113759800002,1.3903860498534426,0.46014140105718065,1.2337451632801948,0.4323521428238754,4.585300574718342,0.4937249457969022,0.4902591496082533,13.044949033713879,0.6997018391931477,0.5131316529491567,2.0571846392,0.15549258884309838,-0.4275866512948534,0.006185290765882812,0.007043082350709051,-1.5582896555734194,0.021404008795659513,0.013292939906523804,-3.242928602404882,0.14290176446360436,-0.08263644952481941,41.12050217956935,-0.0802044036999866,0.026453506970900875,1.57583333,1.78066378,1.411817,0.8959177173895668,0.7613269090909089,0.8303365,0.5972343923364732,,-0.18041945454545452,-0.06285009999999999,-0.0015055000000000001,0.018978000000000002,0.09000000000000001,4.0,88.0,-0.09725765904065042,0.28863324628320974,0.5201100847270101,18,5,999.0,9.492,время,0,0.0528900126422256,48.0,0,0.7907479983143562,0.0528900126422256
SUSHI,1788640594,1,1200000.0,131300.0,9.0,-0.15,8,1,4.435555555555555,49,10.507880910683012,0,,0.35377358490567,-1.9585253456221197,-1.4285714285714235,-4.845322400298158,-4.738805970149251,0.39323633503736133,17.921478060046205,24.71910112359552,28.939393939393952,33.594976452119326,25.63976377952757,32.48572911261027,34.79408658922915,13.29147043432759,0.7799440979452384,0.144446161249738,7.0373345668910625,13.557264265479585,0.761103410966172,0.7333333333333333,80,-9.724186704384719,30.683918669131227,-9.724186704384719,35.581518852894334,0.7089947089947093,1.2180691958159295,1.3101313496746794,62.598931161739806,83.59584367880052,0.6445985470810986,0.27500000000000185,0.2916666666666667,-1.9607843137254832,72.5550100467,4.992653796324238,0.4617448461227656,6.048204506577132,0.4818157805416525,5.5699621337504155,0.49415550544785847,0.4952368984122865,12.36690568493768,1.1684392052359498,0.5247387808651767,6.48716528446104,0.0894103009604103,-2.508617226915222,-0.02162867759581577,0.01906197880056082,-4.891321020774031,-0.000509255810541509,-0.030522694133787276,88.92454518720707,0.19084921016848821,-0.19090311813621597,151.44125776432062,0.03503132707237211,-0.2737824418527073,1.40614035,1.39334342,1.349716,0.9598728889331708,0.9396774545454547,0.9198474999999999,4.961897946657298,-0.14096566666666666,-0.20890809523809525,-0.08907584873949581,0.000697,0.004634,0.078766,8.0,203.0,-0.29740307187219317,-0.20875545682005336,-0.04214693475128595,20,5,999.0,0.2553,тейк,0,0.5870462000000005,6.883333333333334,0,6.698002350176235,0.5343457614179409
HEMI,1788753663,2,90900.0,13600.0,6.7,-0.0,6,3,26.914722222222224,324,0.3778054862842893,0,,-0.8575833493929541,-1.3518696069031666,-2.251567547026423,-3.6700683456605154,-3.453129398517407,-3.043724085940447,-9.618763176387912,-8.273156815547832,-8.068263045032175,-11.225194132873174,-29.430727023319612,-36.306797078123076,-33.97291920682795,-1.77739430543572,0.7103075528590429,0.2231005604503146,1.8051867193451976,5.053355675103632,0.5227767587595853,0.6666666666666666,1,0.862660523478076,11.979217723752589,-13.892375931040258,0.862660523478076,0.05034324942791737,-9.078068695705511,1.000468866186582,26.522894942075297,33.57807786934559,-0.01696949109040678,0.3943089430894308,0.1869918699187031,-0.9812327331618409,42.44932747176699,2.576977395653201,0.384367791937559,1.3226675774658359,0.4337749032854606,1.0573100854367374,0.4394163376727763,0.4713100501595579,0.33136878146475574,1.4166703152789148,0.6339067530333763,12.834381563200559,0.30234593402537874,-0.6588882084495817,-0.00376600556945228,-0.003960064774293781,-2.046796022631303,-0.025598557684588297,-0.0044430473298575635,-7.790858767092312,-0.04311272383815101,0.010068095530531007,-8.731389373239617,-0.12823250432205124,0.004079721866580677,0.76161262,1.04552802,1.488502,1.9544082659764752,0.9347917272727273,0.639767,0.8099647141970675,-0.06427444444444444,-0.10119945,-0.2639511794871795,-0.00469425,-0.5285650000000001,-0.548779,4.0,238.0,-0.3543207974660123,-0.9229014297438054,-0.5388106161943185,4,0,999.0,0.010289,тейк,0,0.5930000000000005,0.18333333333333332,0,0.02915735251241003,2.330954020361551
CFG,1788835289,1,242700.0,28100.0,8.6,0.0,9,3,10.919722222222223,132,0.799143891998683,440,16.288590604026847,-0.8396946564885654,2.04241948153967,2.364066193853409,3.753993610223638,5.695687550854345,8.885163453478606,10.178117048346035,9.712837837837828,5.781758957654715,9.805579036348245,26.36186770428015,28.869047619047606,20.612813370473514,-0.33812341504648735,0.8700991163648613,0.20580035689085296,2.401771763362426,5.097087378640763,0.5054254711593367,0.6,1,-1.1415525114155223,12.211784799316817,-5.595930232558144,11.311053984575835,0.6315789473684205,3.1555452649403515,1.4163258712263607,78.45470968386894,66.61498273954092,1.3966120633089263,0.129032258064519,0.0645161290322595,2.0000000000000018,66.7244842688,1.1610436174629912,0.5553769279801816,0.7028398473081734,0.5481408050178963,0.3475740494564499,0.5249379029769282,0.4856686984188931,15.52432236088604,0.8697083929791775,0.4631360820522824,4.56038533,0.06834650548408076,0.7165960859334408,-0.014902919304062512,0.016365489174459347,4.205903838986491,-0.002146864105895596,-0.00888118969867302,15.09754072659113,-0.016798066740657647,-0.017787512730808253,45.28605420531451,-0.0698447307333846,-0.24588334217860552,1.13405495,1.16502947,1.254691,1.106375841840821,1.235640909090909,1.5021225,1.4833333763875816,-0.4884413636363636,-0.2163513488372093,-0.2507914448398576,-0.00984725,-0.5335559999999999,-0.057033,4.0,78.0,-0.16455865268548697,0.2121026237739576,-0.9565191303826048,2,1,175.57083333333333,0.1299,тейк,0,0.5669949000000005,2.85,0,1.505696689761371,1.2853801168591212
DOGS,1788895547,1,468500.0,101400.0,4.6,0.37,7,0,4.064444444444445,50,1.1774315154561448,0,,0.034958923265149267,1.3458473525765902,-0.5560382276281528,0.22767075306480145,3.0428519985596036,5.047723935389126,11.624731811975808,16.65307786384018,22.417112299465238,22.96948861194672,25.202362721505132,25.697342411596757,38.2033325283748,10.163300386764075,0.6494233899850227,0.07820244593500994,7.028653272817209,13.02727094369236,1.189286080133897,0.6666666666666666,143,-4.521187854521191,18.669570382102552,-4.521187854521191,23.31394096099979,0.7997043606799705,5.907475405584672,1.430248544839297,64.66952879420467,76.39797533835926,0.859278811639234,0.2377049180327863,0.5450819672131136,0.9316224292494457,31.197162052401673,3.9783827520984483,0.5047425462511366,5.811699365749282,0.5009969300767001,4.854993779999962,0.4935576379058716,0.49080350644696896,7.606442143414054,1.0002263260489535,0.4654759149771157,4.2249309581285,0.135426772186262,0.733628901129646,0.006379360119313615,0.00599890225204236,21.546175947076797,-0.045259331560541294,-0.04894675307955376,78.94372324142707,-0.059799400851489715,-0.2512795289769324,132.6550403839748,-0.1064774600964854,-0.49300673598324973,1.60530138,1.65280403,1.455276,0.9065437917956565,1.0143985454545457,1.0168745,6.791014581523436,-0.4644665454545455,-0.245653575,-0.2215290217391305,0.00125,0.030000000000000002,0.09000000000000001,4.0,34.0,-0.26284367096092165,-0.22249615497640374,-0.8823298968551052,19,1,999.0,5.723e-05,тейк,0,0.5930000000000005,0.45,0,0.8037742442774665,2.0627772879259125
HEMI,1788932510,1,80600.0,17600.0,4.6,-0.05,10,4,19.845555555555556,239,2.48,628,0.29840799703813403,-0.1390996459281868,0.8041868777125094,0.03800354699772246,0.27936507936507926,3.4044781982453864,5.971551261406316,8.564751168545492,2.7987503254360835,-3.5186316432498477,-9.758884698891556,-6.809063016285122,-30.940096195889822,-47.71583686440678,-16.878071077591127,0.8618559735738528,0.12470067126282754,3.043448530025561,6.853713009491913,0.7905703561901243,0.6,3,-0.7914572864321623,11.46898193530319,-19.45945945945946,10.58675255566448,0.2837837837837837,-5.528341285871674,1.505072293182318,62.75239918698019,44.97485612967405,1.0305479680185745,0.5460992907801447,0.06382978723404464,0.7035047326682031,66.642130120194,0.5486777659290936,0.44613632671144415,0.6999997318062947,0.48005938445671575,0.8110150623332546,0.49249878970761346,0.48178654773371055,0.6547392133015076,0.7922225799493596,0.5186612547147528,9.4472836063981,0.1417614291343813,0.4964459400231158,-0.004944840944498874,0.003821193318668925,3.0083251178751436,-0.0037049275041155516,0.01550348498167442,8.459263799784612,-0.02148913147340381,0.03205357823917976,-3.9954056296442553,-0.05088431412681027,0.004833891425189973,0.76537396,1.01005025,1.691252,2.2097067425706514,0.9855815454545455,0.9352555,0.9876835454194761,-0.15164263636363634,-0.20622940425531916,-0.47819627112676055,-0.02266925,-1.2008340000000002,-2.69676,4.0,138.0,0.3046162938012742,0.5065131285509006,0.380869463686051,5,2,999.0,0.007897,тейк,0,0.5783961000000005,10.05,0,1.278966696213768,0.800290966582245
VTHO,1789022837,2,750000.0,67.2,11153.4,0.0,9,1,5.333055555555555,65,1.0,0,,-0.49597024178549276,-0.7574586489411006,-1.849870050451008,1.4218009478673022,3.8163001293661125,0.9751494180560094,-2.8009084027251996,19.93274799178033,47.75604142692751,42.79359430604983,53.221957040572796,51.84484389782404,65.76297443841983,46.908362989323834,0.48219291709344725,0.026855608460797303,8.102144735255834,13.721355265007729,3.113264255398377,0.3333333333333333,63,6.910907577019154,21.498751040799323,-12.006578947368418,50.987770460959545,0.7122207621550593,0.7243200431910735,2.693478148236176,56.056648035198364,72.54287387269557,0.3341971660968949,0.20179372197309228,0.20627802690583025,-2.019892884468244,189.2629295985749,2.6278446426745496,0.4740058584180624,2.910547574018378,0.5098600419589677,3.81736495759223,0.5046898782858862,0.5061869026913935,181.58180546530227,1.1511638334102638,0.47053467834339346,8.23736213199237,0.04352337855840944,-2.242043186622711,0.012847289257794658,-0.014095927024295407,17.271277341779246,0.06674633523722129,-0.0578337829961828,33.900155867078574,-0.0913390610680076,-0.09602747107260501,614.8861261667533,-0.5120118862637612,-0.3110102509062248,0.97925866,0.87335563,0.976397,0.9970777281663253,1.0345044545454547,0.852988,-12.103271864975929,-3.743574636363636,-3.536212239130434,-2.8901512,-0.39949625,-1.5806400000000003,0.09000000000000001,4.0,72.0,-0.28587830080367693,-0.0825764887096514,-1.2510706678693584,6,3,999.0,0.000642,тейк,0,0.4365887000000005,2.0166666666666666,1,20.386292834890973,-2.994693135202491
REZ,1789136188,1,549900.0,163900.0,3.4,0.02,11,1,33.57333333333333,404,1.267342705692556,8,1.3624876114965312,0.24600246002459691,0.24600246002459691,1.3996889580093264,3.788602355937587,5.433376455368677,7.8755790866975595,7.590759075907583,7.448912326961121,7.697390155269224,-1.3317191283293006,1.431238332296214,1.906845889340425,10.02362470469118,-8.292978208232448,0.7523095316982075,0.1662400628085651,2.3765971597424773,5.537564766839376,0.7398869576133859,0.6666666666666666,3,-0.48840048840048667,12.114989733059534,-2.511961722488043,11.56741957563312,0.8009478672985775,5.09966148415586,0.8679003845767425,73.54363248463581,61.0643615879554,1.184764399313027,0.08433734939758615,0.08433734939759137,2.156249999999993,16.510133514232,2.216439126255135,0.4196238281981559,1.52095079047894,0.4750841011519411,1.3431359454095564,0.48185661110068195,0.4754522219698202,1.3524718690506838,1.1583468454547994,0.5719843191678645,3.6500500612519997,0.22107937880124337,0.3761332424787378,-0.007437451054999933,0.007878414780390086,4.680327170113685,-0.008937029123861073,0.02573156278887012,5.184275480145439,-0.06224124473873027,0.038268593140282636,-10.546691662334972,-0.30789225117053465,-0.05332573502746585,1.19934641,1.27864006,1.13294,0.9446311679041921,1.0581821818181818,0.7875925,0.682971943688726,-0.11387081818181816,-0.21026475555555552,-0.13402309166666668,-0.02278325,-0.208231,-0.65161,4.0,103.0,1.7088803088803228,2.5711645389555393,2.559583676700572,14,4,999.0,0.00326,стоп,1,-2.034612399999996,26.85,1,20.33803680981596,-2.5351123999999974
MET,1789146969,1,33200.0,4700.0,7.1,-0.05,7,4,6.0775,74,7.0638297872340425,35,0.9405099150141643,-0.36049026676280294,0.8023340627279385,1.2825210699890066,-0.10842067220817597,0.9495982468955333,3.7148217636022274,8.264786525656076,4.223227752639502,21.441124780316343,26.905417814508723,34.763529985372976,39.595959595959584,50.79105291871249,17.217630853994503,0.8465874858914353,0.10002484584059732,2.95167059213306,5.3775743707093815,0.6784220671619087,0.6,4,-0.789662598707841,10.819411296738268,-3.7939436129481474,33.204819277108435,0.8634085213032578,6.687081131379702,1.5095073492608861,66.4087006977934,75.05380201931607,0.8833230575979706,0.21052631578947253,0.526315789473685,0.727272727272732,123.71267403619999,1.4427132016350546,0.5153283238688953,1.5034792237178065,0.4879753244427385,1.5644003162826206,0.5119840613965797,0.5073254953153371,12.640669692077257,0.9816443261682831,0.5361211783420462,8.569565897,0.0692699108136037,2.5430083564431216,-0.007020173034370414,-0.00554179753563655,2.262773497120718,-0.08708903423696046,0.015212437150102565,12.938081863569927,-0.089111218013735,-0.05957457273619393,83.10552574391015,-0.3453188879286495,-0.22506184202956903,1.06592484,1.00709459,1.185426,1.112110306013696,0.9637941818181819,1.3199985,1.56544658756844,-0.05989077777777776,-0.07311790322580645,-0.09977655782312926,0.0010395,-0.025130000000000003,0.09000000000000001,4.0,163.0,-0.05208668252845161,0.018661518661522436,0.7315609441854276,17,4,999.0,0.2764,тейк,0,0.5929999999999994,0.38333333333333336,0,0.18089725036178894,1.5831925481910265
LSK,1789194687,1,11200.0,6.5,1710.9,0.0,9,5,6.001388888888889,73,1.0,95,1.018181818181818,-0.29158916092705267,0.02017247465833094,1.2197611513728779,-1.460724400059621,-0.4067490207893987,-5.57962389907164,5.629527055815942,34.12456887806859,62.11378126532614,51.5705005731754,73.39569854869734,90.53703525794985,93.43606749244124,43.49254871990831,0.24675088943353587,0.034643097449600396,4.422087789670237,11.099395082967977,1.9254010785921831,0.6666666666666666,129,-7.318098976587695,20.61210686506596,-7.318098976587695,66.45404951741503,0.8348797975537747,21.13556978802793,2.6830345045957635,61.48102622679983,79.09450127621851,0.6179725930185133,0.20033112582781673,0.18543046357616003,1.9020763906690608,247.69810349505997,1.22253464996933,0.5164790827934811,1.6295213964764568,0.49364389005224296,2.543414438625706,0.5075165836183105,0.5056275376849537,28.222924160500348,0.9289296295011306,0.49991996070256506,11.445016676000002,0.046205507892506964,3.053342295219541,-0.005294864724203707,0.003810454891965298,8.059539888861744,-0.02795665347324039,-0.0028809881373117463,32.9616046944613,-0.2011682828839867,-0.07903428171766314,169.14293402235407,-0.3071610522561872,-0.11833117641165924,0.75374087,0.66863588,0.862489,1.1442778736411094,0.9746330909090909,1.0300690000000001,5.855128568999098,-0.5411423000000001,-1.206062,-0.6484445654008438,-0.1297775,-1.307529,-0.291356,4.0,88.0,0.06259930998193663,-0.05786377805162557,-0.04259528266955526,6,5,999.0,0.19833,стоп,1,-2.0908149999999956,6.75,1,22.11328089547724,-2.5913149999999994
PUNDIX,1789226528,1,156300.0,36600.0,4.3,0.0,12,3,13.097222222222221,158,1.6592356687898089,0,,0.8162116521249541,4.512740711923757,3.476167549350029,4.006968641114983,6.38550638550639,8.435923309788107,8.622258162336994,8.097776883613328,0.8919350295746975,14.8076923076923,16.147859922178974,11.693171188026197,10.475994654055732,5.694444444444446,0.67296510160664,0.1742814039732596,2.2148327183242333,7.127903499152621,0.8373384146157594,0.8,1,-1.1407543698252143,11.704860754290426,-6.823896644411686,17.288801571709243,0.6680725432307044,2.7060068646987734,1.1665530187992954,76.71580928686112,70.01612442311462,1.7004516373426437,0.5073746312684357,0.4837758112094397,-0.029019152640741286,17.28241912912,2.6775906760106607,0.49379056687288475,2.0478678451517296,0.49816372696098066,0.8977689204294885,0.5015561353038708,0.4950817016498125,20.206607125952427,1.0316732628556375,0.5475572881974881,1.47698529433407,0.08546172172421306,-0.41022480374400816,0.012561643350078588,0.011244990357178075,5.79483819484905,0.057143424425737166,0.005793275846601276,6.576349399618198,-0.01998136311377774,0.12252563983990328,66.11357357410961,-0.28989769372841556,-0.32845616359432384,1.90718039,1.97928994,1.322938,0.6936617044389807,0.8895492727272728,0.7263,0.7627177562769393,-0.18984133333333336,-0.13421186666666665,-0.3689428529411764,0.0008322500000000001,-0.085242,0.09000000000000001,4.0,37.0,0.08133561090286623,0.12872377172294946,-1.3647653747975164,15,5,999.0,0.10746,тейк,0,0.5864757000000005,5.516666666666667,1,20.59775730504374,-2.7639440999999993
PHA,1789276535,1,737500.0,184400.0,4.0,0.01,8,0,12.167777777777777,147,2.4188258445391932,35,1.0614565342544617,0.3444712366517333,1.3569937369519725,2.6788861473387326,3.481349911190046,5.428881650380024,7.332350773765661,9.182908545727141,8.491620111731857,6.899082568807335,14.235294117647058,14.145768025078365,8.77520537714711,10.676291793313064,4.627450980392167,0.8044617058731687,0.20595339027816043,2.15297496827187,5.276472714130831,0.5850097548613108,0.8,1,-0.3421142661648946,9.557721139430274,-0.3421142661648946,15.18386714116251,0.9746192893401017,7.230338836267136,0.808902597194101,77.42697877375939,72.18026980077664,1.1963327618598814,0.08433734939759102,0.0361445783132515,2.5795053003533575,6.0397387186000016,2.5954260286467483,0.4919878167961785,1.9374756909736757,0.5159267775422297,1.3326800111356059,0.5527886889983987,0.5241367267926766,0.6445176024332682,0.8533323059883542,0.5855685863131879,1.90169213072,0.3148633110342244,2.4105738112423225,-0.009605486887492631,-0.002943724411996973,7.430133875324363,0.04781972005563384,-0.004797404520929582,13.659843929224834,0.09301069303930976,0.10884547259099553,16.084313631171334,0.19020307755248456,-0.08632006718653773,0.90162369,1.2199095,1.411048,1.5650076807542626,1.3535271818181818,0.8562974999999999,1.487529126660075,-0.11285000000000002,-0.1960029285714286,-0.17647838356164386,-0.010562750000000001,-0.16370800000000002,-0.09472,4.0,164.0,0.04496198962633535,-0.0490621872932695,0.026168921684965873,5,6,999.0,0.02913,тейк,0,0.5924292000000005,6.65,0,1.4382766906968714,0.48954742341229024
LSK,1789283491,2,640200.0,94800.0,6.8,0.0,9,1,4.015,49,2.304535637149028,382,57.160714285714285,-0.4547833237807941,-8.756281407035182,-13.236172500298649,-11.337380283878407,0.001251689781223142,-25.65672544549389,-5.939626551131417,36.268740725579505,210.30022915291107,279.521162890124,481.2090790048014,597.1465968586389,677.8502580079837,303.4867702246924,0.5583560715264028,0.021257861495832996,35.89660605703128,52.50844635949665,3.552258157489661,0.6666666666666666,69,12.523767270883512,233.86853706285825,-66.2969837587007,323.6332785407498,0.27972739480546865,75.28612499242544,11.356175052801344,49.53731055555008,63.89104772041816,0.37672420209084423,0.17871238283177104,0.2528367044893926,-4.942150355461683,2430.24510276899,1.3444916158681757,0.4852871579198394,1.2943966589778737,0.5056682177962194,2.4845638713014693,0.5134740924626536,0.5155618912618009,51.86425665852117,1.0074100042420802,0.47437686623204905,29.533312818240002,0.01215240091815847,-9.79322848452303,-0.06611004662793007,-0.004403650499917644,0.16402381639248897,0.033591760867579534,-0.014384231343591014,-49.60608003675014,0.33375791677031685,0.1163847840397243,134.08278036362228,0.03683735352202455,-0.2270168294421928,0.80209747,0.74524393,0.646149,0.8055741654440077,1.0279247272727272,0.94009,8.351716999329001,-1.3570783,-1.6435760731707316,-1.2674742058823532,-0.47521825000000006,-3.608949,-1.6097069999999998,4.0,48.0,-0.2571146482886366,-0.23542689406047534,-0.23052002262488047,7,6,999.0,0.79893,тейк,0,0.5930000000000005,0.15,1,27.56061231897664,-2.5960783999999975
LSK,1789370128,1,91000.0,10000.0,9.1,0.0,9,4,28.080833333333334,338,0.3275737940964723,382,8.125,-1.1583992608419469,0.23893743118836852,-0.8078443190115747,-1.487211363584029,1.2577053680237649,5.500493096646952,11.513303624944626,4.702830996598895,-7.0144940133423095,7.06315052041635,301.9255154276054,528.586118251928,721.718674987998,-3.990692554043229,0.8627712615620917,0.08183888398049927,3.5794021543312655,8.382459925243957,0.7312960521760662,0.6666666666666666,33,-3.623873873873873,23.17935913441531,-25.516100957354215,31.516911776005397,0.41160415036024645,-2.9738849482927376,5.475190378889832,52.95984864535524,53.323311065220885,0.7577205735072273,0.017464198393291865,0.7107928746070564,-0.890537183933704,1947.07856626066,0.4116402068374584,0.4904741592832109,0.39841162586766926,0.499189791418736,0.4757708255021311,0.5016184124201368,0.50061517268637,4.9233743968816945,0.7732715828663701,0.5073762593095803,26.665597406278,0.013695183064692118,1.305493223720422,-0.0003663147391480548,0.0023439837384064965,1.8906713570903122,0.00212589540779895,-0.010604385940149896,12.508810703226182,0.11728759361248797,0.08383138098653298,-9.214976430122357,0.20986780660089677,0.349123770636212,0.9864402,0.91639733,0.911267,0.9237934544841138,1.007748909090909,1.046146,1.0864658060545453,-6.808520636363637,-6.217677106382979,-4.012412257839721,-0.8062369999999999,-11.182545000000003,-5.214065,1.0,44.0,-0.1558920640392425,-0.1786178144586703,0.6417744610066833,7,0,999.0,0.85582,тейк,0,0.2055148000000016,3.066666666666667,0,16.810523240868402,2.0850319742469203
POLYX,1789389093,2,96900.0,9800.0,9.9,0.0,7,2,5.435277777777777,66,0.7611940298507462,126,4.020746887966805,0.3028773346794411,-0.22596033140848126,0.050352467270897705,-0.6251562890722706,-1.511771995043365,-0.9471585244267278,-7.774425620793702,-6.844819503047351,3.4357105674127864,-9.763851044505012,10.4502501389661,12.29160779881322,7.81334780249594,-2.1571298819255236,0.8007632222626033,0.16414559852363617,2.574235899807853,7.174063002989184,0.8636774737487536,0.6,117,0.7095793208311996,13.63405980739989,-14.611087236785558,5.327325735488997,0.22814982973893283,-3.822734312151843,1.6780713245610122,35.13614545624267,46.88529117059972,0.1857778637635543,0.5249999999999905,0.42499999999999394,0.05018820577165073,21.8457953697,0.6516246771360051,0.4753842127528395,0.4870009472209984,0.4408564764345029,0.7829157834501347,0.4812743027845705,0.48409634453539374,6.368019033714493,0.7455690870922146,0.5850576426769536,2.0565336998,0.09413865071044294,-0.5881113953325467,-0.00567500068064819,-0.003520813364370712,-2.5892448688658143,0.006873854942235802,0.0007812923038841291,-15.012158802864018,0.07130584070631962,-0.061484097800661885,-11.41308763603276,-0.02096321718564831,0.009990909469418163,1.57917889,1.60426009,1.164366,0.7373236859821499,0.7217504545454546,0.88257,1.9309669337773414,-0.2088147,-0.37206036956521743,-0.49240079704797046,-0.03562625,-1.1602910000000002,0.040009,4.0,208.0,0.11814107585428335,0.3224627610841857,1.5166627170241753,12,0,999.0,0.03974,время,0,0.4288459942627077,48.0,0,8.019275289380978,0.4288459942627077
HEMI,1789402237,1,38900.0,12400.0,3.1,-0.21,11,6,5.155,63,1.074585635359116,528,0.4826302729528536,0.9615384615384803,1.7379267917563945,1.1777301927194728,2.8451492537313383,2.989257356375541,8.088235294117663,8.318323235631265,8.674223755544608,3.1820308844174194,5.856937109937599,-3.3742331288343475,-5.540482650292722,-22.29531305062844,-2.2723635781725204,0.6973519430657025,0.15556630228191742,6.679647834136482,6.994945377466166,0.8481371270177734,0.6666666666666666,74,-0.28640337654507464,10.511410961186085,-0.28640337654507464,10.194902548725636,0.9698890649762284,5.0851952736622685,0.9634527371606576,68.49272603190636,61.49495352431601,1.0788103856104387,0.43795620437955696,0.22627737226277847,0.7121845486917522,13.905435974374,1.700136912070338,0.49594770916792436,2.0411871544713494,0.47083629544435285,1.9416300887138105,0.49917003887839856,0.5032880022564024,0.3460879106679271,0.8532105943075419,0.5680358439976098,6.58002893409276,0.4731983194355747,0.7743733009218712,-0.0024502861435824475,-0.00018502275094567366,1.707548424794414,-0.008449720667112137,0.009235171123583186,10.294446637020659,-0.029361227908881404,0.022517009446542335,6.150686995904442,-0.039824302674812295,-0.05375723429444701,0.63352887,0.87069714,1.604911,2.53328786737059,0.9233590909090911,1.0260995,1.237562708903248,-0.13272436363636367,-0.1322257804878049,-0.22832802877697841,-0.00306525,-0.47826699999999994,-0.21370300000000003,4.0,229.0,0.08129532246083926,1.0255216358954433,1.8743676878777649,16,0,999.0,0.006615,тейк,0,0.5549386000000005,26.55,0,8.835222978080104,0.3786426706727138
STEEM,1789431722,1,65900.0,4600.0,14.3,0.0,9,3,9.27111111111111,112,1.0,0,,2.6362607148633366,7.43186050448621,10.1927417954506,16.504497888746105,15.591985428051004,15.570934256055358,15.214233841684832,14.507398051245058,11.548602566356125,14.610800072241293,18.197057180108022,41.39928698752229,39.65669014084507,-0.5237493227379542,0.12604013986397078,0.25364850472056066,4.06384577665051,16.611539875045935,1.1132150872573252,0.4,1,-0.2358119792485458,18.80836757564439,-7.975638051044076,18.994937183573967,0.648112603966731,4.8848062946391435,1.464105127826607,83.6191611304092,63.59242324538655,3.1563952962773856,0.2640901771336547,0.14492753623188484,6.741366642174862,46.67941501103999,6.665055685257793,0.48026262447032875,2.493415212693491,0.49726752059096213,0.7904256484481158,0.4919830265545066,0.48871660628340297,1.4637985373123668,0.794412211967238,0.5888010811378962,3.4832808856299997,0.07462134829252211,6.4169026243513505,0.039966731814887746,-0.04959060211262323,15.402268525695373,0.018012389595433165,-0.09377002927952638,19.928301698630424,0.02541923518524425,-0.0512182227643021,7.343508843568469,-0.24125782958209363,0.05931273854207908,0.78988016,1.01393728,1.139615,1.4427694955649981,0.9948144545454544,0.9112315,1.3098458920770442,-4.083002636363637,-2.1187145957446814,-2.182982567944251,-0.20893525,-5.657042999999999,-5.410801,4.0,217.0,-0.3782616294719987,-1.3324000005054182,1.5802564209299375,0,1,999.0,0.06346,тейк,0,0.5930000000000005,0.6666666666666666,0,5.29757327450362,0.5320513341632527
AXL,1789470688,2,90300.0,50.1,1804.2,0.0,9,5,4.078333333333333,50,1.0,0,,-0.08818342151675207,0.17683465959328348,0.19898297590095204,0.06623978803268482,-0.8315098468271276,-5.955592446565672,-9.757068896853848,-3.962703962703973,1.7740848865932968,1.8884892086330929,2.1871476888387864,3.944954128440359,0.3987594151528606,12.904676258992808,0.7153187823732577,0.185699522268457,5.043428680269946,5.572628559721371,0.5711375638147084,0.6666666666666666,23,0.9129369850812807,12.179915386328211,-17.20862257946657,3.4703196347031895,0.1389396709323584,-7.909239759275066,1.5404551977734608,39.7615527094595,47.38969649270212,0.1883955061637047,0.3170731707317024,0.5853658536585457,0.08859357696566761,19.176275772767998,0.6531923897070637,0.6310489860637485,1.057803308458366,0.5437328274237249,2.1247191179054883,0.4950756622033679,0.5019270221976821,21.97990817376277,0.7597560423043729,0.6015642228462127,2.28284739726815,0.11904539882086983,0.2207481408999845,0.028695440663778937,-0.007462286978479171,-1.6764388694048171,-0.0011620240584365726,-0.001149556043850808,-10.62704549395168,0.10800757659925342,-0.12504785701709376,47.123791374506176,-0.24457929480541252,-0.42011017779004844,1.71963331,1.9934811,1.167803,0.679100011152959,1.5906296363636365,2.477746,1.0891637238903125,-0.4209185454545455,-0.7227550000000001,-0.44066935294117643,-0.13318425,-0.544944,0.089554,4.0,48.0,0.09993917875725788,-0.29488100554682095,-1.0802056898624346,11,1,999.0,0.04532,тейк,0,0.5608650000000016,10.716666666666667,0,0.4854368932038833,0.44049498120035213
ZIL,1789550523,1,110400.0,10700.0,10.3,-0.01,7,3,21.274166666666666,256,0.4997736532367587,29,1.0009066183136899,0.19620667102682177,1.625207296849096,2.406417112299475,3.0608812647157757,3.758889265154086,5.075445816186552,8.077601410934744,10.693641618497107,10.7336465486086,5.147563486616336,2.680965147453085,6.167706167706166,5.400756793945649,-2.7110501029512735,0.8918574561366376,0.16886171290151827,1.0292903648822183,4.395229982964222,0.5599483579193442,0.7333333333333333,3,-0.6485084306095956,10.221586847748387,-0.6485084306095956,13.861018208844289,0.9491094147582696,7.102555103232122,0.7004599303600016,79.97745189153625,68.31539322858407,1.1939454130329337,0.4310344827586189,0.05172413793103397,1.0090817356205983,9.476812248478,5.67904439481657,0.6159229051994377,2.3457651469452987,0.5648058264527548,1.7170928592503685,0.5283708302436534,0.4903130022334521,1.2185422665426657,1.1713103831399496,0.5752712538599911,3.51349952079,0.3707469799619885,2.9428084713899016,-0.012286639250584153,-0.015752458280852255,6.215332376160743,0.00787607207707497,-0.022264983464824195,16.624425344560102,-0.057810434357657314,-0.002625731068898851,9.019506757317618,-0.26313713901945823,0.0659387623675427,1.32370821,1.34422658,1.092438,0.8252861104487673,1.0844104545454545,1.266908,2.0580893385077683,-0.39308245454545454,-0.24499193617021275,-0.21659650553505538,-0.020637,-0.47119900000000003,-0.9324920000000001,4.0,157.0,0.3636696051700694,-0.00884350688604707,-1.4911224444681404,9,2,999.0,0.003064,тейк,0,0.5714620000000005,7.7,0,3.223563968668408,0.16342302245430823
TLM,1789560978,2,184000.0,24300.0,7.6,-0.2,8,2,4.413611111111111,54,1.3440467494521549,27,12.867132867132867,-0.4389173372348121,-0.4389173372348121,1.0393466963622755,0.9643916913946615,1.6430171769977742,1.0393466963622755,-6.460481099656345,0.29476787030213725,-1.090116279069775,-1.161946259985469,-2.576950608446671,-3.4751773049645385,-6.2672176308539935,5.664488017429181,0.7364489490660616,0.11017642391532227,6.233173112016921,8.57699805068226,1.166630568190021,0.6666666666666666,69,2.639517345399711,18.174962292609354,-13.146139119336308,2.639517345399711,0.14522821576763517,-4.388627403804602,1.1295899433831331,46.766853313442766,47.102819292558195,0.3519887872668821,0.39999999999999875,0.14285714285714374,1.187824795842607,10.516155700206001,2.3367980566113737,0.544757716862527,1.2713380909141636,0.5508568980711481,3.6607200768185546,0.4901818564190485,0.4847484616817856,6.7762982660231215,1.3673675141870645,0.5792189142071421,1.391508141276,0.13232099076364398,1.0211113716202869,-0.1058571998280815,0.031301349200782536,0.03393699543325912,-0.11258077181361847,0.01775962710629697,-12.369784600596445,-0.13159991836968998,-0.06620221305016427,1.5677803185344619,-0.14870657034310164,-0.2949683927188965,1.66832607,2.17038778,1.514465,0.907775180903335,1.3652054545454546,1.300385,1.914684744028496,-0.13518244444444444,-0.41457588372093024,-0.254811523364486,-0.024253,-0.07201199999999999,0.09000000000000001,4.0,223.0,0.2743885563366355,0.8020603969761675,-1.0487382368088327,12,2,999.0,0.001361,время,0,-0.36198345157972145,48.0,0,6.891991182953716,-0.36198345157972145
HEI,1789573029,1,67700.0,19200.0,3.5,0.0,9,5,4.011111111111111,49,0.9548660084626234,268,3.761111111111111,0.4822814007129361,2.1748400852878547,5.535163705770074,8.703213610586014,8.917342222895686,13.986679352997132,13.941507489894578,25.47787378894999,28.644295302013422,28.059861036878676,23.920351693819498,27.03013166033401,2.12403210911416,12.390878318189923,0.36636184643179237,0.09912532014006878,8.119386751629243,9.897663051779437,0.7375242750223663,0.4666666666666667,4,-0.2220988339811325,18.09836065573771,-0.2220988339811325,35.49481621112158,0.9915745129015268,12.372480105333405,1.6499266704069717,70.9428429892415,90.79705062885152,1.4223735570327223,0.10755813953488375,0.15697674418604757,5.742604221835501,26.775557974717998,10.314210648782142,0.5155305004190915,4.399481756575594,0.5068078400895514,3.4474085114986357,0.49242810809744303,0.492067640409117,6.260165538774626,1.3462214224904785,0.5386041037949725,4.612005419112,0.17224684630164364,8.090201844106115,0.0329787060681308,-0.03647735240155148,14.218373048839993,0.04716310318565453,-0.03298886437288839,26.27000992794841,0.13427276284402634,-0.10731329177410254,61.67235993147779,0.24630014068050077,-0.1989691531287483,1.09979306,1.42769768,1.570751,1.4282241424582183,1.0104968181818181,1.1104875,1.8843019628250444,-0.892213,-0.5558028333333334,-0.23713308433734934,-0.02529775,-0.076342,0.079798,4.0,22.0,-0.2560648856019365,-0.4444034788562701,-0.9238389768319477,15,2,999.0,0.14376,тейк,0,0.5543669000000006,0.4166666666666667,0,5.481357818586541,0.15095899849749472
COTI,1789671355,1,4300.0,79.1,54.1,0.0,6,5,4.667777777777777,57,1.0,0,,0.3909704444961637,1.2914435991359108,2.7486661585365946,3.4732549772127808,5.1684626261641275,9.682176455631852,8.539653784219015,15.077628981486434,21.810583385101936,24.70513413506015,31.118541033434653,28.509294566253573,17.235569083596047,14.893617021276606,0.49021296368595263,0.13709429651324595,1.77628138690209,5.405405405405395,0.6366401946970653,0.6666666666666666,1,-0.14351851851851505,11.54144074360961,-0.14351851851851505,28.25712077064877,0.9935187121053732,14.345229169763485,1.0302333566982436,74.16832383983123,81.14267485199115,1.365850132653585,0.5805785123966921,0.2851239669421533,-0.31143692204493867,41.761661102935,3.5725044172627203,0.5796387236450152,1.9442254665150212,0.5507522701022234,1.4864842346854152,0.5165904979888565,0.5019579104037304,1.8401910128579024,0.921115175756072,0.5446694816785388,8.8338683044094,0.21153057783394916,4.08881239148684,0.014479216849523135,-0.021987125381146666,4.5786507436542445,0.12481992074917536,-0.029266554125748745,11.184483899837595,0.18607370749659857,-0.04602395227856204,43.96600388009462,0.44292714640460495,0.04963809222272042,1.22673216,1.41920801,1.312817,1.0701741120082804,1.1495907272727273,1.4728485,1.3097116326315401,-0.04487920000000001,-0.04363862068965517,-0.08743314423076924,0.00075725,-0.07687400000000001,-0.11864600000000003,4.0,64.0,-0.12531998325587823,0.001697431524960713,0.8428190526350576,18,3,999.0,0.021569,стоп,1,-2.025140599999998,3.85,1,20.325467105568173,0.8971109200890167
ONE,1789673473,1,189400.0,49800.0,3.8,-0.0,6,2,4.081666666666667,50,1.0,0,,-1.3094635627530327,-3.057229851488219,-1.8928436674632065,-3.1595282433271255,-4.80810299591189,-1.6702382453044229,21.446364627121284,50.73429951690822,25.450305564490193,136.09261501210653,129.96757075471697,127.88489628980426,141.20284477427333,94.40072639225183,0.7271311372320448,0.11916037904992467,5.778472519978894,14.683808200138992,0.6953754905367291,0.7333333333333333,60,-10.851428571428567,36.64402280003123,-10.851428571428567,137.09726443769,0.826098901098901,27.684113660880193,4.667389419465227,60.85913296319292,77.16678704164246,0.6180999911682575,0.43816793893129746,0.4900763358778619,0.2944124279629312,454.6434473374555,1.217466590784311,0.5006463163220362,1.5782386689080936,0.5031523254503634,1.9233937868836921,0.5070749235657207,0.5016586689581606,190.22166442600877,1.15234541476585,0.5549990381877005,10.3949322028152,0.022863921747231612,-0.32196269184632254,0.013375161676873137,0.0010180141863431746,-2.5097466618601127,-0.021759029280769115,0.020926598786363604,27.191125156241846,-0.20916664380382555,-0.07427579597522993,361.94819170480235,-0.5607267668276874,-0.45262514541906196,0.85495781,0.84198825,1.094418,1.2800842184247663,0.9744440000000001,1.1311624999999998,1.267866402022079,-4.044515,-5.603406212765956,-4.753071984375,-0.141358125,-1.120865,0.045000000000000005,8.0,268.0,-0.20635973860231305,0.15359455746712936,1.3798081061574097,19,3,999.0,0.0015601,стоп,1,-2.021999999999998,2.7333333333333334,1,20.07499519261584,-2.5224999999999995
HEI,1789742218,1,27300.0,4200.0,6.5,0.0,11,8,6.345833333333333,77,1.0,362,0.6086956521739131,0.0,4.682681964861968,6.391662415275845,10.590909090909095,11.74219228413962,12.205995388162961,10.977649384217724,11.802098491230772,8.899664304364041,15.017333753545525,10.750322433806225,30.67764748008235,27.504585553323444,3.6400882445634997,0.25828181457319194,0.28181306163620035,3.780748264004763,11.836859858938986,1.08159306961055,0.6666666666666666,1,-0.42971147943523524,13.80113327641077,-0.42971147943523524,16.263141127747694,0.9700712589073638,11.01027525304874,0.896766200358821,88.56463889166983,73.23268406363331,2.2994571648802036,0.04207920792079307,0.09158415841583727,2.592976737294417,10.027657413490001,6.168414407924635,0.4657257545177478,2.7322439951063773,0.48131895302784733,1.0750302253736592,0.4934391931823188,0.4926028590965609,0.7265399355792135,1.1937716991312044,0.6248943197017065,3.5628993478321296,0.35530724683903087,3.5545977917773586,0.003060705263467689,-0.01301209341074605,8.637430961233218,-0.014798381580828801,-0.023369322630917178,7.772449033988038,-0.037542255888244,0.0013002037648377485,-5.303645401573043,-0.05568234241693004,0.247876094542961,1.0064083,1.43247863,1.914494,1.9023034686816476,1.132880909090909,0.788808,0.7080248933038691,0.06916975,-0.003996538461538462,-0.0643121893939394,0.00125,0.006216000000000001,-1.2071530000000001,4.0,83.0,3.221410033937877,3.086455254067033,4.857280656026708,14,4,999.0,0.14598,тейк,0,0.5930000000000005,1.3666666666666667,1,20.94122482531855,-2.5199999999999996
ONE,1789799541,2,78000.0,14100.0,5.5,0.0,10,2,4.333888888888889,53,1.0,287,0.517584605175846,0.08059460911615801,1.195219123505975,-2.2051102555127766,0.1702966747333612,-5.846672283066545,-5.070924997876491,-18.37271299711499,7.544264819091606,27.03608979823815,14.843549298669267,92.67304542711837,236.8801808590806,226.7358573307996,40.692596208189904,0.6101691626154448,0.14323205633730787,9.574802415765493,18.18052695121085,0.8812392426850258,0.6,166,2.250686184812456,31.152790484903935,-22.388888888888893,48.193330239342316,0.5299263687395204,15.601467745018493,4.517091885599104,49.33503257859913,59.655288840885184,0.26705089560607165,0.43465634075508397,0.042594385285575034,-2.3910733262486605,411.62525281485483,0.7167560462122529,0.46720618605629544,0.6216689429242958,0.48995489882376453,1.0902112271821496,0.5000267432669361,0.4970457325102478,3.321200679779911,0.9381472404889921,0.5710685606977458,9.83030296392978,0.023881680962735678,-4.9084645290008115,-0.013782522565697675,-0.011702359985618194,-8.424998470825651,0.006630879530971745,-0.0010239933390072675,-28.696246751623413,0.09468753404774644,0.036550295847681546,-15.98002649804785,0.010549880160607428,0.016457956671787954,1.10330024,1.22947417,1.190194,1.0787580359812121,0.940924,0.762391,1.5618949012118948,-0.5759816363636364,-0.6559099555555556,-1.225112701754386,-0.068774,-3.773254,-4.310021,1.0,27.0,-0.1146456413060104,-0.4492975190856119,4.4410350242652274,6,5,999.0,0.0022352,стоп,1,-2.0475220000000003,3.9833333333333334,1,20.884037222619888,-2.600835099999997
SKL,1789868774,2,4900.0,305.6,16.1,0.0,6,5,5.240555555555556,64,1.0,0,,-1.2554927809165117,0.446998722860803,-1.8918918918918948,0.04239983040068562,1.5712440809298345,2.6762402088772896,4.79680213191207,15.153733528550518,17.21311475409837,18.926411290322577,26.041666666666675,34.1005967604433,26.210216635464036,13.4828629032258,0.3279771476346986,0.025460346099407814,5.570565613906275,11.159695817490489,3.42280603261285,0.6666666666666666,104,6.021118849696694,22.30959334980902,-13.317413666421752,20.10689742937133,0.5214521452145214,0.8237680109375312,2.058013915889838,58.06056882982286,65.17848450643811,0.5610946671724145,0.328282828282832,0.27272727272727354,-1.645833333333313,24.148552477244,3.2491534206394244,0.5178141151896379,2.9286327071184894,0.4991867251429776,3.84774106246398,0.4849756959283573,0.496792779326836,13.860516754135938,0.9349512027330916,0.4726355873288157,3.0328099556590002,0.1255897204818765,-0.33656418110763475,-0.000834641451196827,-0.014300537712332084,9.472445835904741,0.0732983674058636,-0.06820905309624714,25.594581310537535,0.13353492823554824,-0.06535293470108039,57.76146692341324,0.12359232273693799,-0.3392623835526254,2.28628231,2.53182309,1.366969,0.5979003529096109,1.0330869999999999,1.1741845,5.3357592426551035,-0.6861373636363636,-0.5300402750000001,-0.4251246181818183,-0.03830475,-0.128219,0.08614500000000001,4.0,133.0,-0.31391921746531937,0.05555925950619933,-0.12102866974454951,1,6,999.0,0.004719,тейк,0,0.5930000000000005,0.9833333333333333,0,11.007204916295809,0.005204349438439957
ZIL,1789889461,1,97200.0,1800.0,53.8,0.11,7,3,5.420277777777778,62,2.8011527377521612,532,0.9538763493621197,-0.093283582089565,3.879728419010653,11.272727272727256,15.50283095173901,16.857610474631745,9.677419354838701,8.979903332485373,16.730245231607622,23.815028901734102,38.685658789252166,43.71016437437098,49.99999999999998,47.0648815653965,27.258012301715738,0.08691567430902204,0.08871261591803233,4.552254616895901,16.44915715062536,1.7046911667770124,0.3333333333333333,1,-1.765650080256842,19.64334705075448,-1.765650080256842,39.317073170731696,0.940124416796267,14.83817349093377,1.2906859114806035,70.56736136535572,75.42923366998652,1.327609195983802,0.07032967032967012,0.12967032967032968,9.35251798561152,37.659879259562004,16.371362699073362,0.5061669906837506,5.621345981224001,0.5054411674873256,2.75862028172005,0.4928548498518434,0.49843112741079765,3.798123125511446,1.1459299710993869,0.5201755662745141,6.6031211745582,0.1753356968844142,14.903614145309895,-0.04682199513428842,-0.04714581173539589,28.189538487744258,-0.04175643276142482,-0.06063342267846916,23.015082686413212,0.012431803271537811,-0.011012414539955828,106.89994924510002,0.11249771242645212,-0.005957985648884612,1.61544064,1.60673547,1.285851,0.7959753940571905,1.0189431818181818,0.985757,2.5629543920762137,-1.3909,-0.6102667659574469,-0.21608329323308273,-0.027858,-0.21353500000000003,-0.626438,4.0,28.0,-0.07658786156993225,0.01704930110308922,-0.8726337133863837,7,6,999.0,0.004284,тейк,0,0.5534018000000005,0.48333333333333334,0,2.7805788982259605,1.2032273173669463
ONE,1789889779,2,452600.0,53100.0,8.5,0.07,7,1,29.4,354,5.802564102564102,287,3.0033178500331785,-0.5032275062574088,-0.8766864402330765,0.20431448510096484,-0.4796289463975145,-4.626729972724508,-12.184913031345923,-10.205440365227325,1.3608181012964016,-10.284370322856528,67.30462519936205,116.17722823286965,203.984544795943,460.6294536817102,86.31933368775475,0.18833546333597542,0.06892777626036878,7.550027509686608,10.027952480782664,0.9032812158262249,0.7333333333333333,168,4.676109432602482,25.517642819524887,-27.307025986525503,70.1081081081081,0.5231596638655462,4.159781579810673,4.501214100937576,42.93873542184367,55.05993659665937,0.09053661688196762,0.3858173076923071,0.4383012820512826,-1.1389580738895844,758.1270451526934,0.8257984001841068,0.5115423934550468,0.7001982054929661,0.49838787448067956,0.8077015094396565,0.49685404861951443,0.5056466646582046,4.105111456217568,0.8887924698122076,0.4859624148572001,14.49164111476062,0.019115056252665248,-0.5325375928469822,0.011737038152829005,-0.003198350986359677,-1.3546277751226965,-0.0037003612913413253,0.03183125906573814,-7.198647116742052,0.02094461647738055,0.03659125674261343,45.46217567795496,-0.004838736103082941,-0.13402210932252057,1.10911517,1.18591304,1.03004,0.9287042751385324,1.0020246363636363,0.9782360000000001,0.7053734928744256,-0.312359,-0.26466197826086957,-0.4694676273764258,-0.031692,-1.178404,-8.159043,1.0,23.0,-0.07658786156993225,0.01704930110308922,-0.8726337133863837,7,6,999.0,0.0037764,тейк,0,0.5930000000000005,0.016666666666666666,1,21.258341277407066,-2.781285699999997
LSK,1789920379,1,76000.0,10200.0,7.5,0.0,11,4,6.334444444444444,77,2.331288343558282,211,0.10393873085339168,0.21236033688072364,2.9016750916840195,6.783409190259437,8.68381794865083,8.663910404019258,5.476111858982491,10.086951911351449,11.742862524553988,7.249483471074369,-0.45067721443127207,-6.162154833461386,-7.481341205302449,-59.31278413544443,-9.572096368212879,0.22428585076135008,0.1203125021572587,4.584072103006475,9.775569007903972,0.9776086918844795,0.4666666666666667,1,-0.3192510801728443,11.874966432139233,-2.27101572060624,14.52564809707666,0.8451540436456989,5.755433735176596,1.0383334792432146,70.01423272722926,56.686908898183106,1.327948782017191,0.05146778497903237,0.06976744186046512,6.032925903630204,122.07331540104,5.242905332103624,0.4922846939840467,2.027393023339575,0.48742202841001947,1.4499501365812175,0.49943762450871787,0.46936053760846624,0.10383495562009994,0.9507868289144268,0.5607786186022069,17.28483243169371,0.1415938641046072,2.5750250164237265,0.006340658497065554,-0.00801256766912839,6.5308403980886665,0.010275506371304477,-0.006468626228265828,4.200941073286657,-0.006638735307388566,0.0005877999426744385,-2.1461007159861545,-0.11350473604658429,0.09041745261687617,1.41092401,1.67168528,1.169452,0.8288554108594409,0.914946,0.9796929999999999,0.41647279675826426,-0.6890975454545456,-0.6189092127659575,-0.7618511672473867,-0.061344,-2.1232729999999997,-20.258187,1.0,53.0,0.27824965590783624,0.5258028748862609,-0.9039433102436045,16,6,999.0,0.41527,тейк,0,0.5805799000000005,1.5833333333333333,0,1.1351072796012218,1.7834345388181174
AVA,1789928795,1,12500.0,3900.0,3.2,0.0,8,5,8.672222222222222,105,1.0,0,,-0.07987220447285281,1.2545528126264527,2.4150634465820664,1.831501831501825,4.336947456213491,9.496717724288818,8.077753779697616,7.937877480586697,3.774367482372454,14.19443176631674,8.217993079584772,-11.683727497352637,43.05317324185247,5.659516202647197,0.7164621755485149,0.14253359977383304,3.5357218328236684,6.754966887417213,0.8662032124693579,0.4666666666666667,3,-0.1994415636218605,12.170022371364642,-9.018181818181837,16.86127977580567,0.5927750410509025,4.5477313451907975,1.6758015645156887,74.89558938405062,59.59234828744491,1.1816238734118758,0.43181818181818327,0.38636363636363663,-0.32613126783530566,29.479854282020003,0.8256434156435117,0.5153521826831451,1.122518221548431,0.4823501011759897,0.7553726640142043,0.49043391231408895,0.47864631050724227,0.39855211898202636,0.9821790894161455,0.4800668808645508,4.26167743925,0.14456236447034376,1.951955006451045,0.004124836205036564,0.005136428677159799,2.791963754132265,0.011827291006247576,0.014778333302891022,3.331566324856583,-0.015329343746807389,0.022994797420806234,-5.400529142975852,-0.06344277121343977,-0.011397193529053329,0.6970315,0.96033495,1.222266,1.753530507588251,0.998709090909091,1.181942,0.41243722149962553,-0.4007790909090909,-0.38220314893617024,-0.5160677317073171,-0.042750500000000004,-1.4703659999999996,-7.532769000000002,4.0,93.0,-0.1556721180645093,0.645062774440297,-0.34676467695939905,18,6,999.0,0.2502,тейк,0,0.5776858000000006,3.6333333333333333,0,11.233681055155875,-0.5675884916067162
ARKM,1789994846,1,259100.00000000003,51800.0,5.0,0.17,4,3,4.082777777777777,50,4.3766891891891895,0,,0.22761760242790974,0.9938837920489219,2.961808261886212,4.097714736012592,5.258964143426281,6.360708534621562,9.083402146985954,13.196229648671798,14.86956521739129,21.97599261311174,16.490299823633148,24.154135338345874,30.01968503937007,11.819021237303783,0.8180745250576283,0.21459387113764877,2.384850704669539,5.849358974358965,0.6193137089518657,0.6666666666666666,1,-0.22658610271902857,9.875518672199156,-0.22658610271902857,23.342670401493915,0.9881422924901188,11.07665568660925,0.6530623263379222,80.06326391961858,81.31513890731055,1.0694693289414385,0.14285714285714662,0.11904761904761889,2.4124513618676957,5.493654497500001,7.918669962626276,0.5585989128409518,3.649847275165305,0.5223513963528453,2.557273606047338,0.4961176542066725,0.4987583392524767,2.4445454010896173,1.4378125563268533,0.4826432372322014,3.00431252621244,0.5468695797268673,2.423853375331708,0.008053391497098605,0.013810522722150553,8.363218282071937,0.021629868213106418,0.028984295929136872,11.648285532137947,0.00936762388758794,0.035383574013366115,25.530899063342073,-0.01628145724958252,-0.01567251795151836,1.65519878,2.50074294,3.040876,1.8371666513673963,1.1364234545454546,1.3041719999999999,1.2823703435835516,-0.041699,-0.04964482352941177,-0.05027360975609756,0.00125,0.030000000000000002,0.09000000000000001,8.0,192.0,0.5438211841408469,2.0939743597420346,6.1412519064961035,12,0,999.0,0.1321,тейк,0,0.5940000000000005,3.783333333333333,0,3.0973202119606302,-0.004
ONE,1790031130,1,99900.0,4700.0,21.5,0.0,4,1,7.752777777777778,94,1.0,741,0.5274551214361141,-0.23181619959147248,0.6320175946289863,1.0437248657569898,0.36944675348664635,0.7603152526657331,9.444318553767905,7.1220858593326275,3.3697177237164366,-1.1012013105205831,20.761216835671625,-8.14808553799342,141.86512352548405,518.4094465784607,12.732323933879709,0.7130466514123124,0.07542454624767071,3.0631102369142127,10.264291653019587,1.4348079090158266,0.4666666666666667,49,-1.0539254740388304,13.370322580645144,-16.887189292543038,57.807224541659096,0.643223591193698,6.920838361491133,3.358563261279995,61.45479455046244,56.33717338221957,0.9925569376034675,0.261187214611873,0.554337899543373,0.4686774941995431,360.9711111058192,0.3225779502569341,0.5239082328474756,0.49687453037919227,0.5050717411569304,0.4540349226762497,0.5029518740953727,0.5064263721716779,1.0523713379417032,0.9597074015363958,0.5240159524819945,14.42031906640788,0.03994867905698011,-0.12520335821885054,0.003917355019353641,0.002421589659301615,0.15950327213820614,0.004836134224687205,-0.004673360632253543,3.667594495876103,0.018221957789050336,0.0014124653951521626,2.4903173944667456,0.08330608301880638,-0.061534513355249176,1.14610473,1.14911194,0.903243,0.7880981348013458,1.0039187272727275,1.027617,0.5149607247531517,-0.240391,-0.21863399999999997,-0.41721754646840153,-0.022594,-1.036225,-9.957203,1.0,7.0,-0.4079642365570124,0.5893742643009459,6.5569200902344305,22,0,999.0,0.0043468,тейк,0,0.5912597000000005,0.35,0,7.406597957117889,3.3692506195546152
KERNEL,1790039476,1,278400.0,29500.0,9.4,0.0,6,2,20.911944444444444,252,2.695062923523717,266,3.1600454029511917,2.52228333017257,9.58848570849382,10.146699266503667,10.89230769230769,10.801393728222997,13.001672240802664,14.461147575693412,14.19518377693283,13.476070528967243,26.5449438202247,25.83798882681565,27.319830428638724,31.054545454545448,10.557116104868914,0.4443362526025893,0.2479574410295309,3.109703308945333,11.445658898742007,0.7941371262343023,0.4666666666666667,1,-0.11086474501109667,15.222482435597207,-0.11086474501109667,28.68364675077362,0.9950454170107346,12.370810125300258,1.9969280455509066,86.73800247981171,76.86457325210448,3.0976118088008042,0.7058823529411749,0.2843137254901947,-0.02053388090349495,23.36005529953,3.4955047594550375,0.5223960585727854,1.729026586107981,0.5145567522013911,0.7689265482227431,0.5098665490294535,0.4901418565332063,20.611934086659474,0.9824070784947294,0.5615810879749686,1.9326022344323202,0.08273106418849975,7.378556452769636,-0.03471038035634566,-0.023078899890912163,10.405261289773593,-0.0005529622782441956,-0.019046083055483276,19.94811935363925,-0.07126026126766716,0.03997437352265676,47.3348596424287,-0.32957805597330037,-0.33632797468895625,2.31128405,2.65333333,1.490172,0.6447377162491128,1.113046909090909,1.509409,1.3794285169434584,-0.9078372727272728,-0.5139306046511628,-0.5830449446808511,-0.029622999999999997,-1.288167,0.09000000000000001,4.0,168.0,-0.8360023885782608,-1.2724036181570253,5.248776253994869,1,1,999.0,0.05406,стоп,1,-2.021999999999998,0.15,1,20.802404735479097,-2.5224999999999973
MET,1790121016,1,86500.0,15600.0,5.5,0.01,8,2,11.234444444444444,136,2.2010178117048347,178,0.8781725888324873,0.05989817310572132,1.303820497271091,3.9191290824261316,2.7367773677736906,4.471544715447173,6.536989795918369,7.739438890680428,9.612860892388442,14.378637452927068,17.228070175438614,30.66093077825578,29.445951181712516,70.28542303771661,8.807017543859663,0.8326419827083237,0.18093151413828143,2.623202410769321,4.620777565328216,0.5943738776978194,0.6,7,-0.298418382572363,9.760890926957089,-0.298418382572363,24.154589371980673,0.9848484848484849,12.469128748591851,0.8379277785568566,82.24268305462012,87.50325284110083,1.2053689957711757,0.16216216216216267,0.23648648648648612,2.748610253242756,17.446382651600004,5.18403988657818,0.6072431261868221,3.077376576919009,0.5471177561670649,1.2961894780707504,0.527209957582009,0.5067983034803561,1.6131839538097432,1.1503530684958267,0.6321869721725722,6.20843257382817,0.3558578702421614,4.868971810606149,-0.022703654597328704,-0.05222275808080046,9.401305878002987,0.022660734500155266,-0.004027097123389223,16.554618676561805,0.006962677874063905,-0.022719460621479892,23.499039742377793,0.14219616290600734,-0.10023728600323867,1.63540445,2.0238342,1.387453,0.8483852419503934,1.207810181818182,1.7012015,2.1389946881674224,0.032673,0.013115400000000003,-0.03631175,0.00125,0.030000000000000002,0.09000000000000001,4.0,9.0,-0.07716058335721643,-0.2470731732744036,-0.3596048511944061,23,1,999.0,0.3341,стоп,1,-2.020499999999998,10.8,1,20.823127806046095,0.15252835501346954
KERNEL,1790128270,2,72000.0,7900.0,9.1,0.0,13,7,45.57694444444444,548,0.6969990319457889,266,0.8172531214528944,-0.3577817531305927,-1.1008522727272818,-1.2061014544164639,-4.8025978465219605,-4.688569472963722,-7.444333665669656,-7.505812022583869,-4.8025978465219605,-6.527940929686182,-14.082986271787757,32.30403800475059,30.201028517999063,45.773357759748755,-7.110905445010019,0.7119121453320167,0.09790322193995506,5.333933090694787,8.83495145631068,1.2196295056355315,0.6666666666666666,24,0.4146385433567712,13.358572201189855,-21.76966292134831,0.4146385433567712,0.014621741894469232,-11.231564665141768,1.5714850193149954,28.407662055161452,43.65609057833515,-0.19273458340124477,0.7176470588235316,0.22352941176470176,-0.08876264867744288,143.53690402749,0.3915596310587555,0.40607493887324486,0.6622686582273938,0.4442503313868259,0.7712099539910616,0.47958422779928744,0.4898027123264782,20.992750851515698,0.9072284461795767,0.5409804491333957,4.2316634124,0.0294813618913611,0.5637071018661954,0.0008704468216709227,0.11957226855197622,-9.056059477262423,-0.05227600543256805,0.11710595729587348,-6.026405804423618,-0.12582946630322267,0.08535737370539098,9.208898621232532,-0.10264081686234183,-0.06842478258780582,1.4259452,1.69890511,1.240888,0.8702213801764612,0.8300202727272726,0.7927825,0.8028985786336058,-2.5913069999999996,-2.8801575106382984,-2.0319851358885015,-0.3214385,-5.734972,-1.2281670000000002,4.0,128.0,-0.20841964444834327,0.07775770004327942,0.6819773958528064,1,2,999.0,0.0557,тейк,0,0.49138970000000054,12.366666666666667,0,7.630646319569112,0.22309922351885048
COTI,1790156496,1,174800.0,1.7,103149.0,0.0,8,1,9.331666666666667,113,0.7755102040816326,364,0.46926174496644296,0.29092204476637296,1.5083228171383967,2.2394383246580496,3.52393209536066,5.555208398425293,8.637211396231281,9.051000645577801,9.681189533147204,8.393223819301854,13.361519361116713,-7.845062738679753,-7.845062738679753,1.9740416540899641,3.952754848667883,0.6530186971591175,0.16845631280916445,2.610042674441093,6.047628317435594,0.7007497789577,0.5333333333333333,1,-0.07098911500235117,10.454783063251426,-0.07098911500235117,16.040392938105374,0.9948870899020034,9.220763615443172,0.8616437621112033,79.44829630876342,70.65903651888749,1.3629885775505988,0.35612535612535934,0.06267806267805667,1.2496171516079624,38.940455116476,2.191286887710369,0.46175380627398604,2.2285968723302783,0.46907948548308187,1.2211733700139509,0.4771094534475167,0.4899045029122255,0.7354629678448001,1.231282302693018,0.5614403719089507,9.950519566052,0.25553167101639396,1.2833542214187865,0.01140103992683561,0.003019314088016367,4.840463204734191,-0.009832246270534473,0.009723589640153074,9.512412709090935,-0.014545824826629028,-0.0026819487556455357,14.133588891565218,-0.011006564978480182,0.05407298588342879,0.73579545,1.03959484,1.51683,2.061483255978275,0.9267319090909093,0.8158125,1.050979121710545,-0.5158999090909092,-0.4902275319148936,-0.7193243135888502,-0.058734749999999995,-1.98928,-0.5517380000000001,4.0,138.0,-0.3069910120369834,-1.002634567602323,0.004542383936256833,9,2,999.0,0.016892,тейк,0,0.5660804000000005,10.55,0,5.736443286762949,0.25006368965190773
ACE,1790169723,1,17700.0,1600.0,11.1,0.0,8,6,13.93138888888889,168,1.0,286,0.41745283018867924,0.2410627275991173,0.8826717596654987,2.28711990370023,3.2053651581559928,7.1667489170367915,8.72878998609179,8.319015684753083,7.662645292789083,11.820574436434384,13.108397476705825,14.172216380418279,17.827214083318268,29.46475887652358,4.421552173158183,0.4890400306044112,0.20821044813182757,2.426369566500308,6.8441480347674055,0.827486377599373,0.7333333333333333,1,-0.12264922322158256,9.007854715614716,-0.12264922322158256,20.478362717297504,0.9928272564255831,10.255832787559571,0.5906872090562524,80.4415642658069,81.80900822603637,1.4373286816896609,0.08009708737864034,0.2208737864077664,1.5164279696714411,15.599562652424,6.306858535498659,0.46427407329809145,4.319612666976588,0.4755722050576175,1.697872129112553,0.4573744226395523,0.4723947636691927,0.9821703396579533,1.0860974105157128,0.6202806469334509,8.781157385032579,0.5629104854210822,2.3502938430698395,0.022524756877351892,-0.0068410266524039365,10.212641493450958,0.030730315905124872,-0.02421015163530016,11.636660379017073,0.03560463888426413,-0.002394984582522186,4.638635212670339,0.03702234316907416,0.06616656330148762,0.8647289,1.25138427,1.853183,2.1430797559790125,1.0029898181818182,0.896312,1.3988025530886423,0.0420056,0.05111425,0.054038496815286635,0.00125,0.030000000000000002,-0.29023699999999997,4.0,157.0,-0.12559578990739562,-0.6921538823233653,-0.8017196980530272,13,2,999.0,0.19544,тейк,0,0.5929999999999994,0.85,0,9.568153909128107,0.07432051326238326
XAI,1790284568,1,331700.0,44300.0,7.5,-0.17,8,2,4.251666666666667,52,1.0546899841017487,244,59.232142857142854,-0.018066847335140857,1.1053256599981687,1.6812126779972347,2.9007065823726252,3.6329588014981207,-2.5875726104559127,18.985164480756822,26.78121420389461,40.03036437246963,41.04753408946094,33.84931672511791,39.0976498680407,56.173275010582735,18.542118006881616,0.0020999180742490805,0.10393371395097435,18.187128575782463,27.16763005780347,1.4704519119351096,0.4666666666666667,184,-10.030889286294919,33.70285838495815,-10.030889286294919,41.98845413726748,0.7262036831595295,-0.16702188189381406,2.2659762011904077,63.57445181362042,74.10574305573593,0.5841965350547579,0.1995073891625645,0.10837438423645046,2.60088855979268,103.454845036326,3.1133093214828738,0.523313880620725,2.329004972841828,0.5270489328809893,5.496214397663313,0.5026073978166274,0.5020165397501078,58.89075129772317,0.9622249286133218,0.5060999637736368,5.621669068911,0.05433935034107942,3.6123483268278633,0.0214922408166196,-0.022915882936822785,10.152152884304977,0.10190872796665995,-0.049739010333060385,139.01779953251304,-0.39249400804961465,-0.3350223456535609,280.8023379749642,-0.5370500511917173,-0.5950314043821802,1.3998227,1.47376917,1.293462,0.9240184489078508,1.1274305454545455,0.937325,7.3224437783207055,-0.6753358181818181,-0.4338212222222222,-0.30509116417910453,-0.0261335,-0.07953400000000001,0.09000000000000001,4.0,163.0,0.0854992144759592,-0.18191098915283366,-0.05336286869295215,21,3,999.0,0.011068,тейк,0,0.5930000000000005,0.26666666666666666,0,3.3700758944705367,1.6569003953740522
MOVR,1790349023,1,197700.0,64099.99999999999,3.1,-0.08,7,1,9.078888888888889,110,1.1705150976909413,19,0.9463858305409286,1.0301759504056873,2.166497649119581,4.586636466591165,6.865959498553531,11.849010900282607,9.831516352824599,9.021151008362027,12.359322721281574,23.65543405489847,22.547827048545855,25.888901510848594,24.23766816143498,36.98393077873918,12.407386929116448,0.2913173928114203,0.14487783177987368,2.599065849268519,12.110481586402289,1.3868542508832828,0.4666666666666667,1,-0.05411255411255089,13.874910136592389,-0.05411255411255089,24.62887989203779,0.9972677595628419,11.648832551864485,0.998419982884324,76.78814083513743,77.39557440651684,1.8669788525411755,0.028571428571431207,0.054545454545454335,3.4086519891850076,17.397271353494,12.451812319100798,0.5031742416907439,6.18477098413059,0.5141641046745854,2.1998515041688833,0.4974234499734322,0.47966373696246656,3.553173200634217,1.01521920129165,0.5635664594302554,4.0688592023410095,0.23387915953405164,10.998913055409831,0.029004088363424607,-0.04460391940380892,31.86526433279124,0.033001673836073886,-0.2324260134294951,22.41447151071845,0.02907107511774054,-0.2074942408121535,50.40740205164631,-0.08101278987600258,-0.599591039275711,1.45479888,1.80277575,1.851849,1.2729244058807634,1.368196090909091,0.9196599999999999,2.484657610757394,-0.20109200000000002,-0.14140475,0.02615458536585366,0.00125,0.030000000000000002,0.09000000000000001,4.0,49.0,0.10216014466926104,-0.8322084878888636,0.4128985044536293,15,4,999.0,1.1082,тейк,0,0.5929999999999994,0.2833333333333333,0,2.282981411297591,0.5897556397762145
RARE,1790385399,2,56900.0,49.5,1149.5,0.0,8,3,9.76,118,1.0,0,,0.1345895020188559,-0.0671591672263272,-0.4682274247491569,-0.9320905459387463,-2.3622047244094446,-5.463786531130877,-6.0012634238787115,-10.361445783132528,8.931185944363108,13.328255902513341,18.0952380952381,8.533916849015322,18.0952380952381,20.56359482102057,0.6783221079071207,0.14024357812271077,3.974882240872457,6.4094586185438835,0.8091941505911656,0.5333333333333333,4,0.4048582995951566,11.875843454790825,-18.59956236323851,15.97817614964927,0.3761467889908258,-8.465743317924046,2.4975173634497336,38.029754575091175,53.465431915240735,0.017133895327293303,0.4800000000000008,0.039999999999998335,-0.8026755852842848,62.788002581129994,0.40959913068311454,0.5262011080700225,0.5124489931315305,0.421658161335827,0.8203295462642989,0.4756900532120335,0.4926749175339554,55.691155614989476,0.8951481021846666,0.5095815879604872,2.72143528102608,0.043343237070006216,-1.5344107655164474,0.012519055490529896,0.009072343561360219,-6.38308229315988,-0.03382151349851803,0.004905850033424697,-15.485958443896642,-0.003488659943920669,-0.03859810300607902,56.51363240359451,-0.34063488263592967,-0.6043108712083805,2.23936696,2.46862266,1.029722,0.45982727190009093,0.8965370000000003,0.8269719999999999,2.58044970701983,-0.6562855454545454,-0.8883941276595746,-0.8873776722689077,-0.1121305,-0.8983079999999999,0.09000000000000001,4.0,163.0,-0.15850859123703875,0.2969455492237483,-0.897590361445777,1,5,999.0,0.01488,стоп,1,-2.048146199999998,5.15,1,22.26478494623656,-2.5486461999999994
RESOLV,1790408202,1,4800.0,520.6,9.2,0.0,6,5,7.518611111111111,91,1.0,0,,0.7228915662650381,0.48076923076922906,3.7735849056603543,2.9556650246305383,6.0375443937087825,8.51505711318794,9.081419624217112,9.366823652537937,7.843137254901955,15.214994487320821,15.533443891652855,10.993096123207646,22.29373902867171,5.622932745314224,0.6381366543185013,0.18722258000090816,2.9465302675756977,6.510681586978628,0.7124545850893764,0.5333333333333333,3,-2.0159399906235387,11.61695447409734,-2.0159399906235387,15.533443891652855,0.867283950617284,6.441978121037595,0.7552548402402717,77.61706626255655,79.26121220272056,1.2009273813000838,0.08256880733944931,0.16513761467889862,4.045387271830303,4.19917821634,16.125638432669298,0.5120191281573895,8.171710061076775,0.524498004863404,2.672999531180455,0.5411027910656517,0.5219623157386214,2.7277806014686337,1.2132555165920167,0.5734706281694485,2.63078684917272,0.626500404039939,3.7468508695938985,0.019739794913213204,-0.022177321119173254,13.90011625424059,0.01576804378129326,-0.02318447610531571,18.679889240504455,0.0032521673744558832,-0.02318015370382087,24.216800289586836,-0.03112043863045444,-0.09337278600024268,3.99122037,5.47877759,2.869758,0.7190176772925219,1.1840964545454546,0.954464,2.0569349301612965,0.01517625,0.032310846153846155,0.045169915492957756,0.00125,0.030000000000000002,0.09000000000000001,4.0,23.0,0.09153950859495108,-0.015478401676427556,-0.03571215999047528,7,5,999.0,0.0209,тейк,0,0.5950000000000005,13.183333333333334,0,4.111291866028721,1.125186602870812
RARE,1790473536,2,87400.0,316.4,276.2,0.0,5,0,34.2425,412,1.5360281195079086,0,,0.6012024048096309,0.5508262393590257,0.8538422903063836,0.1996007984031989,-10.516934046345817,-5.550329256820319,-6.474149976711685,-9.833857207004948,-13.634408602150538,36.3204344874406,54.10590943975442,58.98653998416468,57.613814756671914,45.75695858791582,0.4305887659732823,0.06816685009514219,10.495434180983754,10.36339165545087,1.5691050745929163,0.5333333333333333,55,7.207688200747464,21.676454885210905,-19.38980329185066,36.78474114441417,0.5278592375366569,-8.535025877986413,3.1854895721572705,38.41767368977572,49.43545506237969,0.10012095920259481,0.500000000000004,0.4090909090909087,0.20080321285140812,436.6246926329401,0.27715045584810943,0.544347686253569,0.8986421758700109,0.4594220822675371,0.5677054191427094,0.4905710973530465,0.5019867823451049,43.68128596542959,0.9030903686698357,0.5231180927676568,6.99916643451846,0.01603016630212092,0.2062770983286999,0.01221229191219475,0.002199529120245458,-24.20277319829759,0.018011602358508627,0.012630849339897221,-19.703660876132332,0.1286144348977094,-0.008648374318031116,160.91868840310255,-0.5578674208954988,-0.03154331421478218,0.9634925,1.08242688,1.054813,1.09478070664795,1.0078117272727274,1.2088125,3.0434359641047597,-0.7007460909090908,-0.6131099787234042,-1.0116947157894736,-0.0756175,-2.966499,-0.8383079999999999,4.0,134.0,0.08398207907838184,0.2897872001540458,0.43555064600528937,1,6,999.0,0.02008,тейк,0,0.5650648000000016,2.683333333333333,0,18.874501992031867,1.0896494844621514
